2026.03.22 17:49:54 INFO  Started: Metals version 1.6.6 in folders 'C:\Users\Dayana\OneDrive\Escritorio\POO' for client Visual Studio Code 1.112.0.
2026.03.22 17:49:54 INFO  Memory monitor started
2026.03.22 17:49:56 WARN  Using H2 2.4.240 which is newer than the version Flyway has been verified with. The latest verified version of H2 is 2.3.232.
2026.03.22 17:49:57 INFO  no build target found for C:\Users\Dayana\OneDrive\Escritorio\POO\Semana11\Ejercicio\Fase01\MainCliente.java. Using fallback presentation compiler.
2026.03.22 17:49:58 WARN  no build tool detected in workspace 'C:\Users\Dayana\OneDrive\Escritorio\POO'. The most common cause for this problem is that the editor was opened in the wrong working directory, for example if you use sbt then the workspace directory should contain build.sbt. 
2026.03.22 17:49:58 WARN  Build server is not auto-connectable.
2026.03.22 17:49:58 WARN  no build target for: C:\Users\Dayana\OneDrive\Escritorio\POO\Semana11\Ejercicio\Fase01\MainCliente.java
2026.03.22 17:49:58 WARN  no build target for: C:\Users\Dayana\OneDrive\Escritorio\POO\Semana11\Ejercicio\Fase03\GestionEstudiantes.java
2026.03.22 17:49:59 INFO  no build target found for C:\Users\Dayana\OneDrive\Escritorio\POO\Semana11\Ejercicio\Fase01\MainCliente.java. Using fallback presentation compiler.
2026.03.22 17:50:04 INFO  time: code lens generation in 6.2s
2026.03.22 17:50:14 INFO  no build target found for C:\Users\Dayana\OneDrive\Escritorio\POO\Semana11\Ejercicio\Fase01\MainCliente.java. Using fallback presentation compiler.
2026.03.22 17:50:24 INFO  no build target found for C:\Users\Dayana\OneDrive\Escritorio\POO\Semana11\Ejercicio\Fase01\MainCliente.java. Using fallback presentation compiler.
2026.03.22 17:50:30 INFO  no build target found for C:\Users\Dayana\OneDrive\Escritorio\POO\Semana11\Ejercicio\Fase01\MainCliente.java. Using fallback presentation compiler.
mar. 22, 2026 5:50:30 P. M. org.eclipse.lsp4j.jsonrpc.services.GenericEndpoint notify
INFORMACIÓN: Unsupported notification method: $/setTrace
mar. 22, 2026 5:50:33 P. M. org.eclipse.lsp4j.jsonrpc.services.GenericEndpoint notify
INFORMACIÓN: Unsupported notification method: $/setTrace
2026.03.22 17:50:33 WARN  no build target for: C:\Users\Dayana\OneDrive\Escritorio\POO\Semana11\Ejercicio\Fase01\Cliente.java
2026.03.22 17:50:33 INFO  no build target found for C:\Users\Dayana\OneDrive\Escritorio\POO\Semana11\Ejercicio\Fase01\Cliente.java. Using fallback presentation compiler.
2026.03.22 17:50:34 INFO  no build target found for C:\Users\Dayana\OneDrive\Escritorio\POO\Semana11\Ejercicio\Fase01\Cliente.java. Using fallback presentation compiler.
mar. 22, 2026 5:50:34 P. M. org.eclipse.lsp4j.jsonrpc.RemoteEndpoint handleCancellation
ADVERTENCIA: Unmatched cancel notification for request id 19
2026.03.22 17:50:33 INFO  no build target found for C:\Users\Dayana\OneDrive\Escritorio\POO\Semana11\Ejercicio\Fase01\Cliente.java. Using fallback presentation compiler.
2026.03.22 17:50:33 INFO  no build target found for C:\Users\Dayana\OneDrive\Escritorio\POO\Semana11\Ejercicio\Fase01\Cliente.java. Using fallback presentation compiler.
mar. 22, 2026 5:50:34 P. M. org.eclipse.lsp4j.jsonrpc.RemoteEndpoint handleCancellation
ADVERTENCIA: Unmatched cancel notification for request id 23
2026.03.22 17:50:33 INFO  no build target found for C:\Users\Dayana\OneDrive\Escritorio\POO\Semana11\Ejercicio\Fase01\MainCliente.java. Using fallback presentation compiler.
2026.03.22 17:50:34 WARN  no build target for: C:\Users\Dayana\OneDrive\Escritorio\POO\Semana11\Ejercicio\Fase01\MainCliente.java
mar. 22, 2026 5:50:34 P. M. org.eclipse.lsp4j.jsonrpc.RemoteEndpoint handleCancellation
ADVERTENCIA: Unmatched cancel notification for request id 25
mar. 22, 2026 5:50:35 P. M. org.eclipse.lsp4j.jsonrpc.RemoteEndpoint handleCancellation
ADVERTENCIA: Unmatched cancel notification for request id 27
mar. 22, 2026 5:50:35 P. M. org.eclipse.lsp4j.jsonrpc.RemoteEndpoint handleCancellation
ADVERTENCIA: Unmatched cancel notification for request id 26
2026.03.22 17:50:35 INFO  no build target found for C:\Users\Dayana\OneDrive\Escritorio\POO\Semana11\Ejercicio\Fase02\Estudiante.java. Using fallback presentation compiler.
2026.03.22 17:50:35 WARN  no build target for: C:\Users\Dayana\OneDrive\Escritorio\POO\Semana11\Ejercicio\Fase02\Estudiante.java
2026.03.22 17:50:35 INFO  no build target found for C:\Users\Dayana\OneDrive\Escritorio\POO\Semana11\Ejercicio\Fase02\Estudiante.java. Using fallback presentation compiler.
mar. 22, 2026 5:50:35 P. M. org.eclipse.lsp4j.jsonrpc.RemoteEndpoint handleCancellation
ADVERTENCIA: Unmatched cancel notification for request id 28
mar. 22, 2026 5:50:35 P. M. org.eclipse.lsp4j.jsonrpc.RemoteEndpoint handleCancellation
ADVERTENCIA: Unmatched cancel notification for request id 29
2026.03.22 17:50:35 INFO  no build target found for C:\Users\Dayana\OneDrive\Escritorio\POO\Semana11\Ejercicio\Fase02\Estudiante.java. Using fallback presentation compiler.
mar. 22, 2026 5:50:35 P. M. org.eclipse.lsp4j.jsonrpc.RemoteEndpoint handleCancellation
ADVERTENCIA: Unmatched cancel notification for request id 32
2026.03.22 17:50:35 INFO  no build target found for C:\Users\Dayana\OneDrive\Escritorio\POO\Semana11\Ejercicio\Fase02\Estudiante.java. Using fallback presentation compiler.
2026.03.22 17:50:35 INFO  no build target found for C:\Users\Dayana\OneDrive\Escritorio\POO\Semana11\Ejercicio\Fase02\GestionEstudiantes.java. Using fallback presentation compiler.
2026.03.22 17:50:35 WARN  no build target for: C:\Users\Dayana\OneDrive\Escritorio\POO\Semana11\Ejercicio\Fase02\GestionEstudiantes.java
2026.03.22 17:50:36 INFO  no build target found for C:\Users\Dayana\OneDrive\Escritorio\POO\Semana11\Ejercicio\Fase02\GestionEstudiantes.java. Using fallback presentation compiler.
2026.03.22 17:50:36 INFO  no build target found for C:\Users\Dayana\OneDrive\Escritorio\POO\Semana11\Ejercicio\Fase02\GestionEstudiantes.java. Using fallback presentation compiler.
2026.03.22 17:50:36 INFO  no build target found for C:\Users\Dayana\OneDrive\Escritorio\POO\Semana11\Ejercicio\Fase02\GestionEstudiantes.java. Using fallback presentation compiler.
2026.03.22 17:50:36 INFO  no build target found for C:\Users\Dayana\OneDrive\Escritorio\POO\Semana11\Ejercicio\Fase02\GestionEstudiantes.java. Using fallback presentation compiler.
2026.03.22 17:50:37 WARN  no build target for: C:\Users\Dayana\OneDrive\Escritorio\POO\Semana11\Ejercicio\Fase03\Estudiante.java
2026.03.22 17:50:37 INFO  no build target found for C:\Users\Dayana\OneDrive\Escritorio\POO\Semana11\Ejercicio\Fase03\Estudiante.java. Using fallback presentation compiler.
2026.03.22 17:50:37 INFO  no build target found for C:\Users\Dayana\OneDrive\Escritorio\POO\Semana11\Ejercicio\Fase03\Estudiante.java. Using fallback presentation compiler.
mar. 22, 2026 5:50:37 P. M. org.eclipse.lsp4j.jsonrpc.RemoteEndpoint handleCancellation
ADVERTENCIA: Unmatched cancel notification for request id 43
2026.03.22 17:50:37 INFO  no build target found for C:\Users\Dayana\OneDrive\Escritorio\POO\Semana11\Ejercicio\Fase03\Estudiante.java. Using fallback presentation compiler.
2026.03.22 17:50:37 INFO  no build target found for C:\Users\Dayana\OneDrive\Escritorio\POO\Semana11\Ejercicio\Fase03\Estudiante.java. Using fallback presentation compiler.
2026.03.22 17:50:37 INFO  no build target found for C:\Users\Dayana\OneDrive\Escritorio\POO\Semana11\Ejercicio\Fase03\Estudiante.java. Using fallback presentation compiler.
2026.03.22 17:50:37 INFO  no build target found for C:\Users\Dayana\OneDrive\Escritorio\POO\Semana11\Ejercicio\Fase03\GestionEstudiantes.java. Using fallback presentation compiler.
2026.03.22 17:50:38 WARN  no build target for: C:\Users\Dayana\OneDrive\Escritorio\POO\Semana11\Ejercicio\Fase03\GestionEstudiantes.java
mar. 22, 2026 5:50:38 P. M. org.eclipse.lsp4j.jsonrpc.RemoteEndpoint handleCancellation
ADVERTENCIA: Unmatched cancel notification for request id 51
2026.03.22 17:50:38 INFO  no build target found for C:\Users\Dayana\OneDrive\Escritorio\POO\Semana11\Ejercicio\Fase03\GestionEstudiantes.java. Using fallback presentation compiler.
2026.03.22 17:50:38 INFO  no build target found for C:\Users\Dayana\OneDrive\Escritorio\POO\Semana11\Ejercicio\Fase03\GestionEstudiantes.java. Using fallback presentation compiler.
2026.03.22 17:50:38 INFO  no build target found for C:\Users\Dayana\OneDrive\Escritorio\POO\Semana11\Ejercicio\Fase03\GestionEstudiantes.java. Using fallback presentation compiler.
2026.03.22 17:50:42 INFO  no build target found for C:\Users\Dayana\OneDrive\Escritorio\POO\Semana11\Ejercicio\Fase03\Estudiante.java. Using fallback presentation compiler.
2026.03.22 17:50:42 WARN  no build target for: C:\Users\Dayana\OneDrive\Escritorio\POO\Semana11\Ejercicio\Fase03\Estudiante.java
2026.03.22 17:50:42 INFO  no build target found for C:\Users\Dayana\OneDrive\Escritorio\POO\Semana11\Ejercicio\Fase03\Estudiante.java. Using fallback presentation compiler.
2026.03.22 17:50:42 INFO  no build target found for C:\Users\Dayana\OneDrive\Escritorio\POO\Semana11\Ejercicio\Fase03\Estudiante.java. Using fallback presentation compiler.
2026.03.22 17:50:42 INFO  no build target found for C:\Users\Dayana\OneDrive\Escritorio\POO\Semana11\Ejercicio\Fase03\Estudiante.java. Using fallback presentation compiler.
2026.03.22 17:50:44 INFO  no build target found for C:\Users\Dayana\OneDrive\Escritorio\POO\Semana11\Ejercicio\Fase03\Estudiante.java. Using fallback presentation compiler.
2026.03.22 17:50:48 INFO  no build target found for C:\Users\Dayana\OneDrive\Escritorio\POO\Semana11\Ejercicio\Fase03\GestionEstudiantes.java. Using fallback presentation compiler.
2026.03.22 17:50:48 WARN  no build target for: C:\Users\Dayana\OneDrive\Escritorio\POO\Semana11\Ejercicio\Fase03\GestionEstudiantes.java
2026.03.22 17:50:48 INFO  no build target found for C:\Users\Dayana\OneDrive\Escritorio\POO\Semana11\Ejercicio\Fase03\GestionEstudiantes.java. Using fallback presentation compiler.
2026.03.22 17:50:48 INFO  no build target found for C:\Users\Dayana\OneDrive\Escritorio\POO\Semana11\Ejercicio\Fase03\GestionEstudiantes.java. Using fallback presentation compiler.
mar. 22, 2026 5:50:49 P. M. org.eclipse.lsp4j.jsonrpc.RemoteEndpoint handleCancellation
ADVERTENCIA: Unmatched cancel notification for request id 71
2026.03.22 17:50:49 INFO  no build target found for C:\Users\Dayana\OneDrive\Escritorio\POO\Semana11\Ejercicio\Fase03\GestionEstudiantes.java. Using fallback presentation compiler.
2026.03.22 17:50:48 INFO  no build target found for C:\Users\Dayana\OneDrive\Escritorio\POO\Semana11\Ejercicio\Fase03\GestionEstudiantes.java. Using fallback presentation compiler.
2026.03.22 17:50:51 INFO  no build target found for C:\Users\Dayana\OneDrive\Escritorio\POO\Semana11\Ejercicio\Fase03\Estudiante.java. Using fallback presentation compiler.
2026.03.22 17:50:52 WARN  no build target for: C:\Users\Dayana\OneDrive\Escritorio\POO\Semana11\Ejercicio\Fase03\Estudiante.java
2026.03.22 17:50:51 INFO  no build target found for C:\Users\Dayana\OneDrive\Escritorio\POO\Semana11\Ejercicio\Fase03\Estudiante.java. Using fallback presentation compiler.
2026.03.22 17:50:52 INFO  no build target found for C:\Users\Dayana\OneDrive\Escritorio\POO\Semana11\Ejercicio\Fase03\Estudiante.java. Using fallback presentation compiler.
2026.03.22 17:50:51 INFO  no build target found for C:\Users\Dayana\OneDrive\Escritorio\POO\Semana11\Ejercicio\Fase03\Estudiante.java. Using fallback presentation compiler.
2026.03.22 17:50:51 INFO  no build target found for C:\Users\Dayana\OneDrive\Escritorio\POO\Semana11\Ejercicio\Fase03\Estudiante.java. Using fallback presentation compiler.
2026.03.22 17:50:51 INFO  no build target found for C:\Users\Dayana\OneDrive\Escritorio\POO\Semana11\Ejercicio\Fase03\Estudiante.java. Using fallback presentation compiler.
2026.03.22 17:50:53 INFO  no build target found for C:\Users\Dayana\OneDrive\Escritorio\POO\Semana11\Ejercicio\Fase03\Estudiante.java. Using fallback presentation compiler.
2026.03.22 17:50:55 INFO  no build target found for C:\Users\Dayana\OneDrive\Escritorio\POO\Semana11\Ejercicio\Fase03\Estudiante.java. Using fallback presentation compiler.
mar. 22, 2026 5:50:55 P. M. org.eclipse.lsp4j.jsonrpc.RemoteEndpoint handleCancellation
ADVERTENCIA: Unmatched cancel notification for request id 90
2026.03.22 17:50:57 INFO  no build target found for C:\Users\Dayana\OneDrive\Escritorio\POO\Semana11\Ejercicio\Fase03\GestionEstudiantes.java. Using fallback presentation compiler.
2026.03.22 17:50:57 WARN  no build target for: C:\Users\Dayana\OneDrive\Escritorio\POO\Semana11\Ejercicio\Fase03\GestionEstudiantes.java
2026.03.22 17:50:57 INFO  no build target found for C:\Users\Dayana\OneDrive\Escritorio\POO\Semana11\Ejercicio\Fase03\GestionEstudiantes.java. Using fallback presentation compiler.
2026.03.22 17:50:57 INFO  no build target found for C:\Users\Dayana\OneDrive\Escritorio\POO\Semana11\Ejercicio\Fase03\GestionEstudiantes.java. Using fallback presentation compiler.
2026.03.22 17:50:57 INFO  no build target found for C:\Users\Dayana\OneDrive\Escritorio\POO\Semana11\Ejercicio\Fase03\GestionEstudiantes.java. Using fallback presentation compiler.
2026.03.22 17:50:58 INFO  no build target found for C:\Users\Dayana\OneDrive\Escritorio\POO\Semana11\Ejercicio\Fase03\GestionEstudiantes.java. Using fallback presentation compiler.
2026.03.22 17:50:58 INFO  no build target found for C:\Users\Dayana\OneDrive\Escritorio\POO\Semana11\Ejercicio\Fase03\GestionEstudiantes.java. Using fallback presentation compiler.
2026.03.22 17:50:59 INFO  no build target found for C:\Users\Dayana\OneDrive\Escritorio\POO\Semana11\Ejercicio\Fase03\GestionEstudiantes.java. Using fallback presentation compiler.
mar. 22, 2026 5:50:59 P. M. org.eclipse.lsp4j.jsonrpc.RemoteEndpoint handleCancellation
ADVERTENCIA: Unmatched cancel notification for request id 102
2026.03.22 17:50:59 INFO  no build target found for C:\Users\Dayana\OneDrive\Escritorio\POO\Semana11\Ejercicio\Fase03\GestionEstudiantes.java. Using fallback presentation compiler.
2026.03.22 17:50:59 INFO  no build target found for C:\Users\Dayana\OneDrive\Escritorio\POO\Semana11\Ejercicio\Fase03\GestionEstudiantes.java. Using fallback presentation compiler.
2026.03.22 17:52:35 INFO  no build target found for C:\Users\Dayana\OneDrive\Escritorio\POO\Semana11\Ejercicio\Fase03\GestionEstudiantes.java. Using fallback presentation compiler.
2026.03.22 17:52:35 INFO  no build target found for C:\Users\Dayana\OneDrive\Escritorio\POO\Semana11\Ejercicio\Fase03\GestionEstudiantes.java. Using fallback presentation compiler.
2026.03.22 17:52:37 INFO  no build target found for C:\Users\Dayana\OneDrive\Escritorio\POO\Semana11\Ejercicio\Fase03\Estudiante.java. Using fallback presentation compiler.
2026.03.22 17:52:37 WARN  no build target for: C:\Users\Dayana\OneDrive\Escritorio\POO\Semana11\Ejercicio\Fase03\Estudiante.java
2026.03.22 17:52:37 INFO  no build target found for C:\Users\Dayana\OneDrive\Escritorio\POO\Semana11\Ejercicio\Fase03\Estudiante.java. Using fallback presentation compiler.
2026.03.22 17:52:37 INFO  no build target found for C:\Users\Dayana\OneDrive\Escritorio\POO\Semana11\Ejercicio\Fase03\Estudiante.java. Using fallback presentation compiler.
2026.03.22 17:52:37 INFO  no build target found for C:\Users\Dayana\OneDrive\Escritorio\POO\Semana11\Ejercicio\Fase03\Estudiante.java. Using fallback presentation compiler.
2026.03.22 17:52:37 INFO  no build target found for C:\Users\Dayana\OneDrive\Escritorio\POO\Semana11\Ejercicio\Fase03\GestionEstudiantes.java. Using fallback presentation compiler.
2026.03.22 17:52:38 WARN  no build target for: C:\Users\Dayana\OneDrive\Escritorio\POO\Semana11\Ejercicio\Fase03\GestionEstudiantes.java
2026.03.22 17:52:37 INFO  no build target found for C:\Users\Dayana\OneDrive\Escritorio\POO\Semana11\Ejercicio\Fase03\GestionEstudiantes.java. Using fallback presentation compiler.
2026.03.22 17:52:38 INFO  no build target found for C:\Users\Dayana\OneDrive\Escritorio\POO\Semana11\Ejercicio\Fase03\GestionEstudiantes.java. Using fallback presentation compiler.
2026.03.22 17:52:38 INFO  no build target found for C:\Users\Dayana\OneDrive\Escritorio\POO\Semana11\Ejercicio\Fase03\GestionEstudiantes.java. Using fallback presentation compiler.
2026.03.22 17:52:39 INFO  no build target found for C:\Users\Dayana\OneDrive\Escritorio\POO\Semana11\Ejercicio\Fase03\GestionEstudiantes.java. Using fallback presentation compiler.
2026.03.22 17:52:39 INFO  no build target found for C:\Users\Dayana\OneDrive\Escritorio\POO\Semana11\Ejercicio\Fase03\GestionEstudiantes.java. Using fallback presentation compiler.
2026.03.22 17:52:42 INFO  no build target found for C:\Users\Dayana\OneDrive\Escritorio\POO\Semana11\Ejercicio\Fase03\GestionEstudiantes.java. Using fallback presentation compiler.
2026.03.22 17:52:42 INFO  no build target found for C:\Users\Dayana\OneDrive\Escritorio\POO\Semana11\Ejercicio\Fase03\GestionEstudiantes.java. Using fallback presentation compiler.
2026.03.22 17:52:42 INFO  no build target found for C:\Users\Dayana\OneDrive\Escritorio\POO\Semana11\Ejercicio\Fase03\GestionEstudiantes.java. Using fallback presentation compiler.
2026.03.22 17:52:43 INFO  no build target found for C:\Users\Dayana\OneDrive\Escritorio\POO\Semana11\Ejercicio\Fase03\GestionEstudiantes.java. Using fallback presentation compiler.
2026.03.22 17:52:44 INFO  no build target found for C:\Users\Dayana\OneDrive\Escritorio\POO\Semana11\Ejercicio\Fase03\GestionEstudiantes.java. Using fallback presentation compiler.
2026.03.22 17:52:44 INFO  no build target found for C:\Users\Dayana\OneDrive\Escritorio\POO\Semana11\Ejercicio\Fase03\GestionEstudiantes.java. Using fallback presentation compiler.
2026.03.22 17:52:44 INFO  no build target found for C:\Users\Dayana\OneDrive\Escritorio\POO\Semana11\Ejercicio\Fase03\GestionEstudiantes.java. Using fallback presentation compiler.
2026.03.22 17:52:44 INFO  no build target found for C:\Users\Dayana\OneDrive\Escritorio\POO\Semana11\Ejercicio\Fase03\GestionEstudiantes.java. Using fallback presentation compiler.
2026.03.22 17:52:45 INFO  no build target found for C:\Users\Dayana\OneDrive\Escritorio\POO\Semana11\Ejercicio\Fase03\GestionEstudiantes.java. Using fallback presentation compiler.
2026.03.22 17:52:45 INFO  no build target found for C:\Users\Dayana\OneDrive\Escritorio\POO\Semana11\Ejercicio\Fase03\GestionEstudiantes.java. Using fallback presentation compiler.
2026.03.22 17:52:45 INFO  no build target found for C:\Users\Dayana\OneDrive\Escritorio\POO\Semana11\Ejercicio\Fase03\GestionEstudiantes.java. Using fallback presentation compiler.
2026.03.22 17:52:45 INFO  no build target found for C:\Users\Dayana\OneDrive\Escritorio\POO\Semana11\Ejercicio\Fase03\GestionEstudiantes.java. Using fallback presentation compiler.
mar. 22, 2026 5:52:46 P. M. org.eclipse.lsp4j.jsonrpc.RemoteEndpoint handleCancellation
ADVERTENCIA: Unmatched cancel notification for request id 135
2026.03.22 17:52:45 INFO  no build target found for C:\Users\Dayana\OneDrive\Escritorio\POO\Semana11\Ejercicio\Fase03\GestionEstudiantes.java. Using fallback presentation compiler.
2026.03.22 17:52:46 INFO  no build target found for C:\Users\Dayana\OneDrive\Escritorio\POO\Semana11\Ejercicio\Fase03\GestionEstudiantes.java. Using fallback presentation compiler.
2026.03.22 17:52:47 INFO  no build target found for C:\Users\Dayana\OneDrive\Escritorio\POO\Semana11\Ejercicio\Fase03\Estudiante.java. Using fallback presentation compiler.
2026.03.22 17:52:47 WARN  no build target for: C:\Users\Dayana\OneDrive\Escritorio\POO\Semana11\Ejercicio\Fase03\Estudiante.java
2026.03.22 17:52:47 INFO  no build target found for C:\Users\Dayana\OneDrive\Escritorio\POO\Semana11\Ejercicio\Fase03\Estudiante.java. Using fallback presentation compiler.
2026.03.22 17:52:48 INFO  no build target found for C:\Users\Dayana\OneDrive\Escritorio\POO\Semana11\Ejercicio\Fase03\Estudiante.java. Using fallback presentation compiler.
2026.03.22 17:52:47 INFO  no build target found for C:\Users\Dayana\OneDrive\Escritorio\POO\Semana11\Ejercicio\Fase03\Estudiante.java. Using fallback presentation compiler.
2026.03.22 17:52:49 INFO  no build target found for C:\Users\Dayana\OneDrive\Escritorio\POO\Semana11\Ejercicio\Fase03\Estudiante.java. Using fallback presentation compiler.
2026.03.22 17:52:49 INFO  no build target found for C:\Users\Dayana\OneDrive\Escritorio\POO\Semana11\Ejercicio\Fase03\Estudiante.java. Using fallback presentation compiler.
2026.03.22 17:52:50 INFO  no build target found for C:\Users\Dayana\OneDrive\Escritorio\POO\Semana11\Ejercicio\Fase03\Estudiante.java. Using fallback presentation compiler.
2026.03.22 17:52:50 INFO  no build target found for C:\Users\Dayana\OneDrive\Escritorio\POO\Semana11\Ejercicio\Fase03\Estudiante.java. Using fallback presentation compiler.
2026.03.22 17:52:52 INFO  no build target found for C:\Users\Dayana\OneDrive\Escritorio\POO\Semana11\Ejercicio\Fase03\Estudiante.java. Using fallback presentation compiler.
2026.03.22 17:52:52 INFO  no build target found for C:\Users\Dayana\OneDrive\Escritorio\POO\Semana11\Ejercicio\Fase03\Estudiante.java. Using fallback presentation compiler.
2026.03.22 17:52:53 INFO  no build target found for C:\Users\Dayana\OneDrive\Escritorio\POO\Semana11\Ejercicio\Fase03\Estudiante.java. Using fallback presentation compiler.
2026.03.22 17:53:06 INFO  no build target found for C:\Users\Dayana\OneDrive\Escritorio\POO\Semana11\Ejercicio\Fase03\Estudiante.java. Using fallback presentation compiler.
2026.03.22 17:53:06 INFO  no build target found for C:\Users\Dayana\OneDrive\Escritorio\POO\Semana11\Ejercicio\Fase03\Estudiante.java. Using fallback presentation compiler.
2026.03.22 17:53:07 INFO  no build target found for C:\Users\Dayana\OneDrive\Escritorio\POO\Semana11\Ejercicio\Fase03\Estudiante.java. Using fallback presentation compiler.
2026.03.22 17:53:07 INFO  no build target found for C:\Users\Dayana\OneDrive\Escritorio\POO\Semana11\Ejercicio\Fase03\Estudiante.java. Using fallback presentation compiler.
2026.03.22 17:53:10 INFO  no build target found for C:\Users\Dayana\OneDrive\Escritorio\POO\Semana11\Ejercicio\Fase03\Estudiante.java. Using fallback presentation compiler.
2026.03.22 17:53:10 INFO  no build target found for C:\Users\Dayana\OneDrive\Escritorio\POO\Semana11\Ejercicio\Fase03\Estudiante.java. Using fallback presentation compiler.
2026.03.22 17:53:10 INFO  no build target found for C:\Users\Dayana\OneDrive\Escritorio\POO\Semana11\Ejercicio\Fase03\Estudiante.java. Using fallback presentation compiler.
2026.03.22 17:53:10 INFO  no build target found for C:\Users\Dayana\OneDrive\Escritorio\POO\Semana11\Ejercicio\Fase03\Estudiante.java. Using fallback presentation compiler.
2026.03.22 17:53:12 INFO  no build target found for C:\Users\Dayana\OneDrive\Escritorio\POO\Semana11\Ejercicio\Fase03\Estudiante.java. Using fallback presentation compiler.
2026.03.22 17:53:15 INFO  no build target found for C:\Users\Dayana\OneDrive\Escritorio\POO\Semana11\Ejercicio\Fase03\Estudiante.java. Using fallback presentation compiler.
2026.03.22 17:53:15 INFO  no build target found for C:\Users\Dayana\OneDrive\Escritorio\POO\Semana11\Ejercicio\Fase03\Estudiante.java. Using fallback presentation compiler.
2026.03.22 17:53:16 INFO  no build target found for C:\Users\Dayana\OneDrive\Escritorio\POO\Semana11\Ejercicio\Fase03\Estudiante.java. Using fallback presentation compiler.
2026.03.22 17:53:16 INFO  no build target found for C:\Users\Dayana\OneDrive\Escritorio\POO\Semana11\Ejercicio\Fase03\Estudiante.java. Using fallback presentation compiler.
2026.03.22 17:53:16 INFO  no build target found for C:\Users\Dayana\OneDrive\Escritorio\POO\Semana11\Ejercicio\Fase03\Estudiante.java. Using fallback presentation compiler.
2026.03.22 17:53:18 INFO  no build target found for C:\Users\Dayana\OneDrive\Escritorio\POO\Semana11\Ejercicio\Fase03\Estudiante.java. Using fallback presentation compiler.
2026.03.22 17:53:18 INFO  no build target found for C:\Users\Dayana\OneDrive\Escritorio\POO\Semana11\Ejercicio\Fase03\Estudiante.java. Using fallback presentation compiler.
2026.03.22 17:53:18 INFO  no build target found for C:\Users\Dayana\OneDrive\Escritorio\POO\Semana11\Ejercicio\Fase03\Estudiante.java. Using fallback presentation compiler.
2026.03.22 17:53:19 INFO  no build target found for C:\Users\Dayana\OneDrive\Escritorio\POO\Semana11\Ejercicio\Fase03\Estudiante.java. Using fallback presentation compiler.
2026.03.22 17:53:22 INFO  no build target found for C:\Users\Dayana\OneDrive\Escritorio\POO\Semana11\Ejercicio\Fase03\Estudiante.java. Using fallback presentation compiler.
2026.03.22 17:53:22 INFO  no build target found for C:\Users\Dayana\OneDrive\Escritorio\POO\Semana11\Ejercicio\Fase03\Estudiante.java. Using fallback presentation compiler.
2026.03.22 17:53:22 INFO  no build target found for C:\Users\Dayana\OneDrive\Escritorio\POO\Semana11\Ejercicio\Fase03\Estudiante.java. Using fallback presentation compiler.
2026.03.22 17:53:22 INFO  no build target found for C:\Users\Dayana\OneDrive\Escritorio\POO\Semana11\Ejercicio\Fase03\Estudiante.java. Using fallback presentation compiler.
2026.03.22 17:53:23 INFO  no build target found for C:\Users\Dayana\OneDrive\Escritorio\POO\Semana11\Ejercicio\Fase03\Estudiante.java. Using fallback presentation compiler.
2026.03.22 17:53:44 INFO  no build target found for C:\Users\Dayana\OneDrive\Escritorio\POO\Semana11\Ejercicio\Fase03\GestionEstudiantes.java. Using fallback presentation compiler.
2026.03.22 17:53:44 WARN  no build target for: C:\Users\Dayana\OneDrive\Escritorio\POO\Semana11\Ejercicio\Fase03\GestionEstudiantes.java
2026.03.22 17:53:44 INFO  no build target found for C:\Users\Dayana\OneDrive\Escritorio\POO\Semana11\Ejercicio\Fase03\GestionEstudiantes.java. Using fallback presentation compiler.
2026.03.22 17:53:44 INFO  no build target found for C:\Users\Dayana\OneDrive\Escritorio\POO\Semana11\Ejercicio\Fase03\GestionEstudiantes.java. Using fallback presentation compiler.
2026.03.22 17:53:44 INFO  no build target found for C:\Users\Dayana\OneDrive\Escritorio\POO\Semana11\Ejercicio\Fase03\GestionEstudiantes.java. Using fallback presentation compiler.
2026.03.22 17:53:44 INFO  no build target found for C:\Users\Dayana\OneDrive\Escritorio\POO\Semana11\Ejercicio\Fase03\GestionEstudiantes.java. Using fallback presentation compiler.
2026.03.22 17:54:15 INFO  no build target found for C:\Users\Dayana\OneDrive\Escritorio\POO\Semana11\Ejercicio\Fase03\GestionEstudiantes.java. Using fallback presentation compiler.
2026.03.22 17:54:15 INFO  no build target found for C:\Users\Dayana\OneDrive\Escritorio\POO\Semana11\Ejercicio\Fase03\GestionEstudiantes.java. Using fallback presentation compiler.
2026.03.22 17:54:16 INFO  no build target found for C:\Users\Dayana\OneDrive\Escritorio\POO\Semana11\Ejercicio\Fase03\GestionEstudiantes.java. Using fallback presentation compiler.
2026.03.22 17:54:16 INFO  no build target found for C:\Users\Dayana\OneDrive\Escritorio\POO\Semana11\Ejercicio\Fase03\GestionEstudiantes.java. Using fallback presentation compiler.
2026.03.22 17:54:17 INFO  no build target found for C:\Users\Dayana\OneDrive\Escritorio\POO\Semana11\Ejercicio\Fase03\GestionEstudiantes.java. Using fallback presentation compiler.
2026.03.22 17:54:17 INFO  no build target found for C:\Users\Dayana\OneDrive\Escritorio\POO\Semana11\Ejercicio\Fase03\GestionEstudiantes.java. Using fallback presentation compiler.
2026.03.22 17:54:18 INFO  no build target found for C:\Users\Dayana\OneDrive\Escritorio\POO\Semana11\Ejercicio\Fase03\GestionEstudiantes.java. Using fallback presentation compiler.
2026.03.22 17:54:17 INFO  no build target found for C:\Users\Dayana\OneDrive\Escritorio\POO\Semana11\Ejercicio\Fase03\GestionEstudiantes.java. Using fallback presentation compiler.
2026.03.22 17:54:19 INFO  no build target found for C:\Users\Dayana\OneDrive\Escritorio\POO\Semana11\Ejercicio\Fase03\GestionEstudiantes.java. Using fallback presentation compiler.
2026.03.22 17:54:19 INFO  no build target found for C:\Users\Dayana\OneDrive\Escritorio\POO\Semana11\Ejercicio\Fase03\GestionEstudiantes.java. Using fallback presentation compiler.
2026.03.22 17:54:19 INFO  no build target found for C:\Users\Dayana\OneDrive\Escritorio\POO\Semana11\Ejercicio\Fase03\GestionEstudiantes.java. Using fallback presentation compiler.
2026.03.22 17:54:19 INFO  no build target found for C:\Users\Dayana\OneDrive\Escritorio\POO\Semana11\Ejercicio\Fase03\GestionEstudiantes.java. Using fallback presentation compiler.
2026.03.22 17:54:20 INFO  no build target found for C:\Users\Dayana\OneDrive\Escritorio\POO\Semana11\Ejercicio\Fase03\GestionEstudiantes.java. Using fallback presentation compiler.
2026.03.22 17:54:20 INFO  no build target found for C:\Users\Dayana\OneDrive\Escritorio\POO\Semana11\Ejercicio\Fase03\GestionEstudiantes.java. Using fallback presentation compiler.
2026.03.22 17:54:20 INFO  no build target found for C:\Users\Dayana\OneDrive\Escritorio\POO\Semana11\Ejercicio\Fase03\GestionEstudiantes.java. Using fallback presentation compiler.
2026.03.22 17:54:20 INFO  no build target found for C:\Users\Dayana\OneDrive\Escritorio\POO\Semana11\Ejercicio\Fase03\GestionEstudiantes.java. Using fallback presentation compiler.
2026.03.22 17:54:20 INFO  no build target found for C:\Users\Dayana\OneDrive\Escritorio\POO\Semana11\Ejercicio\Fase03\GestionEstudiantes.java. Using fallback presentation compiler.
2026.03.22 17:54:20 INFO  no build target found for C:\Users\Dayana\OneDrive\Escritorio\POO\Semana11\Ejercicio\Fase03\GestionEstudiantes.java. Using fallback presentation compiler.
2026.03.22 17:54:20 INFO  no build target found for C:\Users\Dayana\OneDrive\Escritorio\POO\Semana11\Ejercicio\Fase03\GestionEstudiantes.java. Using fallback presentation compiler.
2026.03.22 17:54:20 INFO  no build target found for C:\Users\Dayana\OneDrive\Escritorio\POO\Semana11\Ejercicio\Fase03\GestionEstudiantes.java. Using fallback presentation compiler.
2026.03.22 17:54:20 INFO  no build target found for C:\Users\Dayana\OneDrive\Escritorio\POO\Semana11\Ejercicio\Fase03\GestionEstudiantes.java. Using fallback presentation compiler.
2026.03.22 17:54:21 INFO  no build target found for C:\Users\Dayana\OneDrive\Escritorio\POO\Semana11\Ejercicio\Fase03\GestionEstudiantes.java. Using fallback presentation compiler.
2026.03.22 17:54:21 INFO  no build target found for C:\Users\Dayana\OneDrive\Escritorio\POO\Semana11\Ejercicio\Fase03\GestionEstudiantes.java. Using fallback presentation compiler.
2026.03.22 17:54:21 INFO  no build target found for C:\Users\Dayana\OneDrive\Escritorio\POO\Semana11\Ejercicio\Fase03\GestionEstudiantes.java. Using fallback presentation compiler.
2026.03.22 17:54:21 INFO  no build target found for C:\Users\Dayana\OneDrive\Escritorio\POO\Semana11\Ejercicio\Fase03\GestionEstudiantes.java. Using fallback presentation compiler.
2026.03.22 17:54:21 INFO  no build target found for C:\Users\Dayana\OneDrive\Escritorio\POO\Semana11\Ejercicio\Fase03\GestionEstudiantes.java. Using fallback presentation compiler.
2026.03.22 17:54:22 INFO  no build target found for C:\Users\Dayana\OneDrive\Escritorio\POO\Semana11\Ejercicio\Fase03\GestionEstudiantes.java. Using fallback presentation compiler.
2026.03.22 17:54:21 INFO  no build target found for C:\Users\Dayana\OneDrive\Escritorio\POO\Semana11\Ejercicio\Fase03\GestionEstudiantes.java. Using fallback presentation compiler.
2026.03.22 17:54:22 INFO  no build target found for C:\Users\Dayana\OneDrive\Escritorio\POO\Semana11\Ejercicio\Fase03\GestionEstudiantes.java. Using fallback presentation compiler.
2026.03.22 17:54:22 INFO  no build target found for C:\Users\Dayana\OneDrive\Escritorio\POO\Semana11\Ejercicio\Fase03\GestionEstudiantes.java. Using fallback presentation compiler.
2026.03.22 17:54:22 INFO  no build target found for C:\Users\Dayana\OneDrive\Escritorio\POO\Semana11\Ejercicio\Fase03\GestionEstudiantes.java. Using fallback presentation compiler.
2026.03.22 17:54:22 INFO  no build target found for C:\Users\Dayana\OneDrive\Escritorio\POO\Semana11\Ejercicio\Fase03\GestionEstudiantes.java. Using fallback presentation compiler.
mar. 22, 2026 5:54:22 P. M. org.eclipse.lsp4j.jsonrpc.RemoteEndpoint handleCancellation
ADVERTENCIA: Unmatched cancel notification for request id 237
2026.03.22 17:54:22 INFO  no build target found for C:\Users\Dayana\OneDrive\Escritorio\POO\Semana11\Ejercicio\Fase03\GestionEstudiantes.java. Using fallback presentation compiler.
2026.03.22 17:54:23 INFO  no build target found for C:\Users\Dayana\OneDrive\Escritorio\POO\Semana11\Ejercicio\Fase03\GestionEstudiantes.java. Using fallback presentation compiler.
2026.03.22 17:54:23 INFO  no build target found for C:\Users\Dayana\OneDrive\Escritorio\POO\Semana11\Ejercicio\Fase03\GestionEstudiantes.java. Using fallback presentation compiler.
2026.03.22 17:54:23 INFO  no build target found for C:\Users\Dayana\OneDrive\Escritorio\POO\Semana11\Ejercicio\Fase03\GestionEstudiantes.java. Using fallback presentation compiler.
2026.03.22 17:54:23 INFO  no build target found for C:\Users\Dayana\OneDrive\Escritorio\POO\Semana11\Ejercicio\Fase03\GestionEstudiantes.java. Using fallback presentation compiler.
2026.03.22 17:54:23 INFO  no build target found for C:\Users\Dayana\OneDrive\Escritorio\POO\Semana11\Ejercicio\Fase03\GestionEstudiantes.java. Using fallback presentation compiler.
2026.03.22 17:54:23 INFO  no build target found for C:\Users\Dayana\OneDrive\Escritorio\POO\Semana11\Ejercicio\Fase03\GestionEstudiantes.java. Using fallback presentation compiler.
2026.03.22 17:54:24 INFO  no build target found for C:\Users\Dayana\OneDrive\Escritorio\POO\Semana11\Ejercicio\Fase03\GestionEstudiantes.java. Using fallback presentation compiler.
2026.03.22 17:54:23 INFO  no build target found for C:\Users\Dayana\OneDrive\Escritorio\POO\Semana11\Ejercicio\Fase03\GestionEstudiantes.java. Using fallback presentation compiler.
2026.03.22 17:54:24 INFO  no build target found for C:\Users\Dayana\OneDrive\Escritorio\POO\Semana11\Ejercicio\Fase03\GestionEstudiantes.java. Using fallback presentation compiler.
2026.03.22 17:54:24 INFO  no build target found for C:\Users\Dayana\OneDrive\Escritorio\POO\Semana11\Ejercicio\Fase03\GestionEstudiantes.java. Using fallback presentation compiler.
2026.03.22 17:54:25 INFO  no build target found for C:\Users\Dayana\OneDrive\Escritorio\POO\Semana11\Ejercicio\Fase03\GestionEstudiantes.java. Using fallback presentation compiler.
2026.03.22 17:54:24 INFO  no build target found for C:\Users\Dayana\OneDrive\Escritorio\POO\Semana11\Ejercicio\Fase03\GestionEstudiantes.java. Using fallback presentation compiler.
2026.03.22 17:54:24 INFO  no build target found for C:\Users\Dayana\OneDrive\Escritorio\POO\Semana11\Ejercicio\Fase03\GestionEstudiantes.java. Using fallback presentation compiler.
2026.03.22 17:54:25 INFO  no build target found for C:\Users\Dayana\OneDrive\Escritorio\POO\Semana11\Ejercicio\Fase03\GestionEstudiantes.java. Using fallback presentation compiler.
2026.03.22 17:54:26 INFO  no build target found for C:\Users\Dayana\OneDrive\Escritorio\POO\Semana11\Ejercicio\Fase03\GestionEstudiantes.java. Using fallback presentation compiler.
2026.03.22 17:54:26 INFO  no build target found for C:\Users\Dayana\OneDrive\Escritorio\POO\Semana11\Ejercicio\Fase03\GestionEstudiantes.java. Using fallback presentation compiler.
2026.03.22 17:54:26 INFO  no build target found for C:\Users\Dayana\OneDrive\Escritorio\POO\Semana11\Ejercicio\Fase03\GestionEstudiantes.java. Using fallback presentation compiler.
2026.03.22 17:54:26 INFO  no build target found for C:\Users\Dayana\OneDrive\Escritorio\POO\Semana11\Ejercicio\Fase03\GestionEstudiantes.java. Using fallback presentation compiler.
2026.03.22 17:54:26 INFO  no build target found for C:\Users\Dayana\OneDrive\Escritorio\POO\Semana11\Ejercicio\Fase03\GestionEstudiantes.java. Using fallback presentation compiler.
2026.03.22 17:54:26 INFO  no build target found for C:\Users\Dayana\OneDrive\Escritorio\POO\Semana11\Ejercicio\Fase03\GestionEstudiantes.java. Using fallback presentation compiler.
2026.03.22 17:54:26 INFO  no build target found for C:\Users\Dayana\OneDrive\Escritorio\POO\Semana11\Ejercicio\Fase03\GestionEstudiantes.java. Using fallback presentation compiler.
2026.03.22 17:54:26 INFO  no build target found for C:\Users\Dayana\OneDrive\Escritorio\POO\Semana11\Ejercicio\Fase03\GestionEstudiantes.java. Using fallback presentation compiler.
2026.03.22 17:54:26 INFO  no build target found for C:\Users\Dayana\OneDrive\Escritorio\POO\Semana11\Ejercicio\Fase03\GestionEstudiantes.java. Using fallback presentation compiler.
2026.03.22 17:54:27 INFO  no build target found for C:\Users\Dayana\OneDrive\Escritorio\POO\Semana11\Ejercicio\Fase03\GestionEstudiantes.java. Using fallback presentation compiler.
2026.03.22 17:54:27 INFO  no build target found for C:\Users\Dayana\OneDrive\Escritorio\POO\Semana11\Ejercicio\Fase03\GestionEstudiantes.java. Using fallback presentation compiler.
2026.03.22 17:54:29 INFO  no build target found for C:\Users\Dayana\OneDrive\Escritorio\POO\Semana11\Ejercicio\Fase03\GestionEstudiantes.java. Using fallback presentation compiler.
2026.03.22 17:54:29 INFO  no build target found for C:\Users\Dayana\OneDrive\Escritorio\POO\Semana11\Ejercicio\Fase03\GestionEstudiantes.java. Using fallback presentation compiler.
2026.03.22 17:54:29 INFO  no build target found for C:\Users\Dayana\OneDrive\Escritorio\POO\Semana11\Ejercicio\Fase03\GestionEstudiantes.java. Using fallback presentation compiler.
2026.03.22 17:54:29 INFO  no build target found for C:\Users\Dayana\OneDrive\Escritorio\POO\Semana11\Ejercicio\Fase03\GestionEstudiantes.java. Using fallback presentation compiler.
2026.03.22 17:54:29 INFO  no build target found for C:\Users\Dayana\OneDrive\Escritorio\POO\Semana11\Ejercicio\Fase03\GestionEstudiantes.java. Using fallback presentation compiler.
2026.03.22 17:54:30 INFO  no build target found for C:\Users\Dayana\OneDrive\Escritorio\POO\Semana11\Ejercicio\Fase03\GestionEstudiantes.java. Using fallback presentation compiler.
2026.03.22 17:54:33 INFO  no build target found for C:\Users\Dayana\OneDrive\Escritorio\POO\Semana11\Ejercicio\Fase03\GestionEstudiantes.java. Using fallback presentation compiler.
2026.03.22 17:54:33 INFO  no build target found for C:\Users\Dayana\OneDrive\Escritorio\POO\Semana11\Ejercicio\Fase03\GestionEstudiantes.java. Using fallback presentation compiler.
2026.03.22 17:54:33 INFO  no build target found for C:\Users\Dayana\OneDrive\Escritorio\POO\Semana11\Ejercicio\Fase03\GestionEstudiantes.java. Using fallback presentation compiler.
2026.03.22 17:54:33 INFO  no build target found for C:\Users\Dayana\OneDrive\Escritorio\POO\Semana11\Ejercicio\Fase03\GestionEstudiantes.java. Using fallback presentation compiler.
2026.03.22 17:54:33 INFO  no build target found for C:\Users\Dayana\OneDrive\Escritorio\POO\Semana11\Ejercicio\Fase03\GestionEstudiantes.java. Using fallback presentation compiler.
2026.03.22 17:54:34 INFO  no build target found for C:\Users\Dayana\OneDrive\Escritorio\POO\Semana11\Ejercicio\Fase03\GestionEstudiantes.java. Using fallback presentation compiler.
2026.03.22 17:54:33 INFO  no build target found for C:\Users\Dayana\OneDrive\Escritorio\POO\Semana11\Ejercicio\Fase03\GestionEstudiantes.java. Using fallback presentation compiler.
2026.03.22 17:54:33 INFO  no build target found for C:\Users\Dayana\OneDrive\Escritorio\POO\Semana11\Ejercicio\Fase03\GestionEstudiantes.java. Using fallback presentation compiler.
2026.03.22 17:54:34 INFO  no build target found for C:\Users\Dayana\OneDrive\Escritorio\POO\Semana11\Ejercicio\Fase03\GestionEstudiantes.java. Using fallback presentation compiler.
2026.03.22 17:54:34 INFO  no build target found for C:\Users\Dayana\OneDrive\Escritorio\POO\Semana11\Ejercicio\Fase03\GestionEstudiantes.java. Using fallback presentation compiler.
2026.03.22 17:54:34 INFO  no build target found for C:\Users\Dayana\OneDrive\Escritorio\POO\Semana11\Ejercicio\Fase03\GestionEstudiantes.java. Using fallback presentation compiler.
2026.03.22 17:54:35 INFO  no build target found for C:\Users\Dayana\OneDrive\Escritorio\POO\Semana11\Ejercicio\Fase03\GestionEstudiantes.java. Using fallback presentation compiler.
2026.03.22 17:54:35 INFO  no build target found for C:\Users\Dayana\OneDrive\Escritorio\POO\Semana11\Ejercicio\Fase03\GestionEstudiantes.java. Using fallback presentation compiler.
2026.03.22 17:54:35 INFO  no build target found for C:\Users\Dayana\OneDrive\Escritorio\POO\Semana11\Ejercicio\Fase03\GestionEstudiantes.java. Using fallback presentation compiler.
2026.03.22 17:54:35 INFO  no build target found for C:\Users\Dayana\OneDrive\Escritorio\POO\Semana11\Ejercicio\Fase03\GestionEstudiantes.java. Using fallback presentation compiler.
2026.03.22 17:54:35 INFO  no build target found for C:\Users\Dayana\OneDrive\Escritorio\POO\Semana11\Ejercicio\Fase03\GestionEstudiantes.java. Using fallback presentation compiler.
2026.03.22 17:54:36 INFO  no build target found for C:\Users\Dayana\OneDrive\Escritorio\POO\Semana11\Ejercicio\Fase03\GestionEstudiantes.java. Using fallback presentation compiler.
2026.03.22 17:54:36 INFO  no build target found for C:\Users\Dayana\OneDrive\Escritorio\POO\Semana11\Ejercicio\Fase03\GestionEstudiantes.java. Using fallback presentation compiler.
2026.03.22 17:54:36 INFO  no build target found for C:\Users\Dayana\OneDrive\Escritorio\POO\Semana11\Ejercicio\Fase03\GestionEstudiantes.java. Using fallback presentation compiler.
2026.03.22 17:54:36 INFO  no build target found for C:\Users\Dayana\OneDrive\Escritorio\POO\Semana11\Ejercicio\Fase03\GestionEstudiantes.java. Using fallback presentation compiler.
2026.03.22 17:54:36 INFO  no build target found for C:\Users\Dayana\OneDrive\Escritorio\POO\Semana11\Ejercicio\Fase03\GestionEstudiantes.java. Using fallback presentation compiler.
2026.03.22 17:54:36 INFO  no build target found for C:\Users\Dayana\OneDrive\Escritorio\POO\Semana11\Ejercicio\Fase03\GestionEstudiantes.java. Using fallback presentation compiler.
2026.03.22 17:54:37 INFO  no build target found for C:\Users\Dayana\OneDrive\Escritorio\POO\Semana11\Ejercicio\Fase03\GestionEstudiantes.java. Using fallback presentation compiler.
2026.03.22 17:54:36 INFO  no build target found for C:\Users\Dayana\OneDrive\Escritorio\POO\Semana11\Ejercicio\Fase03\GestionEstudiantes.java. Using fallback presentation compiler.
2026.03.22 17:54:37 INFO  no build target found for C:\Users\Dayana\OneDrive\Escritorio\POO\Semana11\Ejercicio\Fase03\GestionEstudiantes.java. Using fallback presentation compiler.
2026.03.22 17:54:37 INFO  no build target found for C:\Users\Dayana\OneDrive\Escritorio\POO\Semana11\Ejercicio\Fase03\GestionEstudiantes.java. Using fallback presentation compiler.
2026.03.22 17:54:37 INFO  no build target found for C:\Users\Dayana\OneDrive\Escritorio\POO\Semana11\Ejercicio\Fase03\GestionEstudiantes.java. Using fallback presentation compiler.
2026.03.22 17:54:37 INFO  no build target found for C:\Users\Dayana\OneDrive\Escritorio\POO\Semana11\Ejercicio\Fase03\GestionEstudiantes.java. Using fallback presentation compiler.
2026.03.22 17:54:37 INFO  no build target found for C:\Users\Dayana\OneDrive\Escritorio\POO\Semana11\Ejercicio\Fase03\GestionEstudiantes.java. Using fallback presentation compiler.
2026.03.22 17:54:38 INFO  no build target found for C:\Users\Dayana\OneDrive\Escritorio\POO\Semana11\Ejercicio\Fase03\GestionEstudiantes.java. Using fallback presentation compiler.
2026.03.22 17:54:37 INFO  no build target found for C:\Users\Dayana\OneDrive\Escritorio\POO\Semana11\Ejercicio\Fase03\GestionEstudiantes.java. Using fallback presentation compiler.
2026.03.22 17:54:37 INFO  no build target found for C:\Users\Dayana\OneDrive\Escritorio\POO\Semana11\Ejercicio\Fase03\GestionEstudiantes.java. Using fallback presentation compiler.
2026.03.22 17:54:38 INFO  no build target found for C:\Users\Dayana\OneDrive\Escritorio\POO\Semana11\Ejercicio\Fase03\GestionEstudiantes.java. Using fallback presentation compiler.
2026.03.22 17:54:37 INFO  no build target found for C:\Users\Dayana\OneDrive\Escritorio\POO\Semana11\Ejercicio\Fase03\GestionEstudiantes.java. Using fallback presentation compiler.
2026.03.22 17:55:03 INFO  no build target found for C:\Users\Dayana\OneDrive\Escritorio\POO\Semana11\Ejercicio\Fase03\GestionEstudiantes.java. Using fallback presentation compiler.
2026.03.22 17:55:03 INFO  no build target found for C:\Users\Dayana\OneDrive\Escritorio\POO\Semana11\Ejercicio\Fase03\GestionEstudiantes.java. Using fallback presentation compiler.
2026.03.22 17:55:04 INFO  no build target found for C:\Users\Dayana\OneDrive\Escritorio\POO\Semana11\Ejercicio\Fase03\GestionEstudiantes.java. Using fallback presentation compiler.
2026.03.22 17:55:04 INFO  no build target found for C:\Users\Dayana\OneDrive\Escritorio\POO\Semana11\Ejercicio\Fase03\GestionEstudiantes.java. Using fallback presentation compiler.
2026.03.22 17:55:05 INFO  no build target found for C:\Users\Dayana\OneDrive\Escritorio\POO\Semana11\Ejercicio\Fase03\GestionEstudiantes.java. Using fallback presentation compiler.
2026.03.22 17:55:05 INFO  no build target found for C:\Users\Dayana\OneDrive\Escritorio\POO\Semana11\Ejercicio\Fase03\GestionEstudiantes.java. Using fallback presentation compiler.
2026.03.22 17:55:05 INFO  no build target found for C:\Users\Dayana\OneDrive\Escritorio\POO\Semana11\Ejercicio\Fase03\GestionEstudiantes.java. Using fallback presentation compiler.
2026.03.22 17:55:07 INFO  no build target found for C:\Users\Dayana\OneDrive\Escritorio\POO\Semana11\Ejercicio\Fase03\GestionEstudiantes.java. Using fallback presentation compiler.
2026.03.22 17:55:07 INFO  no build target found for C:\Users\Dayana\OneDrive\Escritorio\POO\Semana11\Ejercicio\Fase03\GestionEstudiantes.java. Using fallback presentation compiler.
2026.03.22 17:55:09 INFO  no build target found for C:\Users\Dayana\OneDrive\Escritorio\POO\Semana11\Ejercicio\Fase03\GestionEstudiantes.java. Using fallback presentation compiler.
2026.03.22 17:55:11 INFO  no build target found for C:\Users\Dayana\OneDrive\Escritorio\POO\Semana11\Ejercicio\Fase03\GestionEstudiantes.java. Using fallback presentation compiler.
2026.03.22 17:55:12 INFO  no build target found for C:\Users\Dayana\OneDrive\Escritorio\POO\Semana11\Ejercicio\Fase03\GestionEstudiantes.java. Using fallback presentation compiler.
2026.03.22 17:55:11 INFO  no build target found for C:\Users\Dayana\OneDrive\Escritorio\POO\Semana11\Ejercicio\Fase03\GestionEstudiantes.java. Using fallback presentation compiler.
2026.03.22 17:55:12 INFO  no build target found for C:\Users\Dayana\OneDrive\Escritorio\POO\Semana11\Ejercicio\Fase03\GestionEstudiantes.java. Using fallback presentation compiler.
2026.03.22 17:55:13 INFO  no build target found for C:\Users\Dayana\OneDrive\Escritorio\POO\Semana11\Ejercicio\Fase03\GestionEstudiantes.java. Using fallback presentation compiler.
2026.03.22 17:55:13 INFO  no build target found for C:\Users\Dayana\OneDrive\Escritorio\POO\Semana11\Ejercicio\Fase03\GestionEstudiantes.java. Using fallback presentation compiler.
2026.03.22 17:55:13 INFO  no build target found for C:\Users\Dayana\OneDrive\Escritorio\POO\Semana11\Ejercicio\Fase03\GestionEstudiantes.java. Using fallback presentation compiler.
2026.03.22 17:55:13 INFO  no build target found for C:\Users\Dayana\OneDrive\Escritorio\POO\Semana11\Ejercicio\Fase03\GestionEstudiantes.java. Using fallback presentation compiler.
2026.03.22 17:55:15 INFO  no build target found for C:\Users\Dayana\OneDrive\Escritorio\POO\Semana11\Ejercicio\Fase03\GestionEstudiantes.java. Using fallback presentation compiler.
2026.03.22 17:55:15 INFO  no build target found for C:\Users\Dayana\OneDrive\Escritorio\POO\Semana11\Ejercicio\Fase03\GestionEstudiantes.java. Using fallback presentation compiler.
2026.03.22 17:55:15 INFO  no build target found for C:\Users\Dayana\OneDrive\Escritorio\POO\Semana11\Ejercicio\Fase03\GestionEstudiantes.java. Using fallback presentation compiler.
2026.03.22 17:55:15 INFO  no build target found for C:\Users\Dayana\OneDrive\Escritorio\POO\Semana11\Ejercicio\Fase03\GestionEstudiantes.java. Using fallback presentation compiler.
2026.03.22 17:55:15 INFO  no build target found for C:\Users\Dayana\OneDrive\Escritorio\POO\Semana11\Ejercicio\Fase03\GestionEstudiantes.java. Using fallback presentation compiler.
2026.03.22 17:55:16 INFO  no build target found for C:\Users\Dayana\OneDrive\Escritorio\POO\Semana11\Ejercicio\Fase03\GestionEstudiantes.java. Using fallback presentation compiler.
2026.03.22 17:55:17 INFO  no build target found for C:\Users\Dayana\OneDrive\Escritorio\POO\Semana11\Ejercicio\Fase03\GestionEstudiantes.java. Using fallback presentation compiler.
2026.03.22 17:55:17 INFO  no build target found for C:\Users\Dayana\OneDrive\Escritorio\POO\Semana11\Ejercicio\Fase03\GestionEstudiantes.java. Using fallback presentation compiler.
2026.03.22 17:55:17 INFO  no build target found for C:\Users\Dayana\OneDrive\Escritorio\POO\Semana11\Ejercicio\Fase03\GestionEstudiantes.java. Using fallback presentation compiler.
2026.03.22 17:55:17 INFO  no build target found for C:\Users\Dayana\OneDrive\Escritorio\POO\Semana11\Ejercicio\Fase03\GestionEstudiantes.java. Using fallback presentation compiler.
2026.03.22 17:55:18 INFO  no build target found for C:\Users\Dayana\OneDrive\Escritorio\POO\Semana11\Ejercicio\Fase03\GestionEstudiantes.java. Using fallback presentation compiler.
2026.03.22 17:55:18 INFO  no build target found for C:\Users\Dayana\OneDrive\Escritorio\POO\Semana11\Ejercicio\Fase03\GestionEstudiantes.java. Using fallback presentation compiler.
2026.03.22 17:55:18 INFO  no build target found for C:\Users\Dayana\OneDrive\Escritorio\POO\Semana11\Ejercicio\Fase03\GestionEstudiantes.java. Using fallback presentation compiler.
2026.03.22 17:55:18 INFO  no build target found for C:\Users\Dayana\OneDrive\Escritorio\POO\Semana11\Ejercicio\Fase03\GestionEstudiantes.java. Using fallback presentation compiler.
2026.03.22 17:55:18 INFO  no build target found for C:\Users\Dayana\OneDrive\Escritorio\POO\Semana11\Ejercicio\Fase03\GestionEstudiantes.java. Using fallback presentation compiler.
2026.03.22 17:55:18 INFO  no build target found for C:\Users\Dayana\OneDrive\Escritorio\POO\Semana11\Ejercicio\Fase03\GestionEstudiantes.java. Using fallback presentation compiler.
2026.03.22 17:55:19 INFO  no build target found for C:\Users\Dayana\OneDrive\Escritorio\POO\Semana11\Ejercicio\Fase03\GestionEstudiantes.java. Using fallback presentation compiler.
2026.03.22 17:55:19 INFO  no build target found for C:\Users\Dayana\OneDrive\Escritorio\POO\Semana11\Ejercicio\Fase03\GestionEstudiantes.java. Using fallback presentation compiler.
2026.03.22 17:55:20 INFO  no build target found for C:\Users\Dayana\OneDrive\Escritorio\POO\Semana11\Ejercicio\Fase03\GestionEstudiantes.java. Using fallback presentation compiler.
2026.03.22 17:55:19 INFO  no build target found for C:\Users\Dayana\OneDrive\Escritorio\POO\Semana11\Ejercicio\Fase03\GestionEstudiantes.java. Using fallback presentation compiler.
2026.03.22 17:55:20 INFO  no build target found for C:\Users\Dayana\OneDrive\Escritorio\POO\Semana11\Ejercicio\Fase03\GestionEstudiantes.java. Using fallback presentation compiler.
2026.03.22 17:55:20 INFO  no build target found for C:\Users\Dayana\OneDrive\Escritorio\POO\Semana11\Ejercicio\Fase03\GestionEstudiantes.java. Using fallback presentation compiler.
2026.03.22 17:55:20 INFO  no build target found for C:\Users\Dayana\OneDrive\Escritorio\POO\Semana11\Ejercicio\Fase03\GestionEstudiantes.java. Using fallback presentation compiler.
2026.03.22 17:55:21 INFO  no build target found for C:\Users\Dayana\OneDrive\Escritorio\POO\Semana11\Ejercicio\Fase03\GestionEstudiantes.java. Using fallback presentation compiler.
2026.03.22 17:55:22 INFO  no build target found for C:\Users\Dayana\OneDrive\Escritorio\POO\Semana11\Ejercicio\Fase03\GestionEstudiantes.java. Using fallback presentation compiler.
2026.03.22 17:55:22 INFO  no build target found for C:\Users\Dayana\OneDrive\Escritorio\POO\Semana11\Ejercicio\Fase03\GestionEstudiantes.java. Using fallback presentation compiler.
2026.03.22 17:55:22 INFO  no build target found for C:\Users\Dayana\OneDrive\Escritorio\POO\Semana11\Ejercicio\Fase03\GestionEstudiantes.java. Using fallback presentation compiler.
2026.03.22 17:55:22 INFO  no build target found for C:\Users\Dayana\OneDrive\Escritorio\POO\Semana11\Ejercicio\Fase03\GestionEstudiantes.java. Using fallback presentation compiler.
2026.03.22 17:55:22 INFO  no build target found for C:\Users\Dayana\OneDrive\Escritorio\POO\Semana11\Ejercicio\Fase03\GestionEstudiantes.java. Using fallback presentation compiler.
2026.03.22 17:55:22 INFO  no build target found for C:\Users\Dayana\OneDrive\Escritorio\POO\Semana11\Ejercicio\Fase03\GestionEstudiantes.java. Using fallback presentation compiler.
2026.03.22 17:55:22 INFO  no build target found for C:\Users\Dayana\OneDrive\Escritorio\POO\Semana11\Ejercicio\Fase03\GestionEstudiantes.java. Using fallback presentation compiler.
2026.03.22 17:55:22 INFO  no build target found for C:\Users\Dayana\OneDrive\Escritorio\POO\Semana11\Ejercicio\Fase03\GestionEstudiantes.java. Using fallback presentation compiler.
2026.03.22 17:55:23 INFO  no build target found for C:\Users\Dayana\OneDrive\Escritorio\POO\Semana11\Ejercicio\Fase03\GestionEstudiantes.java. Using fallback presentation compiler.
2026.03.22 17:55:22 INFO  no build target found for C:\Users\Dayana\OneDrive\Escritorio\POO\Semana11\Ejercicio\Fase03\GestionEstudiantes.java. Using fallback presentation compiler.
2026.03.22 17:55:24 INFO  no build target found for C:\Users\Dayana\OneDrive\Escritorio\POO\Semana11\Ejercicio\Fase03\GestionEstudiantes.java. Using fallback presentation compiler.
2026.03.22 17:55:24 INFO  no build target found for C:\Users\Dayana\OneDrive\Escritorio\POO\Semana11\Ejercicio\Fase03\GestionEstudiantes.java. Using fallback presentation compiler.
2026.03.22 17:55:24 INFO  no build target found for C:\Users\Dayana\OneDrive\Escritorio\POO\Semana11\Ejercicio\Fase03\GestionEstudiantes.java. Using fallback presentation compiler.
2026.03.22 17:55:24 INFO  no build target found for C:\Users\Dayana\OneDrive\Escritorio\POO\Semana11\Ejercicio\Fase03\GestionEstudiantes.java. Using fallback presentation compiler.
2026.03.22 17:55:24 INFO  no build target found for C:\Users\Dayana\OneDrive\Escritorio\POO\Semana11\Ejercicio\Fase03\GestionEstudiantes.java. Using fallback presentation compiler.
2026.03.22 17:55:25 INFO  no build target found for C:\Users\Dayana\OneDrive\Escritorio\POO\Semana11\Ejercicio\Fase03\GestionEstudiantes.java. Using fallback presentation compiler.
2026.03.22 17:55:24 INFO  no build target found for C:\Users\Dayana\OneDrive\Escritorio\POO\Semana11\Ejercicio\Fase03\GestionEstudiantes.java. Using fallback presentation compiler.
2026.03.22 17:55:24 INFO  no build target found for C:\Users\Dayana\OneDrive\Escritorio\POO\Semana11\Ejercicio\Fase03\GestionEstudiantes.java. Using fallback presentation compiler.
2026.03.22 17:55:24 INFO  no build target found for C:\Users\Dayana\OneDrive\Escritorio\POO\Semana11\Ejercicio\Fase03\GestionEstudiantes.java. Using fallback presentation compiler.
2026.03.22 17:55:25 INFO  no build target found for C:\Users\Dayana\OneDrive\Escritorio\POO\Semana11\Ejercicio\Fase03\GestionEstudiantes.java. Using fallback presentation compiler.
2026.03.22 17:55:25 INFO  no build target found for C:\Users\Dayana\OneDrive\Escritorio\POO\Semana11\Ejercicio\Fase03\GestionEstudiantes.java. Using fallback presentation compiler.
2026.03.22 17:55:25 INFO  no build target found for C:\Users\Dayana\OneDrive\Escritorio\POO\Semana11\Ejercicio\Fase03\GestionEstudiantes.java. Using fallback presentation compiler.
2026.03.22 17:55:25 INFO  no build target found for C:\Users\Dayana\OneDrive\Escritorio\POO\Semana11\Ejercicio\Fase03\GestionEstudiantes.java. Using fallback presentation compiler.
2026.03.22 17:55:26 INFO  no build target found for C:\Users\Dayana\OneDrive\Escritorio\POO\Semana11\Ejercicio\Fase03\GestionEstudiantes.java. Using fallback presentation compiler.
2026.03.22 17:55:26 INFO  no build target found for C:\Users\Dayana\OneDrive\Escritorio\POO\Semana11\Ejercicio\Fase03\GestionEstudiantes.java. Using fallback presentation compiler.
2026.03.22 17:55:26 INFO  no build target found for C:\Users\Dayana\OneDrive\Escritorio\POO\Semana11\Ejercicio\Fase03\GestionEstudiantes.java. Using fallback presentation compiler.
2026.03.22 17:55:26 INFO  no build target found for C:\Users\Dayana\OneDrive\Escritorio\POO\Semana11\Ejercicio\Fase03\GestionEstudiantes.java. Using fallback presentation compiler.
2026.03.22 17:55:27 INFO  no build target found for C:\Users\Dayana\OneDrive\Escritorio\POO\Semana11\Ejercicio\Fase03\GestionEstudiantes.java. Using fallback presentation compiler.
2026.03.22 17:55:26 INFO  no build target found for C:\Users\Dayana\OneDrive\Escritorio\POO\Semana11\Ejercicio\Fase03\GestionEstudiantes.java. Using fallback presentation compiler.
2026.03.22 17:55:26 INFO  no build target found for C:\Users\Dayana\OneDrive\Escritorio\POO\Semana11\Ejercicio\Fase03\GestionEstudiantes.java. Using fallback presentation compiler.
2026.03.22 17:55:27 INFO  no build target found for C:\Users\Dayana\OneDrive\Escritorio\POO\Semana11\Ejercicio\Fase03\GestionEstudiantes.java. Using fallback presentation compiler.
2026.03.22 17:55:26 INFO  no build target found for C:\Users\Dayana\OneDrive\Escritorio\POO\Semana11\Ejercicio\Fase03\GestionEstudiantes.java. Using fallback presentation compiler.
2026.03.22 17:55:27 INFO  no build target found for C:\Users\Dayana\OneDrive\Escritorio\POO\Semana11\Ejercicio\Fase03\GestionEstudiantes.java. Using fallback presentation compiler.
2026.03.22 17:55:27 INFO  no build target found for C:\Users\Dayana\OneDrive\Escritorio\POO\Semana11\Ejercicio\Fase03\GestionEstudiantes.java. Using fallback presentation compiler.
2026.03.22 17:55:27 INFO  no build target found for C:\Users\Dayana\OneDrive\Escritorio\POO\Semana11\Ejercicio\Fase03\GestionEstudiantes.java. Using fallback presentation compiler.
2026.03.22 17:55:27 INFO  no build target found for C:\Users\Dayana\OneDrive\Escritorio\POO\Semana11\Ejercicio\Fase03\GestionEstudiantes.java. Using fallback presentation compiler.
2026.03.22 17:55:27 INFO  no build target found for C:\Users\Dayana\OneDrive\Escritorio\POO\Semana11\Ejercicio\Fase03\GestionEstudiantes.java. Using fallback presentation compiler.
2026.03.22 17:55:28 INFO  no build target found for C:\Users\Dayana\OneDrive\Escritorio\POO\Semana11\Ejercicio\Fase03\GestionEstudiantes.java. Using fallback presentation compiler.
2026.03.22 17:55:27 INFO  no build target found for C:\Users\Dayana\OneDrive\Escritorio\POO\Semana11\Ejercicio\Fase03\GestionEstudiantes.java. Using fallback presentation compiler.
2026.03.22 17:55:28 INFO  no build target found for C:\Users\Dayana\OneDrive\Escritorio\POO\Semana11\Ejercicio\Fase03\GestionEstudiantes.java. Using fallback presentation compiler.
2026.03.22 17:55:28 INFO  no build target found for C:\Users\Dayana\OneDrive\Escritorio\POO\Semana11\Ejercicio\Fase03\GestionEstudiantes.java. Using fallback presentation compiler.
2026.03.22 17:55:28 INFO  no build target found for C:\Users\Dayana\OneDrive\Escritorio\POO\Semana11\Ejercicio\Fase03\GestionEstudiantes.java. Using fallback presentation compiler.
2026.03.22 17:55:28 INFO  no build target found for C:\Users\Dayana\OneDrive\Escritorio\POO\Semana11\Ejercicio\Fase03\GestionEstudiantes.java. Using fallback presentation compiler.
2026.03.22 17:55:29 INFO  no build target found for C:\Users\Dayana\OneDrive\Escritorio\POO\Semana11\Ejercicio\Fase03\GestionEstudiantes.java. Using fallback presentation compiler.
2026.03.22 17:55:28 INFO  no build target found for C:\Users\Dayana\OneDrive\Escritorio\POO\Semana11\Ejercicio\Fase03\GestionEstudiantes.java. Using fallback presentation compiler.
2026.03.22 17:55:28 INFO  no build target found for C:\Users\Dayana\OneDrive\Escritorio\POO\Semana11\Ejercicio\Fase03\GestionEstudiantes.java. Using fallback presentation compiler.
2026.03.22 17:55:29 INFO  no build target found for C:\Users\Dayana\OneDrive\Escritorio\POO\Semana11\Ejercicio\Fase03\GestionEstudiantes.java. Using fallback presentation compiler.
2026.03.22 17:55:28 INFO  no build target found for C:\Users\Dayana\OneDrive\Escritorio\POO\Semana11\Ejercicio\Fase03\GestionEstudiantes.java. Using fallback presentation compiler.
2026.03.22 17:55:30 INFO  no build target found for C:\Users\Dayana\OneDrive\Escritorio\POO\Semana11\Ejercicio\Fase03\GestionEstudiantes.java. Using fallback presentation compiler.
2026.03.22 17:55:29 INFO  no build target found for C:\Users\Dayana\OneDrive\Escritorio\POO\Semana11\Ejercicio\Fase03\GestionEstudiantes.java. Using fallback presentation compiler.
2026.03.22 17:55:30 INFO  no build target found for C:\Users\Dayana\OneDrive\Escritorio\POO\Semana11\Ejercicio\Fase03\GestionEstudiantes.java. Using fallback presentation compiler.
2026.03.22 17:55:30 INFO  no build target found for C:\Users\Dayana\OneDrive\Escritorio\POO\Semana11\Ejercicio\Fase03\GestionEstudiantes.java. Using fallback presentation compiler.
2026.03.22 17:55:30 INFO  no build target found for C:\Users\Dayana\OneDrive\Escritorio\POO\Semana11\Ejercicio\Fase03\GestionEstudiantes.java. Using fallback presentation compiler.
2026.03.22 17:55:30 INFO  no build target found for C:\Users\Dayana\OneDrive\Escritorio\POO\Semana11\Ejercicio\Fase03\GestionEstudiantes.java. Using fallback presentation compiler.
2026.03.22 17:55:31 INFO  no build target found for C:\Users\Dayana\OneDrive\Escritorio\POO\Semana11\Ejercicio\Fase03\GestionEstudiantes.java. Using fallback presentation compiler.
2026.03.22 17:55:31 INFO  no build target found for C:\Users\Dayana\OneDrive\Escritorio\POO\Semana11\Ejercicio\Fase03\GestionEstudiantes.java. Using fallback presentation compiler.
2026.03.22 17:55:31 INFO  no build target found for C:\Users\Dayana\OneDrive\Escritorio\POO\Semana11\Ejercicio\Fase03\GestionEstudiantes.java. Using fallback presentation compiler.
2026.03.22 17:55:31 INFO  no build target found for C:\Users\Dayana\OneDrive\Escritorio\POO\Semana11\Ejercicio\Fase03\GestionEstudiantes.java. Using fallback presentation compiler.
2026.03.22 17:55:31 INFO  no build target found for C:\Users\Dayana\OneDrive\Escritorio\POO\Semana11\Ejercicio\Fase03\GestionEstudiantes.java. Using fallback presentation compiler.
2026.03.22 17:55:31 INFO  no build target found for C:\Users\Dayana\OneDrive\Escritorio\POO\Semana11\Ejercicio\Fase03\GestionEstudiantes.java. Using fallback presentation compiler.
2026.03.22 17:55:31 INFO  no build target found for C:\Users\Dayana\OneDrive\Escritorio\POO\Semana11\Ejercicio\Fase03\GestionEstudiantes.java. Using fallback presentation compiler.
2026.03.22 17:55:55 INFO  no build target found for C:\Users\Dayana\OneDrive\Escritorio\POO\Semana11\Ejercicio\Fase03\GestionEstudiantes.java. Using fallback presentation compiler.
2026.03.22 17:55:55 INFO  no build target found for C:\Users\Dayana\OneDrive\Escritorio\POO\Semana11\Ejercicio\Fase03\GestionEstudiantes.java. Using fallback presentation compiler.
2026.03.22 17:55:57 INFO  no build target found for C:\Users\Dayana\OneDrive\Escritorio\POO\Semana11\Ejercicio\Fase03\GestionEstudiantes.java. Using fallback presentation compiler.
2026.03.22 17:55:57 INFO  no build target found for C:\Users\Dayana\OneDrive\Escritorio\POO\Semana11\Ejercicio\Fase03\GestionEstudiantes.java. Using fallback presentation compiler.
2026.03.22 17:55:58 INFO  no build target found for C:\Users\Dayana\OneDrive\Escritorio\POO\Semana11\Ejercicio\Fase03\GestionEstudiantes.java. Using fallback presentation compiler.
2026.03.22 17:55:58 INFO  no build target found for C:\Users\Dayana\OneDrive\Escritorio\POO\Semana11\Ejercicio\Fase03\GestionEstudiantes.java. Using fallback presentation compiler.
2026.03.22 17:55:58 INFO  no build target found for C:\Users\Dayana\OneDrive\Escritorio\POO\Semana11\Ejercicio\Fase03\GestionEstudiantes.java. Using fallback presentation compiler.
2026.03.22 17:55:58 INFO  no build target found for C:\Users\Dayana\OneDrive\Escritorio\POO\Semana11\Ejercicio\Fase03\GestionEstudiantes.java. Using fallback presentation compiler.
2026.03.22 17:55:58 INFO  no build target found for C:\Users\Dayana\OneDrive\Escritorio\POO\Semana11\Ejercicio\Fase03\GestionEstudiantes.java. Using fallback presentation compiler.
2026.03.22 17:55:59 INFO  no build target found for C:\Users\Dayana\OneDrive\Escritorio\POO\Semana11\Ejercicio\Fase03\GestionEstudiantes.java. Using fallback presentation compiler.
2026.03.22 17:55:59 INFO  no build target found for C:\Users\Dayana\OneDrive\Escritorio\POO\Semana11\Ejercicio\Fase03\GestionEstudiantes.java. Using fallback presentation compiler.
2026.03.22 17:56:01 INFO  no build target found for C:\Users\Dayana\OneDrive\Escritorio\POO\Semana11\Ejercicio\Fase03\GestionEstudiantes.java. Using fallback presentation compiler.
2026.03.22 17:56:01 INFO  no build target found for C:\Users\Dayana\OneDrive\Escritorio\POO\Semana11\Ejercicio\Fase03\GestionEstudiantes.java. Using fallback presentation compiler.
2026.03.22 17:56:01 INFO  no build target found for C:\Users\Dayana\OneDrive\Escritorio\POO\Semana11\Ejercicio\Fase03\GestionEstudiantes.java. Using fallback presentation compiler.
2026.03.22 17:56:01 INFO  no build target found for C:\Users\Dayana\OneDrive\Escritorio\POO\Semana11\Ejercicio\Fase03\GestionEstudiantes.java. Using fallback presentation compiler.
2026.03.22 17:56:01 INFO  no build target found for C:\Users\Dayana\OneDrive\Escritorio\POO\Semana11\Ejercicio\Fase03\GestionEstudiantes.java. Using fallback presentation compiler.
2026.03.22 17:56:11 INFO  no build target found for C:\Users\Dayana\OneDrive\Escritorio\POO\Semana11\Ejercicio\Fase03\GestionEstudiantes.java. Using fallback presentation compiler.
2026.03.22 17:56:12 INFO  Created report: Optional[file:///C:/Users/Dayana/OneDrive/Escritorio/POO/Semana11/Ejercicio/Fase03/GestionEstudiantes.java]
2026.03.22 17:56:12 INFO  empty definition using pc, found symbol in pc: javax/swing/JFrame#setDefaultCloseOperation(). (full report at: "C:\Users\Dayana\OneDrive\Escritorio\POO\.metals\.reports\metals-full\2026-03-22\r_empty-definition_17-56-12-196.md")
2026.03.22 17:56:13 INFO  no build target found for C:\Users\Dayana\OneDrive\Escritorio\POO\Semana11\Ejercicio\Fase03\GestionEstudiantes.java. Using fallback presentation compiler.
2026.03.22 17:56:13 INFO  no build target found for C:\Users\Dayana\OneDrive\Escritorio\POO\Semana11\Ejercicio\Fase03\GestionEstudiantes.java. Using fallback presentation compiler.
2026.03.22 17:56:13 INFO  no build target found for C:\Users\Dayana\OneDrive\Escritorio\POO\Semana11\Ejercicio\Fase03\GestionEstudiantes.java. Using fallback presentation compiler.
2026.03.22 17:56:14 INFO  no build target found for C:\Users\Dayana\OneDrive\Escritorio\POO\Semana11\Ejercicio\Fase03\GestionEstudiantes.java. Using fallback presentation compiler.
2026.03.22 17:56:14 INFO  no build target found for C:\Users\Dayana\OneDrive\Escritorio\POO\Semana11\Ejercicio\Fase03\GestionEstudiantes.java. Using fallback presentation compiler.
2026.03.22 17:56:16 INFO  no build target found for C:\Users\Dayana\OneDrive\Escritorio\POO\Semana11\Ejercicio\Fase03\GestionEstudiantes.java. Using fallback presentation compiler.
2026.03.22 17:56:16 INFO  no build target found for C:\Users\Dayana\OneDrive\Escritorio\POO\Semana11\Ejercicio\Fase03\GestionEstudiantes.java. Using fallback presentation compiler.
2026.03.22 17:56:17 INFO  no build target found for C:\Users\Dayana\OneDrive\Escritorio\POO\Semana11\Ejercicio\Fase03\GestionEstudiantes.java. Using fallback presentation compiler.
2026.03.22 17:56:17 INFO  no build target found for C:\Users\Dayana\OneDrive\Escritorio\POO\Semana11\Ejercicio\Fase03\GestionEstudiantes.java. Using fallback presentation compiler.
2026.03.22 17:56:17 INFO  no build target found for C:\Users\Dayana\OneDrive\Escritorio\POO\Semana11\Ejercicio\Fase03\GestionEstudiantes.java. Using fallback presentation compiler.
2026.03.22 17:56:17 INFO  no build target found for C:\Users\Dayana\OneDrive\Escritorio\POO\Semana11\Ejercicio\Fase03\GestionEstudiantes.java. Using fallback presentation compiler.
2026.03.22 17:56:22 INFO  no build target found for C:\Users\Dayana\OneDrive\Escritorio\POO\Semana11\Ejercicio\Fase03\GestionEstudiantes.java. Using fallback presentation compiler.
2026.03.22 17:56:22 INFO  no build target found for C:\Users\Dayana\OneDrive\Escritorio\POO\Semana11\Ejercicio\Fase03\GestionEstudiantes.java. Using fallback presentation compiler.
2026.03.22 17:56:23 INFO  no build target found for C:\Users\Dayana\OneDrive\Escritorio\POO\Semana11\Ejercicio\Fase03\GestionEstudiantes.java. Using fallback presentation compiler.
2026.03.22 17:56:24 INFO  no build target found for C:\Users\Dayana\OneDrive\Escritorio\POO\Semana11\Ejercicio\Fase03\GestionEstudiantes.java. Using fallback presentation compiler.
2026.03.22 17:56:24 INFO  no build target found for C:\Users\Dayana\OneDrive\Escritorio\POO\Semana11\Ejercicio\Fase03\GestionEstudiantes.java. Using fallback presentation compiler.
2026.03.22 17:56:26 INFO  no build target found for C:\Users\Dayana\OneDrive\Escritorio\POO\Semana11\Ejercicio\Fase03\GestionEstudiantes.java. Using fallback presentation compiler.
2026.03.22 17:56:30 INFO  no build target found for C:\Users\Dayana\OneDrive\Escritorio\POO\Semana11\Ejercicio\Fase03\GestionEstudiantes.java. Using fallback presentation compiler.
2026.03.22 17:56:30 INFO  no build target found for C:\Users\Dayana\OneDrive\Escritorio\POO\Semana11\Ejercicio\Fase03\GestionEstudiantes.java. Using fallback presentation compiler.
2026.03.22 17:56:32 INFO  no build target found for C:\Users\Dayana\OneDrive\Escritorio\POO\Semana11\Ejercicio\Fase03\Estudiante.java. Using fallback presentation compiler.
2026.03.22 17:56:32 WARN  no build target for: C:\Users\Dayana\OneDrive\Escritorio\POO\Semana11\Ejercicio\Fase03\Estudiante.java
2026.03.22 17:56:32 INFO  no build target found for C:\Users\Dayana\OneDrive\Escritorio\POO\Semana11\Ejercicio\Fase03\Estudiante.java. Using fallback presentation compiler.
2026.03.22 17:56:32 INFO  no build target found for C:\Users\Dayana\OneDrive\Escritorio\POO\Semana11\Ejercicio\Fase03\Estudiante.java. Using fallback presentation compiler.
2026.03.22 17:56:32 INFO  no build target found for C:\Users\Dayana\OneDrive\Escritorio\POO\Semana11\Ejercicio\Fase03\Estudiante.java. Using fallback presentation compiler.
2026.03.22 17:56:34 INFO  no build target found for C:\Users\Dayana\OneDrive\Escritorio\POO\Semana11\Ejercicio\Fase03\Estudiante.java. Using fallback presentation compiler.
2026.03.22 17:56:34 INFO  no build target found for C:\Users\Dayana\OneDrive\Escritorio\POO\Semana11\Ejercicio\Fase03\Estudiante.java. Using fallback presentation compiler.
2026.03.22 17:56:34 INFO  no build target found for C:\Users\Dayana\OneDrive\Escritorio\POO\Semana11\Ejercicio\Fase03\Estudiante.java. Using fallback presentation compiler.
2026.03.22 17:56:35 INFO  no build target found for C:\Users\Dayana\OneDrive\Escritorio\POO\Semana11\Ejercicio\Fase03\GestionEstudiantes.java. Using fallback presentation compiler.
2026.03.22 17:56:35 WARN  no build target for: C:\Users\Dayana\OneDrive\Escritorio\POO\Semana11\Ejercicio\Fase03\GestionEstudiantes.java
2026.03.22 17:56:35 INFO  no build target found for C:\Users\Dayana\OneDrive\Escritorio\POO\Semana11\Ejercicio\Fase03\GestionEstudiantes.java. Using fallback presentation compiler.
2026.03.22 17:56:36 INFO  no build target found for C:\Users\Dayana\OneDrive\Escritorio\POO\Semana11\Ejercicio\Fase03\GestionEstudiantes.java. Using fallback presentation compiler.
2026.03.22 17:56:35 INFO  no build target found for C:\Users\Dayana\OneDrive\Escritorio\POO\Semana11\Ejercicio\Fase03\GestionEstudiantes.java. Using fallback presentation compiler.
2026.03.22 17:56:35 INFO  no build target found for C:\Users\Dayana\OneDrive\Escritorio\POO\Semana11\Ejercicio\Fase03\GestionEstudiantes.java. Using fallback presentation compiler.
2026.03.22 17:56:37 INFO  no build target found for C:\Users\Dayana\OneDrive\Escritorio\POO\Semana11\Ejercicio\Fase03\GestionEstudiantes.java. Using fallback presentation compiler.
2026.03.22 17:56:37 INFO  no build target found for C:\Users\Dayana\OneDrive\Escritorio\POO\Semana11\Ejercicio\Fase03\GestionEstudiantes.java. Using fallback presentation compiler.
2026.03.22 17:56:37 INFO  no build target found for C:\Users\Dayana\OneDrive\Escritorio\POO\Semana11\Ejercicio\Fase03\GestionEstudiantes.java. Using fallback presentation compiler.
2026.03.22 17:56:38 INFO  no build target found for C:\Users\Dayana\OneDrive\Escritorio\POO\Semana11\Ejercicio\Fase03\GestionEstudiantes.java. Using fallback presentation compiler.
2026.03.22 17:56:38 INFO  no build target found for C:\Users\Dayana\OneDrive\Escritorio\POO\Semana11\Ejercicio\Fase03\GestionEstudiantes.java. Using fallback presentation compiler.
2026.03.22 17:56:38 INFO  no build target found for C:\Users\Dayana\OneDrive\Escritorio\POO\Semana11\Ejercicio\Fase03\GestionEstudiantes.java. Using fallback presentation compiler.
2026.03.22 17:56:39 INFO  no build target found for C:\Users\Dayana\OneDrive\Escritorio\POO\Semana11\Ejercicio\Fase03\GestionEstudiantes.java. Using fallback presentation compiler.
2026.03.22 17:56:39 INFO  no build target found for C:\Users\Dayana\OneDrive\Escritorio\POO\Semana11\Ejercicio\Fase03\GestionEstudiantes.java. Using fallback presentation compiler.
2026.03.22 17:56:39 INFO  no build target found for C:\Users\Dayana\OneDrive\Escritorio\POO\Semana11\Ejercicio\Fase03\GestionEstudiantes.java. Using fallback presentation compiler.
2026.03.22 17:56:41 INFO  no build target found for C:\Users\Dayana\OneDrive\Escritorio\POO\Semana11\Ejercicio\Fase03\GestionEstudiantes.java. Using fallback presentation compiler.
2026.03.22 17:56:41 INFO  no build target found for C:\Users\Dayana\OneDrive\Escritorio\POO\Semana11\Ejercicio\Fase03\GestionEstudiantes.java. Using fallback presentation compiler.
2026.03.22 17:56:42 INFO  no build target found for C:\Users\Dayana\OneDrive\Escritorio\POO\Semana11\Ejercicio\Fase03\GestionEstudiantes.java. Using fallback presentation compiler.
2026.03.22 17:56:42 INFO  no build target found for C:\Users\Dayana\OneDrive\Escritorio\POO\Semana11\Ejercicio\Fase03\GestionEstudiantes.java. Using fallback presentation compiler.
2026.03.22 17:56:45 INFO  no build target found for C:\Users\Dayana\OneDrive\Escritorio\POO\Semana11\Ejercicio\Fase03\GestionEstudiantes.java. Using fallback presentation compiler.
2026.03.22 17:56:45 INFO  no build target found for C:\Users\Dayana\OneDrive\Escritorio\POO\Semana11\Ejercicio\Fase03\GestionEstudiantes.java. Using fallback presentation compiler.
2026.03.22 17:56:45 INFO  no build target found for C:\Users\Dayana\OneDrive\Escritorio\POO\Semana11\Ejercicio\Fase03\GestionEstudiantes.java. Using fallback presentation compiler.
2026.03.22 17:56:45 INFO  no build target found for C:\Users\Dayana\OneDrive\Escritorio\POO\Semana11\Ejercicio\Fase03\GestionEstudiantes.java. Using fallback presentation compiler.
2026.03.22 17:56:46 INFO  no build target found for C:\Users\Dayana\OneDrive\Escritorio\POO\Semana11\Ejercicio\Fase03\GestionEstudiantes.java. Using fallback presentation compiler.
2026.03.22 17:56:48 INFO  no build target found for C:\Users\Dayana\OneDrive\Escritorio\POO\Semana11\Ejercicio\Fase03\GestionEstudiantes.java. Using fallback presentation compiler.
2026.03.22 17:56:49 INFO  no build target found for C:\Users\Dayana\OneDrive\Escritorio\POO\Semana11\Ejercicio\Fase03\GestionEstudiantes.java. Using fallback presentation compiler.
2026.03.22 17:56:49 INFO  no build target found for C:\Users\Dayana\OneDrive\Escritorio\POO\Semana11\Ejercicio\Fase03\GestionEstudiantes.java. Using fallback presentation compiler.
2026.03.22 17:56:49 INFO  no build target found for C:\Users\Dayana\OneDrive\Escritorio\POO\Semana11\Ejercicio\Fase03\GestionEstudiantes.java. Using fallback presentation compiler.
2026.03.22 17:56:49 INFO  no build target found for C:\Users\Dayana\OneDrive\Escritorio\POO\Semana11\Ejercicio\Fase03\GestionEstudiantes.java. Using fallback presentation compiler.
2026.03.22 17:56:55 INFO  no build target found for C:\Users\Dayana\OneDrive\Escritorio\POO\Semana11\Ejercicio\Fase03\GestionEstudiantes.java. Using fallback presentation compiler.
2026.03.22 17:56:55 INFO  no build target found for C:\Users\Dayana\OneDrive\Escritorio\POO\Semana11\Ejercicio\Fase03\GestionEstudiantes.java. Using fallback presentation compiler.
2026.03.22 17:57:40 INFO  no build target found for C:\Users\Dayana\OneDrive\Escritorio\POO\Semana11\Ejercicio\Fase03\GestionEstudiantes.java. Using fallback presentation compiler.
2026.03.22 17:57:40 INFO  no build target found for C:\Users\Dayana\OneDrive\Escritorio\POO\Semana11\Ejercicio\Fase03\GestionEstudiantes.java. Using fallback presentation compiler.
2026.03.22 17:57:45 INFO  no build target found for C:\Users\Dayana\OneDrive\Escritorio\POO\Semana11\Ejercicio\Fase03\GestionEstudiantes.java. Using fallback presentation compiler.
2026.03.22 17:57:49 INFO  no build target found for C:\Users\Dayana\OneDrive\Escritorio\POO\Semana11\Ejercicio\Fase03\GestionEstudiantes.java. Using fallback presentation compiler.
2026.03.22 17:58:07 INFO  no build target found for C:\Users\Dayana\OneDrive\Escritorio\POO\Semana11\Ejercicio\Fase03\GestionEstudiantes.java. Using fallback presentation compiler.
2026.03.22 17:58:11 INFO  no build target found for C:\Users\Dayana\OneDrive\Escritorio\POO\Semana11\Ejercicio\Fase03\GestionEstudiantes.java. Using fallback presentation compiler.
2026.03.22 17:58:21 INFO  no build target found for C:\Users\Dayana\OneDrive\Escritorio\POO\Semana11\Ejercicio\Fase03\GestionEstudiantes.java. Using fallback presentation compiler.
2026.03.22 17:58:21 INFO  no build target found for C:\Users\Dayana\OneDrive\Escritorio\POO\Semana11\Ejercicio\Fase03\GestionEstudiantes.java. Using fallback presentation compiler.
2026.03.22 17:58:33 INFO  no build target found for C:\Users\Dayana\OneDrive\Escritorio\POO\Semana11\Ejercicio\Fase03\GestionEstudiantes.java. Using fallback presentation compiler.
2026.03.22 17:58:33 INFO  no build target found for C:\Users\Dayana\OneDrive\Escritorio\POO\Semana11\Ejercicio\Fase03\GestionEstudiantes.java. Using fallback presentation compiler.
2026.03.22 17:58:35 INFO  no build target found for C:\Users\Dayana\OneDrive\Escritorio\POO\Semana11\Ejercicio\Fase03\GestionEstudiantes.java. Using fallback presentation compiler.
2026.03.22 17:58:35 INFO  no build target found for C:\Users\Dayana\OneDrive\Escritorio\POO\Semana11\Ejercicio\Fase03\GestionEstudiantes.java. Using fallback presentation compiler.
2026.03.22 17:58:37 INFO  no build target found for C:\Users\Dayana\OneDrive\Escritorio\POO\Semana11\Ejercicio\Fase03\GestionEstudiantes.java. Using fallback presentation compiler.
2026.03.22 17:58:37 INFO  no build target found for C:\Users\Dayana\OneDrive\Escritorio\POO\Semana11\Ejercicio\Fase03\GestionEstudiantes.java. Using fallback presentation compiler.
2026.03.22 17:58:44 INFO  no build target found for C:\Users\Dayana\OneDrive\Escritorio\POO\Semana11\Ejercicio\Fase03\GestionEstudiantes.java. Using fallback presentation compiler.
mar. 22, 2026 5:58:44 P. M. org.eclipse.lsp4j.jsonrpc.RemoteEndpoint handleCancellation
ADVERTENCIA: Unmatched cancel notification for request id 721
2026.03.22 17:58:44 INFO  no build target found for C:\Users\Dayana\OneDrive\Escritorio\POO\Semana11\Ejercicio\Fase03\GestionEstudiantes.java. Using fallback presentation compiler.
2026.03.22 17:58:44 INFO  no build target found for C:\Users\Dayana\OneDrive\Escritorio\POO\Semana11\Ejercicio\Fase03\GestionEstudiantes.java. Using fallback presentation compiler.
2026.03.22 17:58:45 INFO  no build target found for C:\Users\Dayana\OneDrive\Escritorio\POO\Semana11\Ejercicio\Fase03\GestionEstudiantes.java. Using fallback presentation compiler.
2026.03.22 17:58:49 INFO  no build target found for C:\Users\Dayana\OneDrive\Escritorio\POO\Semana11\Ejercicio\Fase03\GestionEstudiantes.java. Using fallback presentation compiler.
2026.03.22 17:58:49 INFO  no build target found for C:\Users\Dayana\OneDrive\Escritorio\POO\Semana11\Ejercicio\Fase03\GestionEstudiantes.java. Using fallback presentation compiler.
2026.03.22 17:58:50 INFO  no build target found for C:\Users\Dayana\OneDrive\Escritorio\POO\Semana11\Ejercicio\Fase03\GestionEstudiantes.java. Using fallback presentation compiler.
2026.03.22 17:58:50 INFO  no build target found for C:\Users\Dayana\OneDrive\Escritorio\POO\Semana11\Ejercicio\Fase03\GestionEstudiantes.java. Using fallback presentation compiler.
2026.03.22 17:58:52 INFO  no build target found for C:\Users\Dayana\OneDrive\Escritorio\POO\Semana11\Ejercicio\Fase03\GestionEstudiantes.java. Using fallback presentation compiler.
2026.03.22 17:58:52 INFO  no build target found for C:\Users\Dayana\OneDrive\Escritorio\POO\Semana11\Ejercicio\Fase03\GestionEstudiantes.java. Using fallback presentation compiler.
2026.03.22 17:58:57 INFO  no build target found for C:\Users\Dayana\OneDrive\Escritorio\POO\Semana11\Ejercicio\Fase03\GestionEstudiantes.java. Using fallback presentation compiler.
2026.03.22 17:58:57 INFO  no build target found for C:\Users\Dayana\OneDrive\Escritorio\POO\Semana11\Ejercicio\Fase03\GestionEstudiantes.java. Using fallback presentation compiler.
2026.03.22 17:58:58 INFO  no build target found for C:\Users\Dayana\OneDrive\Escritorio\POO\Semana11\Ejercicio\Fase03\GestionEstudiantes.java. Using fallback presentation compiler.
2026.03.22 17:59:00 INFO  no build target found for C:\Users\Dayana\OneDrive\Escritorio\POO\Semana11\Ejercicio\Fase03\GestionEstudiantes.java. Using fallback presentation compiler.
2026.03.22 17:59:00 INFO  no build target found for C:\Users\Dayana\OneDrive\Escritorio\POO\Semana11\Ejercicio\Fase03\GestionEstudiantes.java. Using fallback presentation compiler.
2026.03.22 17:59:01 INFO  no build target found for C:\Users\Dayana\OneDrive\Escritorio\POO\Semana11\Ejercicio\Fase03\GestionEstudiantes.java. Using fallback presentation compiler.
2026.03.22 17:59:01 INFO  no build target found for C:\Users\Dayana\OneDrive\Escritorio\POO\Semana11\Ejercicio\Fase03\GestionEstudiantes.java. Using fallback presentation compiler.
2026.03.22 17:59:02 INFO  no build target found for C:\Users\Dayana\OneDrive\Escritorio\POO\Semana11\Ejercicio\Fase03\GestionEstudiantes.java. Using fallback presentation compiler.
2026.03.22 17:59:02 INFO  no build target found for C:\Users\Dayana\OneDrive\Escritorio\POO\Semana11\Ejercicio\Fase03\GestionEstudiantes.java. Using fallback presentation compiler.
2026.03.22 17:59:04 INFO  no build target found for C:\Users\Dayana\OneDrive\Escritorio\POO\Semana11\Ejercicio\Fase03\GestionEstudiantes.java. Using fallback presentation compiler.
2026.03.22 17:59:04 INFO  no build target found for C:\Users\Dayana\OneDrive\Escritorio\POO\Semana11\Ejercicio\Fase03\GestionEstudiantes.java. Using fallback presentation compiler.
2026.03.22 17:59:08 INFO  no build target found for C:\Users\Dayana\OneDrive\Escritorio\POO\Semana11\Ejercicio\Fase03\GestionEstudiantes.java. Using fallback presentation compiler.
2026.03.22 17:59:08 INFO  no build target found for C:\Users\Dayana\OneDrive\Escritorio\POO\Semana11\Ejercicio\Fase03\GestionEstudiantes.java. Using fallback presentation compiler.
2026.03.22 17:59:12 INFO  no build target found for C:\Users\Dayana\OneDrive\Escritorio\POO\Semana11\Ejercicio\Fase03\GestionEstudiantes.java. Using fallback presentation compiler.
2026.03.22 17:59:12 INFO  no build target found for C:\Users\Dayana\OneDrive\Escritorio\POO\Semana11\Ejercicio\Fase03\GestionEstudiantes.java. Using fallback presentation compiler.
2026.03.22 17:59:13 INFO  no build target found for C:\Users\Dayana\OneDrive\Escritorio\POO\Semana11\Ejercicio\Fase03\GestionEstudiantes.java. Using fallback presentation compiler.
2026.03.22 17:59:14 INFO  no build target found for C:\Users\Dayana\OneDrive\Escritorio\POO\Semana11\Ejercicio\Fase03\GestionEstudiantes.java. Using fallback presentation compiler.
2026.03.22 17:59:14 INFO  no build target found for C:\Users\Dayana\OneDrive\Escritorio\POO\Semana11\Ejercicio\Fase03\GestionEstudiantes.java. Using fallback presentation compiler.
2026.03.22 17:59:16 INFO  no build target found for C:\Users\Dayana\OneDrive\Escritorio\POO\Semana11\Ejercicio\Fase03\GestionEstudiantes.java. Using fallback presentation compiler.
2026.03.22 17:59:16 INFO  no build target found for C:\Users\Dayana\OneDrive\Escritorio\POO\Semana11\Ejercicio\Fase03\GestionEstudiantes.java. Using fallback presentation compiler.
2026.03.22 17:59:16 INFO  no build target found for C:\Users\Dayana\OneDrive\Escritorio\POO\Semana11\Ejercicio\Fase03\GestionEstudiantes.java. Using fallback presentation compiler.
2026.03.22 17:59:36 INFO  no build target found for C:\Users\Dayana\OneDrive\Escritorio\POO\Semana11\Ejercicio\Fase03\GestionEstudiantes.java. Using fallback presentation compiler.
2026.03.22 17:59:36 INFO  no build target found for C:\Users\Dayana\OneDrive\Escritorio\POO\Semana11\Ejercicio\Fase03\GestionEstudiantes.java. Using fallback presentation compiler.
2026.03.22 17:59:37 INFO  no build target found for C:\Users\Dayana\OneDrive\Escritorio\POO\Semana11\Ejercicio\Fase03\GestionEstudiantes.java. Using fallback presentation compiler.
2026.03.22 17:59:37 INFO  no build target found for C:\Users\Dayana\OneDrive\Escritorio\POO\Semana11\Ejercicio\Fase03\GestionEstudiantes.java. Using fallback presentation compiler.
2026.03.22 17:59:39 INFO  no build target found for C:\Users\Dayana\OneDrive\Escritorio\POO\Semana11\Ejercicio\Fase03\GestionEstudiantes.java. Using fallback presentation compiler.
2026.03.22 17:59:39 INFO  no build target found for C:\Users\Dayana\OneDrive\Escritorio\POO\Semana11\Ejercicio\Fase03\GestionEstudiantes.java. Using fallback presentation compiler.
2026.03.22 17:59:39 INFO  no build target found for C:\Users\Dayana\OneDrive\Escritorio\POO\Semana11\Ejercicio\Fase03\GestionEstudiantes.java. Using fallback presentation compiler.
2026.03.22 17:59:40 INFO  no build target found for C:\Users\Dayana\OneDrive\Escritorio\POO\Semana11\Ejercicio\Fase03\GestionEstudiantes.java. Using fallback presentation compiler.
2026.03.22 17:59:40 INFO  no build target found for C:\Users\Dayana\OneDrive\Escritorio\POO\Semana11\Ejercicio\Fase03\GestionEstudiantes.java. Using fallback presentation compiler.
2026.03.22 17:59:42 INFO  no build target found for C:\Users\Dayana\OneDrive\Escritorio\POO\Semana11\Ejercicio\Fase03\GestionEstudiantes.java. Using fallback presentation compiler.
2026.03.22 17:59:42 INFO  no build target found for C:\Users\Dayana\OneDrive\Escritorio\POO\Semana11\Ejercicio\Fase03\GestionEstudiantes.java. Using fallback presentation compiler.
2026.03.22 17:59:42 INFO  no build target found for C:\Users\Dayana\OneDrive\Escritorio\POO\Semana11\Ejercicio\Fase03\GestionEstudiantes.java. Using fallback presentation compiler.
2026.03.22 17:59:43 INFO  no build target found for C:\Users\Dayana\OneDrive\Escritorio\POO\Semana11\Ejercicio\Fase03\GestionEstudiantes.java. Using fallback presentation compiler.
2026.03.22 17:59:43 INFO  no build target found for C:\Users\Dayana\OneDrive\Escritorio\POO\Semana11\Ejercicio\Fase03\GestionEstudiantes.java. Using fallback presentation compiler.
2026.03.22 17:59:44 INFO  no build target found for C:\Users\Dayana\OneDrive\Escritorio\POO\Semana11\Ejercicio\Fase03\GestionEstudiantes.java. Using fallback presentation compiler.
2026.03.22 17:59:44 INFO  no build target found for C:\Users\Dayana\OneDrive\Escritorio\POO\Semana11\Ejercicio\Fase03\GestionEstudiantes.java. Using fallback presentation compiler.
2026.03.22 17:59:45 INFO  no build target found for C:\Users\Dayana\OneDrive\Escritorio\POO\Semana11\Ejercicio\Fase03\GestionEstudiantes.java. Using fallback presentation compiler.
2026.03.22 17:59:45 INFO  no build target found for C:\Users\Dayana\OneDrive\Escritorio\POO\Semana11\Ejercicio\Fase03\GestionEstudiantes.java. Using fallback presentation compiler.
2026.03.22 17:59:47 INFO  no build target found for C:\Users\Dayana\OneDrive\Escritorio\POO\Semana11\Ejercicio\Fase03\GestionEstudiantes.java. Using fallback presentation compiler.
2026.03.22 17:59:47 INFO  no build target found for C:\Users\Dayana\OneDrive\Escritorio\POO\Semana11\Ejercicio\Fase03\GestionEstudiantes.java. Using fallback presentation compiler.
2026.03.22 17:59:48 INFO  no build target found for C:\Users\Dayana\OneDrive\Escritorio\POO\Semana11\Ejercicio\Fase03\GestionEstudiantes.java. Using fallback presentation compiler.
2026.03.22 17:59:48 INFO  no build target found for C:\Users\Dayana\OneDrive\Escritorio\POO\Semana11\Ejercicio\Fase03\GestionEstudiantes.java. Using fallback presentation compiler.
2026.03.22 17:59:48 INFO  no build target found for C:\Users\Dayana\OneDrive\Escritorio\POO\Semana11\Ejercicio\Fase03\GestionEstudiantes.java. Using fallback presentation compiler.
2026.03.22 17:59:50 INFO  no build target found for C:\Users\Dayana\OneDrive\Escritorio\POO\Semana11\Ejercicio\Fase03\GestionEstudiantes.java. Using fallback presentation compiler.
2026.03.22 17:59:50 INFO  no build target found for C:\Users\Dayana\OneDrive\Escritorio\POO\Semana11\Ejercicio\Fase03\GestionEstudiantes.java. Using fallback presentation compiler.
2026.03.22 17:59:51 INFO  no build target found for C:\Users\Dayana\OneDrive\Escritorio\POO\Semana11\Ejercicio\Fase03\GestionEstudiantes.java. Using fallback presentation compiler.
2026.03.22 17:59:51 INFO  no build target found for C:\Users\Dayana\OneDrive\Escritorio\POO\Semana11\Ejercicio\Fase03\GestionEstudiantes.java. Using fallback presentation compiler.
2026.03.22 17:59:51 INFO  no build target found for C:\Users\Dayana\OneDrive\Escritorio\POO\Semana11\Ejercicio\Fase03\GestionEstudiantes.java. Using fallback presentation compiler.
2026.03.22 17:59:53 INFO  no build target found for C:\Users\Dayana\OneDrive\Escritorio\POO\Semana11\Ejercicio\Fase03\GestionEstudiantes.java. Using fallback presentation compiler.
2026.03.22 17:59:53 INFO  no build target found for C:\Users\Dayana\OneDrive\Escritorio\POO\Semana11\Ejercicio\Fase03\GestionEstudiantes.java. Using fallback presentation compiler.
2026.03.22 17:59:53 INFO  no build target found for C:\Users\Dayana\OneDrive\Escritorio\POO\Semana11\Ejercicio\Fase03\GestionEstudiantes.java. Using fallback presentation compiler.
2026.03.22 17:59:55 INFO  no build target found for C:\Users\Dayana\OneDrive\Escritorio\POO\Semana11\Ejercicio\Fase03\GestionEstudiantes.java. Using fallback presentation compiler.
2026.03.22 17:59:55 INFO  no build target found for C:\Users\Dayana\OneDrive\Escritorio\POO\Semana11\Ejercicio\Fase03\GestionEstudiantes.java. Using fallback presentation compiler.
2026.03.22 17:59:57 INFO  no build target found for C:\Users\Dayana\OneDrive\Escritorio\POO\Semana11\Ejercicio\Fase03\GestionEstudiantes.java. Using fallback presentation compiler.
2026.03.22 17:59:57 INFO  no build target found for C:\Users\Dayana\OneDrive\Escritorio\POO\Semana11\Ejercicio\Fase03\GestionEstudiantes.java. Using fallback presentation compiler.
2026.03.22 17:59:58 INFO  no build target found for C:\Users\Dayana\OneDrive\Escritorio\POO\Semana11\Ejercicio\Fase03\GestionEstudiantes.java. Using fallback presentation compiler.
2026.03.22 17:59:58 INFO  no build target found for C:\Users\Dayana\OneDrive\Escritorio\POO\Semana11\Ejercicio\Fase03\GestionEstudiantes.java. Using fallback presentation compiler.
2026.03.22 17:59:58 INFO  no build target found for C:\Users\Dayana\OneDrive\Escritorio\POO\Semana11\Ejercicio\Fase03\GestionEstudiantes.java. Using fallback presentation compiler.
2026.03.22 17:59:59 INFO  no build target found for C:\Users\Dayana\OneDrive\Escritorio\POO\Semana11\Ejercicio\Fase03\GestionEstudiantes.java. Using fallback presentation compiler.
2026.03.22 17:59:59 INFO  no build target found for C:\Users\Dayana\OneDrive\Escritorio\POO\Semana11\Ejercicio\Fase03\GestionEstudiantes.java. Using fallback presentation compiler.
2026.03.22 18:00:00 INFO  no build target found for C:\Users\Dayana\OneDrive\Escritorio\POO\Semana11\Ejercicio\Fase03\GestionEstudiantes.java. Using fallback presentation compiler.
2026.03.22 18:00:00 INFO  no build target found for C:\Users\Dayana\OneDrive\Escritorio\POO\Semana11\Ejercicio\Fase03\GestionEstudiantes.java. Using fallback presentation compiler.
2026.03.22 18:00:08 INFO  no build target found for C:\Users\Dayana\OneDrive\Escritorio\POO\Semana11\Ejercicio\Fase03\GestionEstudiantes.java. Using fallback presentation compiler.
2026.03.22 18:00:12 INFO  no build target found for C:\Users\Dayana\OneDrive\Escritorio\POO\Semana11\Ejercicio\Fase03\GestionEstudiantes.java. Using fallback presentation compiler.
2026.03.22 18:00:15 INFO  no build target found for C:\Users\Dayana\OneDrive\Escritorio\POO\Semana11\Ejercicio\Fase03\GestionEstudiantes.java. Using fallback presentation compiler.
2026.03.22 18:00:15 INFO  no build target found for C:\Users\Dayana\OneDrive\Escritorio\POO\Semana11\Ejercicio\Fase03\GestionEstudiantes.java. Using fallback presentation compiler.
2026.03.22 18:00:18 INFO  no build target found for C:\Users\Dayana\OneDrive\Escritorio\POO\Semana11\Ejercicio\Fase03\GestionEstudiantes.java. Using fallback presentation compiler.
2026.03.22 18:00:27 INFO  no build target found for C:\Users\Dayana\OneDrive\Escritorio\POO\Semana11\Ejercicio\Fase03\GestionEstudiantes.java. Using fallback presentation compiler.
2026.03.22 18:00:27 INFO  no build target found for C:\Users\Dayana\OneDrive\Escritorio\POO\Semana11\Ejercicio\Fase03\GestionEstudiantes.java. Using fallback presentation compiler.
2026.03.22 18:00:28 INFO  no build target found for C:\Users\Dayana\OneDrive\Escritorio\POO\Semana11\Ejercicio\Fase03\GestionEstudiantes.java. Using fallback presentation compiler.
2026.03.22 18:00:28 INFO  no build target found for C:\Users\Dayana\OneDrive\Escritorio\POO\Semana11\Ejercicio\Fase03\GestionEstudiantes.java. Using fallback presentation compiler.
2026.03.22 18:00:29 INFO  no build target found for C:\Users\Dayana\OneDrive\Escritorio\POO\Semana11\Ejercicio\Fase03\GestionEstudiantes.java. Using fallback presentation compiler.
2026.03.22 18:00:28 INFO  no build target found for C:\Users\Dayana\OneDrive\Escritorio\POO\Semana11\Ejercicio\Fase03\GestionEstudiantes.java. Using fallback presentation compiler.
2026.03.22 18:00:28 INFO  no build target found for C:\Users\Dayana\OneDrive\Escritorio\POO\Semana11\Ejercicio\Fase03\GestionEstudiantes.java. Using fallback presentation compiler.
2026.03.22 18:00:29 INFO  no build target found for C:\Users\Dayana\OneDrive\Escritorio\POO\Semana11\Ejercicio\Fase03\GestionEstudiantes.java. Using fallback presentation compiler.
2026.03.22 18:00:28 INFO  no build target found for C:\Users\Dayana\OneDrive\Escritorio\POO\Semana11\Ejercicio\Fase03\GestionEstudiantes.java. Using fallback presentation compiler.
2026.03.22 18:00:29 INFO  no build target found for C:\Users\Dayana\OneDrive\Escritorio\POO\Semana11\Ejercicio\Fase03\GestionEstudiantes.java. Using fallback presentation compiler.
2026.03.22 18:00:29 INFO  no build target found for C:\Users\Dayana\OneDrive\Escritorio\POO\Semana11\Ejercicio\Fase03\GestionEstudiantes.java. Using fallback presentation compiler.
2026.03.22 18:00:29 INFO  no build target found for C:\Users\Dayana\OneDrive\Escritorio\POO\Semana11\Ejercicio\Fase03\GestionEstudiantes.java. Using fallback presentation compiler.
2026.03.22 18:00:29 INFO  no build target found for C:\Users\Dayana\OneDrive\Escritorio\POO\Semana11\Ejercicio\Fase03\GestionEstudiantes.java. Using fallback presentation compiler.
2026.03.22 18:00:30 INFO  no build target found for C:\Users\Dayana\OneDrive\Escritorio\POO\Semana11\Ejercicio\Fase03\GestionEstudiantes.java. Using fallback presentation compiler.
2026.03.22 18:00:29 INFO  no build target found for C:\Users\Dayana\OneDrive\Escritorio\POO\Semana11\Ejercicio\Fase03\GestionEstudiantes.java. Using fallback presentation compiler.
2026.03.22 18:00:29 INFO  no build target found for C:\Users\Dayana\OneDrive\Escritorio\POO\Semana11\Ejercicio\Fase03\GestionEstudiantes.java. Using fallback presentation compiler.
2026.03.22 18:00:30 INFO  no build target found for C:\Users\Dayana\OneDrive\Escritorio\POO\Semana11\Ejercicio\Fase03\GestionEstudiantes.java. Using fallback presentation compiler.
2026.03.22 18:00:29 INFO  no build target found for C:\Users\Dayana\OneDrive\Escritorio\POO\Semana11\Ejercicio\Fase03\GestionEstudiantes.java. Using fallback presentation compiler.
2026.03.22 18:00:31 INFO  no build target found for C:\Users\Dayana\OneDrive\Escritorio\POO\Semana11\Ejercicio\Fase03\GestionEstudiantes.java. Using fallback presentation compiler.
2026.03.22 18:00:30 INFO  no build target found for C:\Users\Dayana\OneDrive\Escritorio\POO\Semana11\Ejercicio\Fase03\GestionEstudiantes.java. Using fallback presentation compiler.
2026.03.22 18:00:31 INFO  no build target found for C:\Users\Dayana\OneDrive\Escritorio\POO\Semana11\Ejercicio\Fase03\GestionEstudiantes.java. Using fallback presentation compiler.
2026.03.22 18:00:31 INFO  no build target found for C:\Users\Dayana\OneDrive\Escritorio\POO\Semana11\Ejercicio\Fase03\GestionEstudiantes.java. Using fallback presentation compiler.
2026.03.22 18:00:30 INFO  no build target found for C:\Users\Dayana\OneDrive\Escritorio\POO\Semana11\Ejercicio\Fase03\GestionEstudiantes.java. Using fallback presentation compiler.
2026.03.22 18:00:31 INFO  no build target found for C:\Users\Dayana\OneDrive\Escritorio\POO\Semana11\Ejercicio\Fase03\GestionEstudiantes.java. Using fallback presentation compiler.
2026.03.22 18:00:31 INFO  no build target found for C:\Users\Dayana\OneDrive\Escritorio\POO\Semana11\Ejercicio\Fase03\GestionEstudiantes.java. Using fallback presentation compiler.
2026.03.22 18:00:31 INFO  no build target found for C:\Users\Dayana\OneDrive\Escritorio\POO\Semana11\Ejercicio\Fase03\GestionEstudiantes.java. Using fallback presentation compiler.
2026.03.22 18:00:33 INFO  no build target found for C:\Users\Dayana\OneDrive\Escritorio\POO\Semana11\Ejercicio\Fase03\GestionEstudiantes.java. Using fallback presentation compiler.
2026.03.22 18:00:33 INFO  no build target found for C:\Users\Dayana\OneDrive\Escritorio\POO\Semana11\Ejercicio\Fase03\GestionEstudiantes.java. Using fallback presentation compiler.
2026.03.22 18:00:33 INFO  no build target found for C:\Users\Dayana\OneDrive\Escritorio\POO\Semana11\Ejercicio\Fase03\GestionEstudiantes.java. Using fallback presentation compiler.
2026.03.22 18:00:33 INFO  no build target found for C:\Users\Dayana\OneDrive\Escritorio\POO\Semana11\Ejercicio\Fase03\GestionEstudiantes.java. Using fallback presentation compiler.
2026.03.22 18:00:33 INFO  no build target found for C:\Users\Dayana\OneDrive\Escritorio\POO\Semana11\Ejercicio\Fase03\GestionEstudiantes.java. Using fallback presentation compiler.
2026.03.22 18:00:33 INFO  no build target found for C:\Users\Dayana\OneDrive\Escritorio\POO\Semana11\Ejercicio\Fase03\GestionEstudiantes.java. Using fallback presentation compiler.
2026.03.22 18:00:33 INFO  no build target found for C:\Users\Dayana\OneDrive\Escritorio\POO\Semana11\Ejercicio\Fase03\GestionEstudiantes.java. Using fallback presentation compiler.
2026.03.22 18:00:33 INFO  no build target found for C:\Users\Dayana\OneDrive\Escritorio\POO\Semana11\Ejercicio\Fase03\GestionEstudiantes.java. Using fallback presentation compiler.
2026.03.22 18:00:34 INFO  no build target found for C:\Users\Dayana\OneDrive\Escritorio\POO\Semana11\Ejercicio\Fase03\GestionEstudiantes.java. Using fallback presentation compiler.
2026.03.22 18:00:34 INFO  no build target found for C:\Users\Dayana\OneDrive\Escritorio\POO\Semana11\Ejercicio\Fase03\GestionEstudiantes.java. Using fallback presentation compiler.
2026.03.22 18:00:34 INFO  no build target found for C:\Users\Dayana\OneDrive\Escritorio\POO\Semana11\Ejercicio\Fase03\GestionEstudiantes.java. Using fallback presentation compiler.
2026.03.22 18:00:34 INFO  no build target found for C:\Users\Dayana\OneDrive\Escritorio\POO\Semana11\Ejercicio\Fase03\GestionEstudiantes.java. Using fallback presentation compiler.
2026.03.22 18:00:34 INFO  no build target found for C:\Users\Dayana\OneDrive\Escritorio\POO\Semana11\Ejercicio\Fase03\GestionEstudiantes.java. Using fallback presentation compiler.
2026.03.22 18:00:34 INFO  no build target found for C:\Users\Dayana\OneDrive\Escritorio\POO\Semana11\Ejercicio\Fase03\GestionEstudiantes.java. Using fallback presentation compiler.
2026.03.22 18:00:34 INFO  no build target found for C:\Users\Dayana\OneDrive\Escritorio\POO\Semana11\Ejercicio\Fase03\GestionEstudiantes.java. Using fallback presentation compiler.
2026.03.22 18:00:35 INFO  no build target found for C:\Users\Dayana\OneDrive\Escritorio\POO\Semana11\Ejercicio\Fase03\GestionEstudiantes.java. Using fallback presentation compiler.
2026.03.22 18:00:34 INFO  no build target found for C:\Users\Dayana\OneDrive\Escritorio\POO\Semana11\Ejercicio\Fase03\GestionEstudiantes.java. Using fallback presentation compiler.
2026.03.22 18:00:35 INFO  no build target found for C:\Users\Dayana\OneDrive\Escritorio\POO\Semana11\Ejercicio\Fase03\GestionEstudiantes.java. Using fallback presentation compiler.
2026.03.22 18:00:35 INFO  no build target found for C:\Users\Dayana\OneDrive\Escritorio\POO\Semana11\Ejercicio\Fase03\GestionEstudiantes.java. Using fallback presentation compiler.
2026.03.22 18:00:35 INFO  no build target found for C:\Users\Dayana\OneDrive\Escritorio\POO\Semana11\Ejercicio\Fase03\GestionEstudiantes.java. Using fallback presentation compiler.
2026.03.22 18:00:35 INFO  no build target found for C:\Users\Dayana\OneDrive\Escritorio\POO\Semana11\Ejercicio\Fase03\GestionEstudiantes.java. Using fallback presentation compiler.
2026.03.22 18:00:36 INFO  no build target found for C:\Users\Dayana\OneDrive\Escritorio\POO\Semana11\Ejercicio\Fase03\GestionEstudiantes.java. Using fallback presentation compiler.
2026.03.22 18:00:35 INFO  no build target found for C:\Users\Dayana\OneDrive\Escritorio\POO\Semana11\Ejercicio\Fase03\GestionEstudiantes.java. Using fallback presentation compiler.
2026.03.22 18:00:35 INFO  no build target found for C:\Users\Dayana\OneDrive\Escritorio\POO\Semana11\Ejercicio\Fase03\GestionEstudiantes.java. Using fallback presentation compiler.
2026.03.22 18:00:36 INFO  no build target found for C:\Users\Dayana\OneDrive\Escritorio\POO\Semana11\Ejercicio\Fase03\GestionEstudiantes.java. Using fallback presentation compiler.
2026.03.22 18:00:37 INFO  no build target found for C:\Users\Dayana\OneDrive\Escritorio\POO\Semana11\Ejercicio\Fase03\GestionEstudiantes.java. Using fallback presentation compiler.
2026.03.22 18:00:37 INFO  no build target found for C:\Users\Dayana\OneDrive\Escritorio\POO\Semana11\Ejercicio\Fase03\GestionEstudiantes.java. Using fallback presentation compiler.
2026.03.22 18:00:37 INFO  no build target found for C:\Users\Dayana\OneDrive\Escritorio\POO\Semana11\Ejercicio\Fase03\GestionEstudiantes.java. Using fallback presentation compiler.
2026.03.22 18:00:37 INFO  no build target found for C:\Users\Dayana\OneDrive\Escritorio\POO\Semana11\Ejercicio\Fase03\GestionEstudiantes.java. Using fallback presentation compiler.
2026.03.22 18:00:37 INFO  no build target found for C:\Users\Dayana\OneDrive\Escritorio\POO\Semana11\Ejercicio\Fase03\GestionEstudiantes.java. Using fallback presentation compiler.
2026.03.22 18:00:37 INFO  no build target found for C:\Users\Dayana\OneDrive\Escritorio\POO\Semana11\Ejercicio\Fase03\GestionEstudiantes.java. Using fallback presentation compiler.
2026.03.22 18:00:37 INFO  no build target found for C:\Users\Dayana\OneDrive\Escritorio\POO\Semana11\Ejercicio\Fase03\GestionEstudiantes.java. Using fallback presentation compiler.
2026.03.22 18:00:38 INFO  no build target found for C:\Users\Dayana\OneDrive\Escritorio\POO\Semana11\Ejercicio\Fase03\GestionEstudiantes.java. Using fallback presentation compiler.
2026.03.22 18:00:38 INFO  no build target found for C:\Users\Dayana\OneDrive\Escritorio\POO\Semana11\Ejercicio\Fase03\GestionEstudiantes.java. Using fallback presentation compiler.
2026.03.22 18:00:38 INFO  no build target found for C:\Users\Dayana\OneDrive\Escritorio\POO\Semana11\Ejercicio\Fase03\GestionEstudiantes.java. Using fallback presentation compiler.
2026.03.22 18:00:38 INFO  no build target found for C:\Users\Dayana\OneDrive\Escritorio\POO\Semana11\Ejercicio\Fase03\GestionEstudiantes.java. Using fallback presentation compiler.
2026.03.22 18:00:38 INFO  no build target found for C:\Users\Dayana\OneDrive\Escritorio\POO\Semana11\Ejercicio\Fase03\GestionEstudiantes.java. Using fallback presentation compiler.
mar. 22, 2026 6:00:38 P. M. org.eclipse.lsp4j.jsonrpc.RemoteEndpoint handleCancellation
ADVERTENCIA: Unmatched cancel notification for request id 895
2026.03.22 18:00:38 INFO  no build target found for C:\Users\Dayana\OneDrive\Escritorio\POO\Semana11\Ejercicio\Fase03\GestionEstudiantes.java. Using fallback presentation compiler.
2026.03.22 18:00:38 INFO  no build target found for C:\Users\Dayana\OneDrive\Escritorio\POO\Semana11\Ejercicio\Fase03\GestionEstudiantes.java. Using fallback presentation compiler.
2026.03.22 18:00:38 INFO  no build target found for C:\Users\Dayana\OneDrive\Escritorio\POO\Semana11\Ejercicio\Fase03\GestionEstudiantes.java. Using fallback presentation compiler.
2026.03.22 18:00:38 INFO  no build target found for C:\Users\Dayana\OneDrive\Escritorio\POO\Semana11\Ejercicio\Fase03\GestionEstudiantes.java. Using fallback presentation compiler.
2026.03.22 18:00:40 INFO  no build target found for C:\Users\Dayana\OneDrive\Escritorio\POO\Semana11\Ejercicio\Fase03\GestionEstudiantes.java. Using fallback presentation compiler.
2026.03.22 18:00:40 INFO  no build target found for C:\Users\Dayana\OneDrive\Escritorio\POO\Semana11\Ejercicio\Fase03\GestionEstudiantes.java. Using fallback presentation compiler.
2026.03.22 18:00:41 INFO  no build target found for C:\Users\Dayana\OneDrive\Escritorio\POO\Semana11\Ejercicio\Fase03\GestionEstudiantes.java. Using fallback presentation compiler.
2026.03.22 18:00:40 INFO  no build target found for C:\Users\Dayana\OneDrive\Escritorio\POO\Semana11\Ejercicio\Fase03\GestionEstudiantes.java. Using fallback presentation compiler.
2026.03.22 18:00:41 INFO  no build target found for C:\Users\Dayana\OneDrive\Escritorio\POO\Semana11\Ejercicio\Fase03\GestionEstudiantes.java. Using fallback presentation compiler.
2026.03.22 18:00:41 INFO  no build target found for C:\Users\Dayana\OneDrive\Escritorio\POO\Semana11\Ejercicio\Fase03\GestionEstudiantes.java. Using fallback presentation compiler.
2026.03.22 18:00:41 INFO  no build target found for C:\Users\Dayana\OneDrive\Escritorio\POO\Semana11\Ejercicio\Fase03\GestionEstudiantes.java. Using fallback presentation compiler.
2026.03.22 18:00:41 INFO  no build target found for C:\Users\Dayana\OneDrive\Escritorio\POO\Semana11\Ejercicio\Fase03\GestionEstudiantes.java. Using fallback presentation compiler.
2026.03.22 18:00:42 INFO  no build target found for C:\Users\Dayana\OneDrive\Escritorio\POO\Semana11\Ejercicio\Fase03\GestionEstudiantes.java. Using fallback presentation compiler.
2026.03.22 18:00:41 INFO  no build target found for C:\Users\Dayana\OneDrive\Escritorio\POO\Semana11\Ejercicio\Fase03\GestionEstudiantes.java. Using fallback presentation compiler.
2026.03.22 18:00:41 INFO  no build target found for C:\Users\Dayana\OneDrive\Escritorio\POO\Semana11\Ejercicio\Fase03\GestionEstudiantes.java. Using fallback presentation compiler.
2026.03.22 18:00:42 INFO  no build target found for C:\Users\Dayana\OneDrive\Escritorio\POO\Semana11\Ejercicio\Fase03\GestionEstudiantes.java. Using fallback presentation compiler.
2026.03.22 18:00:41 INFO  no build target found for C:\Users\Dayana\OneDrive\Escritorio\POO\Semana11\Ejercicio\Fase03\GestionEstudiantes.java. Using fallback presentation compiler.
2026.03.22 18:00:43 INFO  no build target found for C:\Users\Dayana\OneDrive\Escritorio\POO\Semana11\Ejercicio\Fase03\GestionEstudiantes.java. Using fallback presentation compiler.
2026.03.22 18:00:43 INFO  no build target found for C:\Users\Dayana\OneDrive\Escritorio\POO\Semana11\Ejercicio\Fase03\GestionEstudiantes.java. Using fallback presentation compiler.
2026.03.22 18:00:43 INFO  no build target found for C:\Users\Dayana\OneDrive\Escritorio\POO\Semana11\Ejercicio\Fase03\GestionEstudiantes.java. Using fallback presentation compiler.
2026.03.22 18:00:43 INFO  no build target found for C:\Users\Dayana\OneDrive\Escritorio\POO\Semana11\Ejercicio\Fase03\GestionEstudiantes.java. Using fallback presentation compiler.
2026.03.22 18:00:44 INFO  no build target found for C:\Users\Dayana\OneDrive\Escritorio\POO\Semana11\Ejercicio\Fase03\GestionEstudiantes.java. Using fallback presentation compiler.
2026.03.22 18:00:44 INFO  no build target found for C:\Users\Dayana\OneDrive\Escritorio\POO\Semana11\Ejercicio\Fase03\GestionEstudiantes.java. Using fallback presentation compiler.
2026.03.22 18:00:44 INFO  no build target found for C:\Users\Dayana\OneDrive\Escritorio\POO\Semana11\Ejercicio\Fase03\GestionEstudiantes.java. Using fallback presentation compiler.
2026.03.22 18:00:44 INFO  no build target found for C:\Users\Dayana\OneDrive\Escritorio\POO\Semana11\Ejercicio\Fase03\GestionEstudiantes.java. Using fallback presentation compiler.
2026.03.22 18:00:45 INFO  no build target found for C:\Users\Dayana\OneDrive\Escritorio\POO\Semana11\Ejercicio\Fase03\GestionEstudiantes.java. Using fallback presentation compiler.
2026.03.22 18:00:45 INFO  no build target found for C:\Users\Dayana\OneDrive\Escritorio\POO\Semana11\Ejercicio\Fase03\GestionEstudiantes.java. Using fallback presentation compiler.
2026.03.22 18:00:45 INFO  no build target found for C:\Users\Dayana\OneDrive\Escritorio\POO\Semana11\Ejercicio\Fase03\GestionEstudiantes.java. Using fallback presentation compiler.
2026.03.22 18:00:45 INFO  no build target found for C:\Users\Dayana\OneDrive\Escritorio\POO\Semana11\Ejercicio\Fase03\GestionEstudiantes.java. Using fallback presentation compiler.
2026.03.22 18:00:46 INFO  no build target found for C:\Users\Dayana\OneDrive\Escritorio\POO\Semana11\Ejercicio\Fase03\GestionEstudiantes.java. Using fallback presentation compiler.
2026.03.22 18:00:46 INFO  no build target found for C:\Users\Dayana\OneDrive\Escritorio\POO\Semana11\Ejercicio\Fase03\GestionEstudiantes.java. Using fallback presentation compiler.
2026.03.22 18:00:46 INFO  no build target found for C:\Users\Dayana\OneDrive\Escritorio\POO\Semana11\Ejercicio\Fase03\GestionEstudiantes.java. Using fallback presentation compiler.
2026.03.22 18:00:46 INFO  no build target found for C:\Users\Dayana\OneDrive\Escritorio\POO\Semana11\Ejercicio\Fase03\GestionEstudiantes.java. Using fallback presentation compiler.
2026.03.22 18:00:46 INFO  no build target found for C:\Users\Dayana\OneDrive\Escritorio\POO\Semana11\Ejercicio\Fase03\GestionEstudiantes.java. Using fallback presentation compiler.
2026.03.22 18:00:47 INFO  no build target found for C:\Users\Dayana\OneDrive\Escritorio\POO\Semana11\Ejercicio\Fase03\GestionEstudiantes.java. Using fallback presentation compiler.
2026.03.22 18:00:47 INFO  no build target found for C:\Users\Dayana\OneDrive\Escritorio\POO\Semana11\Ejercicio\Fase03\GestionEstudiantes.java. Using fallback presentation compiler.
2026.03.22 18:00:47 INFO  no build target found for C:\Users\Dayana\OneDrive\Escritorio\POO\Semana11\Ejercicio\Fase03\GestionEstudiantes.java. Using fallback presentation compiler.
2026.03.22 18:00:47 INFO  no build target found for C:\Users\Dayana\OneDrive\Escritorio\POO\Semana11\Ejercicio\Fase03\GestionEstudiantes.java. Using fallback presentation compiler.
2026.03.22 18:00:48 INFO  no build target found for C:\Users\Dayana\OneDrive\Escritorio\POO\Semana11\Ejercicio\Fase03\GestionEstudiantes.java. Using fallback presentation compiler.
2026.03.22 18:00:48 INFO  no build target found for C:\Users\Dayana\OneDrive\Escritorio\POO\Semana11\Ejercicio\Fase03\GestionEstudiantes.java. Using fallback presentation compiler.
2026.03.22 18:00:48 INFO  no build target found for C:\Users\Dayana\OneDrive\Escritorio\POO\Semana11\Ejercicio\Fase03\GestionEstudiantes.java. Using fallback presentation compiler.
2026.03.22 18:00:48 INFO  no build target found for C:\Users\Dayana\OneDrive\Escritorio\POO\Semana11\Ejercicio\Fase03\GestionEstudiantes.java. Using fallback presentation compiler.
2026.03.22 18:00:49 INFO  no build target found for C:\Users\Dayana\OneDrive\Escritorio\POO\Semana11\Ejercicio\Fase03\GestionEstudiantes.java. Using fallback presentation compiler.
2026.03.22 18:00:49 INFO  no build target found for C:\Users\Dayana\OneDrive\Escritorio\POO\Semana11\Ejercicio\Fase03\GestionEstudiantes.java. Using fallback presentation compiler.
2026.03.22 18:00:50 INFO  no build target found for C:\Users\Dayana\OneDrive\Escritorio\POO\Semana11\Ejercicio\Fase03\GestionEstudiantes.java. Using fallback presentation compiler.
2026.03.22 18:00:49 INFO  no build target found for C:\Users\Dayana\OneDrive\Escritorio\POO\Semana11\Ejercicio\Fase03\GestionEstudiantes.java. Using fallback presentation compiler.
2026.03.22 18:00:49 INFO  no build target found for C:\Users\Dayana\OneDrive\Escritorio\POO\Semana11\Ejercicio\Fase03\GestionEstudiantes.java. Using fallback presentation compiler.
2026.03.22 18:00:50 INFO  no build target found for C:\Users\Dayana\OneDrive\Escritorio\POO\Semana11\Ejercicio\Fase03\GestionEstudiantes.java. Using fallback presentation compiler.
2026.03.22 18:00:49 INFO  no build target found for C:\Users\Dayana\OneDrive\Escritorio\POO\Semana11\Ejercicio\Fase03\GestionEstudiantes.java. Using fallback presentation compiler.
2026.03.22 18:00:49 INFO  no build target found for C:\Users\Dayana\OneDrive\Escritorio\POO\Semana11\Ejercicio\Fase03\GestionEstudiantes.java. Using fallback presentation compiler.
2026.03.22 18:00:51 INFO  no build target found for C:\Users\Dayana\OneDrive\Escritorio\POO\Semana11\Ejercicio\Fase03\GestionEstudiantes.java. Using fallback presentation compiler.
2026.03.22 18:00:51 INFO  no build target found for C:\Users\Dayana\OneDrive\Escritorio\POO\Semana11\Ejercicio\Fase03\GestionEstudiantes.java. Using fallback presentation compiler.
2026.03.22 18:00:51 INFO  no build target found for C:\Users\Dayana\OneDrive\Escritorio\POO\Semana11\Ejercicio\Fase03\GestionEstudiantes.java. Using fallback presentation compiler.
2026.03.22 18:00:51 INFO  no build target found for C:\Users\Dayana\OneDrive\Escritorio\POO\Semana11\Ejercicio\Fase03\GestionEstudiantes.java. Using fallback presentation compiler.
2026.03.22 18:00:51 INFO  no build target found for C:\Users\Dayana\OneDrive\Escritorio\POO\Semana11\Ejercicio\Fase03\GestionEstudiantes.java. Using fallback presentation compiler.
2026.03.22 18:00:51 INFO  no build target found for C:\Users\Dayana\OneDrive\Escritorio\POO\Semana11\Ejercicio\Fase03\GestionEstudiantes.java. Using fallback presentation compiler.
2026.03.22 18:00:51 INFO  no build target found for C:\Users\Dayana\OneDrive\Escritorio\POO\Semana11\Ejercicio\Fase03\GestionEstudiantes.java. Using fallback presentation compiler.
2026.03.22 18:00:51 INFO  no build target found for C:\Users\Dayana\OneDrive\Escritorio\POO\Semana11\Ejercicio\Fase03\GestionEstudiantes.java. Using fallback presentation compiler.
2026.03.22 18:00:51 INFO  no build target found for C:\Users\Dayana\OneDrive\Escritorio\POO\Semana11\Ejercicio\Fase03\GestionEstudiantes.java. Using fallback presentation compiler.
2026.03.22 18:00:52 INFO  no build target found for C:\Users\Dayana\OneDrive\Escritorio\POO\Semana11\Ejercicio\Fase03\GestionEstudiantes.java. Using fallback presentation compiler.
2026.03.22 18:00:52 INFO  no build target found for C:\Users\Dayana\OneDrive\Escritorio\POO\Semana11\Ejercicio\Fase03\GestionEstudiantes.java. Using fallback presentation compiler.
2026.03.22 18:00:52 INFO  no build target found for C:\Users\Dayana\OneDrive\Escritorio\POO\Semana11\Ejercicio\Fase03\GestionEstudiantes.java. Using fallback presentation compiler.
2026.03.22 18:00:52 INFO  no build target found for C:\Users\Dayana\OneDrive\Escritorio\POO\Semana11\Ejercicio\Fase03\GestionEstudiantes.java. Using fallback presentation compiler.
2026.03.22 18:00:52 INFO  no build target found for C:\Users\Dayana\OneDrive\Escritorio\POO\Semana11\Ejercicio\Fase03\GestionEstudiantes.java. Using fallback presentation compiler.
2026.03.22 18:00:52 INFO  no build target found for C:\Users\Dayana\OneDrive\Escritorio\POO\Semana11\Ejercicio\Fase03\GestionEstudiantes.java. Using fallback presentation compiler.
2026.03.22 18:00:52 INFO  no build target found for C:\Users\Dayana\OneDrive\Escritorio\POO\Semana11\Ejercicio\Fase03\GestionEstudiantes.java. Using fallback presentation compiler.
2026.03.22 18:00:52 INFO  no build target found for C:\Users\Dayana\OneDrive\Escritorio\POO\Semana11\Ejercicio\Fase03\GestionEstudiantes.java. Using fallback presentation compiler.
2026.03.22 18:00:52 INFO  no build target found for C:\Users\Dayana\OneDrive\Escritorio\POO\Semana11\Ejercicio\Fase03\GestionEstudiantes.java. Using fallback presentation compiler.
2026.03.22 18:00:52 INFO  no build target found for C:\Users\Dayana\OneDrive\Escritorio\POO\Semana11\Ejercicio\Fase03\GestionEstudiantes.java. Using fallback presentation compiler.
2026.03.22 18:00:53 INFO  no build target found for C:\Users\Dayana\OneDrive\Escritorio\POO\Semana11\Ejercicio\Fase03\GestionEstudiantes.java. Using fallback presentation compiler.
2026.03.22 18:00:53 INFO  no build target found for C:\Users\Dayana\OneDrive\Escritorio\POO\Semana11\Ejercicio\Fase03\GestionEstudiantes.java. Using fallback presentation compiler.
2026.03.22 18:00:53 INFO  no build target found for C:\Users\Dayana\OneDrive\Escritorio\POO\Semana11\Ejercicio\Fase03\GestionEstudiantes.java. Using fallback presentation compiler.
2026.03.22 18:00:53 INFO  no build target found for C:\Users\Dayana\OneDrive\Escritorio\POO\Semana11\Ejercicio\Fase03\GestionEstudiantes.java. Using fallback presentation compiler.
2026.03.22 18:00:53 INFO  no build target found for C:\Users\Dayana\OneDrive\Escritorio\POO\Semana11\Ejercicio\Fase03\GestionEstudiantes.java. Using fallback presentation compiler.
2026.03.22 18:00:53 INFO  no build target found for C:\Users\Dayana\OneDrive\Escritorio\POO\Semana11\Ejercicio\Fase03\GestionEstudiantes.java. Using fallback presentation compiler.
2026.03.22 18:00:54 INFO  no build target found for C:\Users\Dayana\OneDrive\Escritorio\POO\Semana11\Ejercicio\Fase03\GestionEstudiantes.java. Using fallback presentation compiler.
2026.03.22 18:00:53 INFO  no build target found for C:\Users\Dayana\OneDrive\Escritorio\POO\Semana11\Ejercicio\Fase03\GestionEstudiantes.java. Using fallback presentation compiler.
2026.03.22 18:00:58 INFO  no build target found for C:\Users\Dayana\OneDrive\Escritorio\POO\Semana11\Ejercicio\Fase03\GestionEstudiantes.java. Using fallback presentation compiler.
2026.03.22 18:00:59 INFO  no build target found for C:\Users\Dayana\OneDrive\Escritorio\POO\Semana11\Ejercicio\Fase03\GestionEstudiantes.java. Using fallback presentation compiler.
2026.03.22 18:01:01 INFO  no build target found for C:\Users\Dayana\OneDrive\Escritorio\POO\Semana11\Ejercicio\Fase03\GestionEstudiantes.java. Using fallback presentation compiler.
2026.03.22 18:01:01 INFO  no build target found for C:\Users\Dayana\OneDrive\Escritorio\POO\Semana11\Ejercicio\Fase03\GestionEstudiantes.java. Using fallback presentation compiler.
2026.03.22 18:01:03 INFO  no build target found for C:\Users\Dayana\OneDrive\Escritorio\POO\Semana11\Ejercicio\Fase03\GestionEstudiantes.java. Using fallback presentation compiler.
2026.03.22 18:01:03 INFO  no build target found for C:\Users\Dayana\OneDrive\Escritorio\POO\Semana11\Ejercicio\Fase03\GestionEstudiantes.java. Using fallback presentation compiler.
2026.03.22 18:01:03 INFO  no build target found for C:\Users\Dayana\OneDrive\Escritorio\POO\Semana11\Ejercicio\Fase03\GestionEstudiantes.java. Using fallback presentation compiler.
2026.03.22 18:01:04 INFO  no build target found for C:\Users\Dayana\OneDrive\Escritorio\POO\Semana11\Ejercicio\Fase03\GestionEstudiantes.java. Using fallback presentation compiler.
2026.03.22 18:01:04 INFO  no build target found for C:\Users\Dayana\OneDrive\Escritorio\POO\Semana11\Ejercicio\Fase03\GestionEstudiantes.java. Using fallback presentation compiler.
2026.03.22 18:01:07 INFO  no build target found for C:\Users\Dayana\OneDrive\Escritorio\POO\Semana11\Ejercicio\Fase03\GestionEstudiantes.java. Using fallback presentation compiler.
2026.03.22 18:01:07 INFO  no build target found for C:\Users\Dayana\OneDrive\Escritorio\POO\Semana11\Ejercicio\Fase03\GestionEstudiantes.java. Using fallback presentation compiler.
2026.03.22 18:01:08 INFO  no build target found for C:\Users\Dayana\OneDrive\Escritorio\POO\Semana11\Ejercicio\Fase03\GestionEstudiantes.java. Using fallback presentation compiler.
2026.03.22 18:01:10 INFO  no build target found for C:\Users\Dayana\OneDrive\Escritorio\POO\Semana11\Ejercicio\Fase03\GestionEstudiantes.java. Using fallback presentation compiler.
2026.03.22 18:01:11 INFO  no build target found for C:\Users\Dayana\OneDrive\Escritorio\POO\Semana11\Ejercicio\Fase03\GestionEstudiantes.java. Using fallback presentation compiler.
2026.03.22 18:01:11 INFO  no build target found for C:\Users\Dayana\OneDrive\Escritorio\POO\Semana11\Ejercicio\Fase03\GestionEstudiantes.java. Using fallback presentation compiler.
2026.03.22 18:01:11 INFO  no build target found for C:\Users\Dayana\OneDrive\Escritorio\POO\Semana11\Ejercicio\Fase03\GestionEstudiantes.java. Using fallback presentation compiler.
2026.03.22 18:01:12 INFO  no build target found for C:\Users\Dayana\OneDrive\Escritorio\POO\Semana11\Ejercicio\Fase03\GestionEstudiantes.java. Using fallback presentation compiler.
2026.03.22 18:01:12 INFO  no build target found for C:\Users\Dayana\OneDrive\Escritorio\POO\Semana11\Ejercicio\Fase03\GestionEstudiantes.java. Using fallback presentation compiler.
2026.03.22 18:01:14 INFO  no build target found for C:\Users\Dayana\OneDrive\Escritorio\POO\Semana11\Ejercicio\Fase03\GestionEstudiantes.java. Using fallback presentation compiler.
2026.03.22 18:01:14 INFO  no build target found for C:\Users\Dayana\OneDrive\Escritorio\POO\Semana11\Ejercicio\Fase03\GestionEstudiantes.java. Using fallback presentation compiler.
2026.03.22 18:01:14 INFO  no build target found for C:\Users\Dayana\OneDrive\Escritorio\POO\Semana11\Ejercicio\Fase03\GestionEstudiantes.java. Using fallback presentation compiler.
2026.03.22 18:01:15 INFO  no build target found for C:\Users\Dayana\OneDrive\Escritorio\POO\Semana11\Ejercicio\Fase03\GestionEstudiantes.java. Using fallback presentation compiler.
2026.03.22 18:01:15 INFO  no build target found for C:\Users\Dayana\OneDrive\Escritorio\POO\Semana11\Ejercicio\Fase03\GestionEstudiantes.java. Using fallback presentation compiler.
2026.03.22 18:01:16 INFO  no build target found for C:\Users\Dayana\OneDrive\Escritorio\POO\Semana11\Ejercicio\Fase03\GestionEstudiantes.java. Using fallback presentation compiler.
2026.03.22 18:01:16 INFO  no build target found for C:\Users\Dayana\OneDrive\Escritorio\POO\Semana11\Ejercicio\Fase03\GestionEstudiantes.java. Using fallback presentation compiler.
2026.03.22 18:01:16 INFO  no build target found for C:\Users\Dayana\OneDrive\Escritorio\POO\Semana11\Ejercicio\Fase03\GestionEstudiantes.java. Using fallback presentation compiler.
2026.03.22 18:01:17 INFO  no build target found for C:\Users\Dayana\OneDrive\Escritorio\POO\Semana11\Ejercicio\Fase03\GestionEstudiantes.java. Using fallback presentation compiler.
2026.03.22 18:01:17 INFO  no build target found for C:\Users\Dayana\OneDrive\Escritorio\POO\Semana11\Ejercicio\Fase03\GestionEstudiantes.java. Using fallback presentation compiler.
2026.03.22 18:01:17 INFO  no build target found for C:\Users\Dayana\OneDrive\Escritorio\POO\Semana11\Ejercicio\Fase03\GestionEstudiantes.java. Using fallback presentation compiler.
2026.03.22 18:01:17 INFO  no build target found for C:\Users\Dayana\OneDrive\Escritorio\POO\Semana11\Ejercicio\Fase03\GestionEstudiantes.java. Using fallback presentation compiler.
2026.03.22 18:01:18 INFO  no build target found for C:\Users\Dayana\OneDrive\Escritorio\POO\Semana11\Ejercicio\Fase03\GestionEstudiantes.java. Using fallback presentation compiler.
2026.03.22 18:01:18 INFO  no build target found for C:\Users\Dayana\OneDrive\Escritorio\POO\Semana11\Ejercicio\Fase03\GestionEstudiantes.java. Using fallback presentation compiler.
2026.03.22 18:01:18 INFO  no build target found for C:\Users\Dayana\OneDrive\Escritorio\POO\Semana11\Ejercicio\Fase03\GestionEstudiantes.java. Using fallback presentation compiler.
2026.03.22 18:01:20 INFO  no build target found for C:\Users\Dayana\OneDrive\Escritorio\POO\Semana11\Ejercicio\Fase03\GestionEstudiantes.java. Using fallback presentation compiler.
2026.03.22 18:01:25 INFO  no build target found for C:\Users\Dayana\OneDrive\Escritorio\POO\Semana11\Ejercicio\Fase03\GestionEstudiantes.java. Using fallback presentation compiler.
2026.03.22 18:01:25 INFO  no build target found for C:\Users\Dayana\OneDrive\Escritorio\POO\Semana11\Ejercicio\Fase03\GestionEstudiantes.java. Using fallback presentation compiler.
2026.03.22 18:01:30 INFO  no build target found for C:\Users\Dayana\OneDrive\Escritorio\POO\Semana11\Ejercicio\Fase03\GestionEstudiantes.java. Using fallback presentation compiler.
2026.03.22 18:01:33 INFO  no build target found for C:\Users\Dayana\OneDrive\Escritorio\POO\Semana11\Ejercicio\Fase03\GestionEstudiantes.java. Using fallback presentation compiler.
2026.03.22 18:01:33 INFO  no build target found for C:\Users\Dayana\OneDrive\Escritorio\POO\Semana11\Ejercicio\Fase03\GestionEstudiantes.java. Using fallback presentation compiler.
2026.03.22 18:01:35 INFO  no build target found for C:\Users\Dayana\OneDrive\Escritorio\POO\Semana11\Ejercicio\Fase03\GestionEstudiantes.java. Using fallback presentation compiler.
2026.03.22 18:01:35 INFO  no build target found for C:\Users\Dayana\OneDrive\Escritorio\POO\Semana11\Ejercicio\Fase03\GestionEstudiantes.java. Using fallback presentation compiler.
2026.03.22 18:01:36 INFO  no build target found for C:\Users\Dayana\OneDrive\Escritorio\POO\Semana11\Ejercicio\Fase03\GestionEstudiantes.java. Using fallback presentation compiler.
2026.03.22 18:01:36 INFO  no build target found for C:\Users\Dayana\OneDrive\Escritorio\POO\Semana11\Ejercicio\Fase03\GestionEstudiantes.java. Using fallback presentation compiler.
2026.03.22 18:01:54 INFO  no build target found for C:\Users\Dayana\OneDrive\Escritorio\POO\Semana11\Ejercicio\Fase03\GestionEstudiantes.java. Using fallback presentation compiler.
2026.03.22 18:02:00 INFO  no build target found for C:\Users\Dayana\OneDrive\Escritorio\POO\Semana11\Ejercicio\Fase03\GestionEstudiantes.java. Using fallback presentation compiler.
2026.03.22 18:02:11 INFO  no build target found for C:\Users\Dayana\OneDrive\Escritorio\POO\Semana11\Ejercicio\Fase03\GestionEstudiantes.java. Using fallback presentation compiler.
2026.03.22 18:02:11 INFO  no build target found for C:\Users\Dayana\OneDrive\Escritorio\POO\Semana11\Ejercicio\Fase03\GestionEstudiantes.java. Using fallback presentation compiler.
2026.03.22 18:02:12 INFO  no build target found for C:\Users\Dayana\OneDrive\Escritorio\POO\Semana11\Ejercicio\Fase03\GestionEstudiantes.java. Using fallback presentation compiler.
2026.03.22 18:02:45 INFO  no build target found for C:\Users\Dayana\OneDrive\Escritorio\POO\Semana11\Ejercicio\Fase03\GestionEstudiantes.java. Using fallback presentation compiler.
2026.03.22 18:02:45 INFO  no build target found for C:\Users\Dayana\OneDrive\Escritorio\POO\Semana11\Ejercicio\Fase03\GestionEstudiantes.java. Using fallback presentation compiler.
2026.03.22 18:02:45 INFO  no build target found for C:\Users\Dayana\OneDrive\Escritorio\POO\Semana11\Ejercicio\Fase03\GestionEstudiantes.java. Using fallback presentation compiler.
2026.03.22 18:02:46 INFO  no build target found for C:\Users\Dayana\OneDrive\Escritorio\POO\Semana11\Ejercicio\Fase03\GestionEstudiantes.java. Using fallback presentation compiler.
2026.03.22 18:02:45 INFO  no build target found for C:\Users\Dayana\OneDrive\Escritorio\POO\Semana11\Ejercicio\Fase03\GestionEstudiantes.java. Using fallback presentation compiler.
2026.03.22 18:02:46 INFO  no build target found for C:\Users\Dayana\OneDrive\Escritorio\POO\Semana11\Ejercicio\Fase03\GestionEstudiantes.java. Using fallback presentation compiler.
2026.03.22 18:02:46 INFO  no build target found for C:\Users\Dayana\OneDrive\Escritorio\POO\Semana11\Ejercicio\Fase03\GestionEstudiantes.java. Using fallback presentation compiler.
2026.03.22 18:02:46 INFO  no build target found for C:\Users\Dayana\OneDrive\Escritorio\POO\Semana11\Ejercicio\Fase03\GestionEstudiantes.java. Using fallback presentation compiler.
2026.03.22 18:02:46 INFO  no build target found for C:\Users\Dayana\OneDrive\Escritorio\POO\Semana11\Ejercicio\Fase03\GestionEstudiantes.java. Using fallback presentation compiler.
2026.03.22 18:02:47 INFO  no build target found for C:\Users\Dayana\OneDrive\Escritorio\POO\Semana11\Ejercicio\Fase03\GestionEstudiantes.java. Using fallback presentation compiler.
2026.03.22 18:02:46 INFO  no build target found for C:\Users\Dayana\OneDrive\Escritorio\POO\Semana11\Ejercicio\Fase03\GestionEstudiantes.java. Using fallback presentation compiler.
2026.03.22 18:02:47 INFO  no build target found for C:\Users\Dayana\OneDrive\Escritorio\POO\Semana11\Ejercicio\Fase03\GestionEstudiantes.java. Using fallback presentation compiler.
2026.03.22 18:02:48 INFO  no build target found for C:\Users\Dayana\OneDrive\Escritorio\POO\Semana11\Ejercicio\Fase03\GestionEstudiantes.java. Using fallback presentation compiler.
2026.03.22 18:02:48 INFO  no build target found for C:\Users\Dayana\OneDrive\Escritorio\POO\Semana11\Ejercicio\Fase03\GestionEstudiantes.java. Using fallback presentation compiler.
2026.03.22 18:02:48 INFO  no build target found for C:\Users\Dayana\OneDrive\Escritorio\POO\Semana11\Ejercicio\Fase03\GestionEstudiantes.java. Using fallback presentation compiler.
2026.03.22 18:02:48 INFO  no build target found for C:\Users\Dayana\OneDrive\Escritorio\POO\Semana11\Ejercicio\Fase03\GestionEstudiantes.java. Using fallback presentation compiler.
2026.03.22 18:02:48 INFO  no build target found for C:\Users\Dayana\OneDrive\Escritorio\POO\Semana11\Ejercicio\Fase03\GestionEstudiantes.java. Using fallback presentation compiler.
2026.03.22 18:02:49 INFO  no build target found for C:\Users\Dayana\OneDrive\Escritorio\POO\Semana11\Ejercicio\Fase03\GestionEstudiantes.java. Using fallback presentation compiler.
2026.03.22 18:02:49 INFO  no build target found for C:\Users\Dayana\OneDrive\Escritorio\POO\Semana11\Ejercicio\Fase03\GestionEstudiantes.java. Using fallback presentation compiler.
2026.03.22 18:02:56 INFO  no build target found for C:\Users\Dayana\OneDrive\Escritorio\POO\Semana11\Ejercicio\Fase03\GestionEstudiantes.java. Using fallback presentation compiler.
2026.03.22 18:02:58 INFO  no build target found for C:\Users\Dayana\OneDrive\Escritorio\POO\Semana11\Ejercicio\Fase03\GestionEstudiantes.java. Using fallback presentation compiler.
2026.03.22 18:02:58 INFO  no build target found for C:\Users\Dayana\OneDrive\Escritorio\POO\Semana11\Ejercicio\Fase03\GestionEstudiantes.java. Using fallback presentation compiler.
2026.03.22 18:02:58 INFO  no build target found for C:\Users\Dayana\OneDrive\Escritorio\POO\Semana11\Ejercicio\Fase03\GestionEstudiantes.java. Using fallback presentation compiler.
2026.03.22 18:03:00 INFO  no build target found for C:\Users\Dayana\OneDrive\Escritorio\POO\Semana11\Ejercicio\Fase03\GestionEstudiantes.java. Using fallback presentation compiler.
2026.03.22 18:03:00 INFO  no build target found for C:\Users\Dayana\OneDrive\Escritorio\POO\Semana11\Ejercicio\Fase03\GestionEstudiantes.java. Using fallback presentation compiler.
2026.03.22 18:03:00 INFO  no build target found for C:\Users\Dayana\OneDrive\Escritorio\POO\Semana11\Ejercicio\Fase03\GestionEstudiantes.java. Using fallback presentation compiler.
2026.03.22 18:03:02 INFO  no build target found for C:\Users\Dayana\OneDrive\Escritorio\POO\Semana11\Ejercicio\Fase03\GestionEstudiantes.java. Using fallback presentation compiler.
2026.03.22 18:03:02 INFO  no build target found for C:\Users\Dayana\OneDrive\Escritorio\POO\Semana11\Ejercicio\Fase03\GestionEstudiantes.java. Using fallback presentation compiler.
2026.03.22 18:03:02 INFO  no build target found for C:\Users\Dayana\OneDrive\Escritorio\POO\Semana11\Ejercicio\Fase03\GestionEstudiantes.java. Using fallback presentation compiler.
2026.03.22 18:03:04 INFO  no build target found for C:\Users\Dayana\OneDrive\Escritorio\POO\Semana11\Ejercicio\Fase03\GestionEstudiantes.java. Using fallback presentation compiler.
2026.03.22 18:03:04 INFO  no build target found for C:\Users\Dayana\OneDrive\Escritorio\POO\Semana11\Ejercicio\Fase03\GestionEstudiantes.java. Using fallback presentation compiler.
2026.03.22 18:03:09 INFO  no build target found for C:\Users\Dayana\OneDrive\Escritorio\POO\Semana11\Ejercicio\Fase03\GestionEstudiantes.java. Using fallback presentation compiler.
2026.03.22 18:03:09 INFO  no build target found for C:\Users\Dayana\OneDrive\Escritorio\POO\Semana11\Ejercicio\Fase03\GestionEstudiantes.java. Using fallback presentation compiler.
2026.03.22 18:03:09 INFO  no build target found for C:\Users\Dayana\OneDrive\Escritorio\POO\Semana11\Ejercicio\Fase03\GestionEstudiantes.java. Using fallback presentation compiler.
2026.03.22 18:03:09 INFO  no build target found for C:\Users\Dayana\OneDrive\Escritorio\POO\Semana11\Ejercicio\Fase03\GestionEstudiantes.java. Using fallback presentation compiler.
2026.03.22 18:03:10 INFO  no build target found for C:\Users\Dayana\OneDrive\Escritorio\POO\Semana11\Ejercicio\Fase03\GestionEstudiantes.java. Using fallback presentation compiler.
2026.03.22 18:03:10 INFO  no build target found for C:\Users\Dayana\OneDrive\Escritorio\POO\Semana11\Ejercicio\Fase03\GestionEstudiantes.java. Using fallback presentation compiler.
2026.03.22 18:03:12 INFO  no build target found for C:\Users\Dayana\OneDrive\Escritorio\POO\Semana11\Ejercicio\Fase03\GestionEstudiantes.java. Using fallback presentation compiler.
2026.03.22 18:03:12 INFO  no build target found for C:\Users\Dayana\OneDrive\Escritorio\POO\Semana11\Ejercicio\Fase03\GestionEstudiantes.java. Using fallback presentation compiler.
2026.03.22 18:03:13 INFO  no build target found for C:\Users\Dayana\OneDrive\Escritorio\POO\Semana11\Ejercicio\Fase03\GestionEstudiantes.java. Using fallback presentation compiler.
2026.03.22 18:03:14 INFO  no build target found for C:\Users\Dayana\OneDrive\Escritorio\POO\Semana11\Ejercicio\Fase03\GestionEstudiantes.java. Using fallback presentation compiler.
2026.03.22 18:03:14 INFO  no build target found for C:\Users\Dayana\OneDrive\Escritorio\POO\Semana11\Ejercicio\Fase03\GestionEstudiantes.java. Using fallback presentation compiler.
2026.03.22 18:03:14 INFO  no build target found for C:\Users\Dayana\OneDrive\Escritorio\POO\Semana11\Ejercicio\Fase03\GestionEstudiantes.java. Using fallback presentation compiler.
2026.03.22 18:03:15 INFO  no build target found for C:\Users\Dayana\OneDrive\Escritorio\POO\Semana11\Ejercicio\Fase03\GestionEstudiantes.java. Using fallback presentation compiler.
2026.03.22 18:03:24 INFO  no build target found for C:\Users\Dayana\OneDrive\Escritorio\POO\Semana11\Ejercicio\Fase03\GestionEstudiantes.java. Using fallback presentation compiler.
2026.03.22 18:03:31 INFO  no build target found for C:\Users\Dayana\OneDrive\Escritorio\POO\Semana11\Ejercicio\Fase03\GestionEstudiantes.java. Using fallback presentation compiler.
2026.03.22 18:03:31 INFO  no build target found for C:\Users\Dayana\OneDrive\Escritorio\POO\Semana11\Ejercicio\Fase03\GestionEstudiantes.java. Using fallback presentation compiler.
2026.03.22 18:03:31 INFO  no build target found for C:\Users\Dayana\OneDrive\Escritorio\POO\Semana11\Ejercicio\Fase03\GestionEstudiantes.java. Using fallback presentation compiler.
2026.03.22 18:03:32 INFO  no build target found for C:\Users\Dayana\OneDrive\Escritorio\POO\Semana11\Ejercicio\Fase03\GestionEstudiantes.java. Using fallback presentation compiler.
2026.03.22 18:03:32 INFO  no build target found for C:\Users\Dayana\OneDrive\Escritorio\POO\Semana11\Ejercicio\Fase03\GestionEstudiantes.java. Using fallback presentation compiler.
2026.03.22 18:03:33 INFO  no build target found for C:\Users\Dayana\OneDrive\Escritorio\POO\Semana11\Ejercicio\Fase03\GestionEstudiantes.java. Using fallback presentation compiler.
2026.03.22 18:03:39 INFO  no build target found for C:\Users\Dayana\OneDrive\Escritorio\POO\Semana11\Ejercicio\Fase03\GestionEstudiantes.java. Using fallback presentation compiler.
2026.03.22 18:03:41 INFO  no build target found for C:\Users\Dayana\OneDrive\Escritorio\POO\Semana11\Ejercicio\Fase03\GestionEstudiantes.java. Using fallback presentation compiler.
2026.03.22 18:03:41 INFO  no build target found for C:\Users\Dayana\OneDrive\Escritorio\POO\Semana11\Ejercicio\Fase03\GestionEstudiantes.java. Using fallback presentation compiler.
2026.03.22 18:03:41 INFO  no build target found for C:\Users\Dayana\OneDrive\Escritorio\POO\Semana11\Ejercicio\Fase03\GestionEstudiantes.java. Using fallback presentation compiler.
2026.03.22 18:03:42 INFO  no build target found for C:\Users\Dayana\OneDrive\Escritorio\POO\Semana11\Ejercicio\Fase03\GestionEstudiantes.java. Using fallback presentation compiler.
2026.03.22 18:03:42 INFO  no build target found for C:\Users\Dayana\OneDrive\Escritorio\POO\Semana11\Ejercicio\Fase03\GestionEstudiantes.java. Using fallback presentation compiler.
2026.03.22 18:03:42 INFO  no build target found for C:\Users\Dayana\OneDrive\Escritorio\POO\Semana11\Ejercicio\Fase03\GestionEstudiantes.java. Using fallback presentation compiler.
mar. 22, 2026 6:03:42 P. M. org.eclipse.lsp4j.jsonrpc.RemoteEndpoint handleCancellation
ADVERTENCIA: Unmatched cancel notification for request id 1207
2026.03.22 18:03:42 INFO  no build target found for C:\Users\Dayana\OneDrive\Escritorio\POO\Semana11\Ejercicio\Fase03\GestionEstudiantes.java. Using fallback presentation compiler.
2026.03.22 18:03:42 INFO  no build target found for C:\Users\Dayana\OneDrive\Escritorio\POO\Semana11\Ejercicio\Fase03\GestionEstudiantes.java. Using fallback presentation compiler.
2026.03.22 18:03:42 INFO  no build target found for C:\Users\Dayana\OneDrive\Escritorio\POO\Semana11\Ejercicio\Fase03\GestionEstudiantes.java. Using fallback presentation compiler.
2026.03.22 18:03:42 INFO  no build target found for C:\Users\Dayana\OneDrive\Escritorio\POO\Semana11\Ejercicio\Fase03\GestionEstudiantes.java. Using fallback presentation compiler.
2026.03.22 18:03:42 INFO  no build target found for C:\Users\Dayana\OneDrive\Escritorio\POO\Semana11\Ejercicio\Fase03\GestionEstudiantes.java. Using fallback presentation compiler.
2026.03.22 18:03:43 INFO  no build target found for C:\Users\Dayana\OneDrive\Escritorio\POO\Semana11\Ejercicio\Fase03\GestionEstudiantes.java. Using fallback presentation compiler.
2026.03.22 18:03:44 INFO  no build target found for C:\Users\Dayana\OneDrive\Escritorio\POO\Semana11\Ejercicio\Fase03\GestionEstudiantes.java. Using fallback presentation compiler.
2026.03.22 18:03:44 INFO  no build target found for C:\Users\Dayana\OneDrive\Escritorio\POO\Semana11\Ejercicio\Fase03\GestionEstudiantes.java. Using fallback presentation compiler.
2026.03.22 18:03:44 INFO  no build target found for C:\Users\Dayana\OneDrive\Escritorio\POO\Semana11\Ejercicio\Fase03\GestionEstudiantes.java. Using fallback presentation compiler.
2026.03.22 18:03:44 INFO  no build target found for C:\Users\Dayana\OneDrive\Escritorio\POO\Semana11\Ejercicio\Fase03\GestionEstudiantes.java. Using fallback presentation compiler.
2026.03.22 18:03:44 INFO  no build target found for C:\Users\Dayana\OneDrive\Escritorio\POO\Semana11\Ejercicio\Fase03\GestionEstudiantes.java. Using fallback presentation compiler.
2026.03.22 18:03:45 INFO  no build target found for C:\Users\Dayana\OneDrive\Escritorio\POO\Semana11\Ejercicio\Fase03\GestionEstudiantes.java. Using fallback presentation compiler.
2026.03.22 18:03:45 INFO  no build target found for C:\Users\Dayana\OneDrive\Escritorio\POO\Semana11\Ejercicio\Fase03\GestionEstudiantes.java. Using fallback presentation compiler.
2026.03.22 18:03:46 INFO  no build target found for C:\Users\Dayana\OneDrive\Escritorio\POO\Semana11\Ejercicio\Fase03\GestionEstudiantes.java. Using fallback presentation compiler.
2026.03.22 18:03:48 INFO  no build target found for C:\Users\Dayana\OneDrive\Escritorio\POO\Semana11\Ejercicio\Fase03\GestionEstudiantes.java. Using fallback presentation compiler.
2026.03.22 18:03:53 INFO  no build target found for C:\Users\Dayana\OneDrive\Escritorio\POO\Semana11\Ejercicio\Fase03\GestionEstudiantes.java. Using fallback presentation compiler.
2026.03.22 18:03:53 INFO  no build target found for C:\Users\Dayana\OneDrive\Escritorio\POO\Semana11\Ejercicio\Fase03\GestionEstudiantes.java. Using fallback presentation compiler.
2026.03.22 18:03:53 INFO  no build target found for C:\Users\Dayana\OneDrive\Escritorio\POO\Semana11\Ejercicio\Fase03\GestionEstudiantes.java. Using fallback presentation compiler.
2026.03.22 18:03:55 INFO  no build target found for C:\Users\Dayana\OneDrive\Escritorio\POO\Semana11\Ejercicio\Fase03\GestionEstudiantes.java. Using fallback presentation compiler.
2026.03.22 18:03:56 INFO  no build target found for C:\Users\Dayana\OneDrive\Escritorio\POO\Semana11\Ejercicio\Fase03\GestionEstudiantes.java. Using fallback presentation compiler.
2026.03.22 18:03:56 INFO  no build target found for C:\Users\Dayana\OneDrive\Escritorio\POO\Semana11\Ejercicio\Fase03\GestionEstudiantes.java. Using fallback presentation compiler.
2026.03.22 18:03:58 INFO  no build target found for C:\Users\Dayana\OneDrive\Escritorio\POO\Semana11\Ejercicio\Fase03\GestionEstudiantes.java. Using fallback presentation compiler.
2026.03.22 18:03:58 INFO  no build target found for C:\Users\Dayana\OneDrive\Escritorio\POO\Semana11\Ejercicio\Fase03\GestionEstudiantes.java. Using fallback presentation compiler.
2026.03.22 18:03:59 INFO  no build target found for C:\Users\Dayana\OneDrive\Escritorio\POO\Semana11\Ejercicio\Fase03\GestionEstudiantes.java. Using fallback presentation compiler.
2026.03.22 18:03:59 INFO  no build target found for C:\Users\Dayana\OneDrive\Escritorio\POO\Semana11\Ejercicio\Fase03\GestionEstudiantes.java. Using fallback presentation compiler.
2026.03.22 18:04:00 INFO  no build target found for C:\Users\Dayana\OneDrive\Escritorio\POO\Semana11\Ejercicio\Fase03\GestionEstudiantes.java. Using fallback presentation compiler.
2026.03.22 18:04:03 INFO  no build target found for C:\Users\Dayana\OneDrive\Escritorio\POO\Semana11\Ejercicio\Fase03\GestionEstudiantes.java. Using fallback presentation compiler.
2026.03.22 18:04:27 INFO  no build target found for C:\Users\Dayana\OneDrive\Escritorio\POO\Semana11\Ejercicio\Fase03\GestionEstudiantes.java. Using fallback presentation compiler.
2026.03.22 18:04:27 INFO  no build target found for C:\Users\Dayana\OneDrive\Escritorio\POO\Semana11\Ejercicio\Fase03\GestionEstudiantes.java. Using fallback presentation compiler.
2026.03.22 18:04:28 INFO  no build target found for C:\Users\Dayana\OneDrive\Escritorio\POO\Semana11\Ejercicio\Fase03\GestionEstudiantes.java. Using fallback presentation compiler.
2026.03.22 18:04:28 INFO  no build target found for C:\Users\Dayana\OneDrive\Escritorio\POO\Semana11\Ejercicio\Fase03\GestionEstudiantes.java. Using fallback presentation compiler.
2026.03.22 18:04:28 INFO  no build target found for C:\Users\Dayana\OneDrive\Escritorio\POO\Semana11\Ejercicio\Fase03\GestionEstudiantes.java. Using fallback presentation compiler.
2026.03.22 18:04:28 INFO  no build target found for C:\Users\Dayana\OneDrive\Escritorio\POO\Semana11\Ejercicio\Fase03\GestionEstudiantes.java. Using fallback presentation compiler.
2026.03.22 18:04:28 INFO  no build target found for C:\Users\Dayana\OneDrive\Escritorio\POO\Semana11\Ejercicio\Fase03\GestionEstudiantes.java. Using fallback presentation compiler.
2026.03.22 18:04:29 INFO  no build target found for C:\Users\Dayana\OneDrive\Escritorio\POO\Semana11\Ejercicio\Fase03\GestionEstudiantes.java. Using fallback presentation compiler.
2026.03.22 18:04:29 INFO  no build target found for C:\Users\Dayana\OneDrive\Escritorio\POO\Semana11\Ejercicio\Fase03\GestionEstudiantes.java. Using fallback presentation compiler.
2026.03.22 18:04:30 INFO  no build target found for C:\Users\Dayana\OneDrive\Escritorio\POO\Semana11\Ejercicio\Fase03\GestionEstudiantes.java. Using fallback presentation compiler.
2026.03.22 18:04:29 INFO  no build target found for C:\Users\Dayana\OneDrive\Escritorio\POO\Semana11\Ejercicio\Fase03\GestionEstudiantes.java. Using fallback presentation compiler.
2026.03.22 18:04:29 INFO  no build target found for C:\Users\Dayana\OneDrive\Escritorio\POO\Semana11\Ejercicio\Fase03\GestionEstudiantes.java. Using fallback presentation compiler.
2026.03.22 18:04:30 INFO  no build target found for C:\Users\Dayana\OneDrive\Escritorio\POO\Semana11\Ejercicio\Fase03\GestionEstudiantes.java. Using fallback presentation compiler.
2026.03.22 18:04:30 INFO  no build target found for C:\Users\Dayana\OneDrive\Escritorio\POO\Semana11\Ejercicio\Fase03\GestionEstudiantes.java. Using fallback presentation compiler.
2026.03.22 18:04:30 INFO  no build target found for C:\Users\Dayana\OneDrive\Escritorio\POO\Semana11\Ejercicio\Fase03\GestionEstudiantes.java. Using fallback presentation compiler.
2026.03.22 18:04:32 INFO  no build target found for C:\Users\Dayana\OneDrive\Escritorio\POO\Semana11\Ejercicio\Fase03\GestionEstudiantes.java. Using fallback presentation compiler.
2026.03.22 18:04:32 INFO  no build target found for C:\Users\Dayana\OneDrive\Escritorio\POO\Semana11\Ejercicio\Fase03\GestionEstudiantes.java. Using fallback presentation compiler.
2026.03.22 18:04:32 INFO  no build target found for C:\Users\Dayana\OneDrive\Escritorio\POO\Semana11\Ejercicio\Fase03\GestionEstudiantes.java. Using fallback presentation compiler.
2026.03.22 18:04:33 INFO  no build target found for C:\Users\Dayana\OneDrive\Escritorio\POO\Semana11\Ejercicio\Fase03\GestionEstudiantes.java. Using fallback presentation compiler.
2026.03.22 18:04:33 INFO  no build target found for C:\Users\Dayana\OneDrive\Escritorio\POO\Semana11\Ejercicio\Fase03\GestionEstudiantes.java. Using fallback presentation compiler.
2026.03.22 18:04:33 INFO  no build target found for C:\Users\Dayana\OneDrive\Escritorio\POO\Semana11\Ejercicio\Fase03\GestionEstudiantes.java. Using fallback presentation compiler.
2026.03.22 18:04:33 INFO  no build target found for C:\Users\Dayana\OneDrive\Escritorio\POO\Semana11\Ejercicio\Fase03\GestionEstudiantes.java. Using fallback presentation compiler.
2026.03.22 18:04:34 INFO  no build target found for C:\Users\Dayana\OneDrive\Escritorio\POO\Semana11\Ejercicio\Fase03\GestionEstudiantes.java. Using fallback presentation compiler.
2026.03.22 18:04:33 INFO  no build target found for C:\Users\Dayana\OneDrive\Escritorio\POO\Semana11\Ejercicio\Fase03\GestionEstudiantes.java. Using fallback presentation compiler.
2026.03.22 18:04:34 INFO  no build target found for C:\Users\Dayana\OneDrive\Escritorio\POO\Semana11\Ejercicio\Fase03\GestionEstudiantes.java. Using fallback presentation compiler.
2026.03.22 18:04:34 INFO  no build target found for C:\Users\Dayana\OneDrive\Escritorio\POO\Semana11\Ejercicio\Fase03\GestionEstudiantes.java. Using fallback presentation compiler.
2026.03.22 18:04:34 INFO  no build target found for C:\Users\Dayana\OneDrive\Escritorio\POO\Semana11\Ejercicio\Fase03\GestionEstudiantes.java. Using fallback presentation compiler.
2026.03.22 18:04:34 INFO  no build target found for C:\Users\Dayana\OneDrive\Escritorio\POO\Semana11\Ejercicio\Fase03\GestionEstudiantes.java. Using fallback presentation compiler.
2026.03.22 18:04:34 INFO  no build target found for C:\Users\Dayana\OneDrive\Escritorio\POO\Semana11\Ejercicio\Fase03\GestionEstudiantes.java. Using fallback presentation compiler.
2026.03.22 18:04:34 INFO  no build target found for C:\Users\Dayana\OneDrive\Escritorio\POO\Semana11\Ejercicio\Fase03\GestionEstudiantes.java. Using fallback presentation compiler.
2026.03.22 18:04:36 INFO  no build target found for C:\Users\Dayana\OneDrive\Escritorio\POO\Semana11\Ejercicio\Fase03\GestionEstudiantes.java. Using fallback presentation compiler.
2026.03.22 18:04:36 INFO  no build target found for C:\Users\Dayana\OneDrive\Escritorio\POO\Semana11\Ejercicio\Fase03\GestionEstudiantes.java. Using fallback presentation compiler.
2026.03.22 18:04:36 INFO  no build target found for C:\Users\Dayana\OneDrive\Escritorio\POO\Semana11\Ejercicio\Fase03\GestionEstudiantes.java. Using fallback presentation compiler.
2026.03.22 18:04:36 INFO  no build target found for C:\Users\Dayana\OneDrive\Escritorio\POO\Semana11\Ejercicio\Fase03\GestionEstudiantes.java. Using fallback presentation compiler.
2026.03.22 18:04:36 INFO  no build target found for C:\Users\Dayana\OneDrive\Escritorio\POO\Semana11\Ejercicio\Fase03\GestionEstudiantes.java. Using fallback presentation compiler.
2026.03.22 18:04:36 INFO  no build target found for C:\Users\Dayana\OneDrive\Escritorio\POO\Semana11\Ejercicio\Fase03\GestionEstudiantes.java. Using fallback presentation compiler.
2026.03.22 18:04:36 INFO  no build target found for C:\Users\Dayana\OneDrive\Escritorio\POO\Semana11\Ejercicio\Fase03\GestionEstudiantes.java. Using fallback presentation compiler.
2026.03.22 18:04:36 INFO  no build target found for C:\Users\Dayana\OneDrive\Escritorio\POO\Semana11\Ejercicio\Fase03\GestionEstudiantes.java. Using fallback presentation compiler.
2026.03.22 18:04:36 INFO  no build target found for C:\Users\Dayana\OneDrive\Escritorio\POO\Semana11\Ejercicio\Fase03\GestionEstudiantes.java. Using fallback presentation compiler.
2026.03.22 18:04:37 INFO  no build target found for C:\Users\Dayana\OneDrive\Escritorio\POO\Semana11\Ejercicio\Fase03\GestionEstudiantes.java. Using fallback presentation compiler.
2026.03.22 18:04:43 INFO  no build target found for C:\Users\Dayana\OneDrive\Escritorio\POO\Semana11\Ejercicio\Fase03\GestionEstudiantes.java. Using fallback presentation compiler.
2026.03.22 18:04:44 INFO  no build target found for C:\Users\Dayana\OneDrive\Escritorio\POO\Semana11\Ejercicio\Fase03\GestionEstudiantes.java. Using fallback presentation compiler.
2026.03.22 18:04:44 INFO  no build target found for C:\Users\Dayana\OneDrive\Escritorio\POO\Semana11\Ejercicio\Fase03\GestionEstudiantes.java. Using fallback presentation compiler.
2026.03.22 18:04:46 INFO  no build target found for C:\Users\Dayana\OneDrive\Escritorio\POO\Semana11\Ejercicio\Fase03\GestionEstudiantes.java. Using fallback presentation compiler.
2026.03.22 18:04:46 INFO  no build target found for C:\Users\Dayana\OneDrive\Escritorio\POO\Semana11\Ejercicio\Fase03\GestionEstudiantes.java. Using fallback presentation compiler.
2026.03.22 18:04:46 INFO  no build target found for C:\Users\Dayana\OneDrive\Escritorio\POO\Semana11\Ejercicio\Fase03\GestionEstudiantes.java. Using fallback presentation compiler.
2026.03.22 18:04:46 INFO  no build target found for C:\Users\Dayana\OneDrive\Escritorio\POO\Semana11\Ejercicio\Fase03\GestionEstudiantes.java. Using fallback presentation compiler.
2026.03.22 18:04:47 INFO  no build target found for C:\Users\Dayana\OneDrive\Escritorio\POO\Semana11\Ejercicio\Fase03\GestionEstudiantes.java. Using fallback presentation compiler.
2026.03.22 18:04:46 INFO  no build target found for C:\Users\Dayana\OneDrive\Escritorio\POO\Semana11\Ejercicio\Fase03\GestionEstudiantes.java. Using fallback presentation compiler.
2026.03.22 18:04:47 INFO  no build target found for C:\Users\Dayana\OneDrive\Escritorio\POO\Semana11\Ejercicio\Fase03\GestionEstudiantes.java. Using fallback presentation compiler.
2026.03.22 18:04:47 INFO  no build target found for C:\Users\Dayana\OneDrive\Escritorio\POO\Semana11\Ejercicio\Fase03\GestionEstudiantes.java. Using fallback presentation compiler.
2026.03.22 18:04:47 INFO  no build target found for C:\Users\Dayana\OneDrive\Escritorio\POO\Semana11\Ejercicio\Fase03\GestionEstudiantes.java. Using fallback presentation compiler.
2026.03.22 18:04:47 INFO  no build target found for C:\Users\Dayana\OneDrive\Escritorio\POO\Semana11\Ejercicio\Fase03\GestionEstudiantes.java. Using fallback presentation compiler.
2026.03.22 18:04:48 INFO  no build target found for C:\Users\Dayana\OneDrive\Escritorio\POO\Semana11\Ejercicio\Fase03\GestionEstudiantes.java. Using fallback presentation compiler.
2026.03.22 18:04:48 INFO  no build target found for C:\Users\Dayana\OneDrive\Escritorio\POO\Semana11\Ejercicio\Fase03\GestionEstudiantes.java. Using fallback presentation compiler.
2026.03.22 18:04:49 INFO  no build target found for C:\Users\Dayana\OneDrive\Escritorio\POO\Semana11\Ejercicio\Fase03\GestionEstudiantes.java. Using fallback presentation compiler.
2026.03.22 18:04:49 INFO  no build target found for C:\Users\Dayana\OneDrive\Escritorio\POO\Semana11\Ejercicio\Fase03\GestionEstudiantes.java. Using fallback presentation compiler.
2026.03.22 18:04:49 INFO  no build target found for C:\Users\Dayana\OneDrive\Escritorio\POO\Semana11\Ejercicio\Fase03\GestionEstudiantes.java. Using fallback presentation compiler.
2026.03.22 18:04:49 INFO  no build target found for C:\Users\Dayana\OneDrive\Escritorio\POO\Semana11\Ejercicio\Fase03\GestionEstudiantes.java. Using fallback presentation compiler.
2026.03.22 18:04:51 INFO  no build target found for C:\Users\Dayana\OneDrive\Escritorio\POO\Semana11\Ejercicio\Fase03\GestionEstudiantes.java. Using fallback presentation compiler.
2026.03.22 18:04:51 INFO  no build target found for C:\Users\Dayana\OneDrive\Escritorio\POO\Semana11\Ejercicio\Fase03\GestionEstudiantes.java. Using fallback presentation compiler.
2026.03.22 18:04:51 INFO  no build target found for C:\Users\Dayana\OneDrive\Escritorio\POO\Semana11\Ejercicio\Fase03\GestionEstudiantes.java. Using fallback presentation compiler.
2026.03.22 18:04:51 INFO  no build target found for C:\Users\Dayana\OneDrive\Escritorio\POO\Semana11\Ejercicio\Fase03\GestionEstudiantes.java. Using fallback presentation compiler.
2026.03.22 18:04:51 INFO  no build target found for C:\Users\Dayana\OneDrive\Escritorio\POO\Semana11\Ejercicio\Fase03\GestionEstudiantes.java. Using fallback presentation compiler.
2026.03.22 18:04:52 INFO  no build target found for C:\Users\Dayana\OneDrive\Escritorio\POO\Semana11\Ejercicio\Fase03\GestionEstudiantes.java. Using fallback presentation compiler.
2026.03.22 18:04:51 INFO  no build target found for C:\Users\Dayana\OneDrive\Escritorio\POO\Semana11\Ejercicio\Fase03\GestionEstudiantes.java. Using fallback presentation compiler.
2026.03.22 18:04:52 INFO  no build target found for C:\Users\Dayana\OneDrive\Escritorio\POO\Semana11\Ejercicio\Fase03\GestionEstudiantes.java. Using fallback presentation compiler.
2026.03.22 18:04:52 INFO  no build target found for C:\Users\Dayana\OneDrive\Escritorio\POO\Semana11\Ejercicio\Fase03\GestionEstudiantes.java. Using fallback presentation compiler.
2026.03.22 18:04:52 INFO  no build target found for C:\Users\Dayana\OneDrive\Escritorio\POO\Semana11\Ejercicio\Fase03\GestionEstudiantes.java. Using fallback presentation compiler.
2026.03.22 18:04:52 INFO  no build target found for C:\Users\Dayana\OneDrive\Escritorio\POO\Semana11\Ejercicio\Fase03\GestionEstudiantes.java. Using fallback presentation compiler.
2026.03.22 18:04:52 INFO  no build target found for C:\Users\Dayana\OneDrive\Escritorio\POO\Semana11\Ejercicio\Fase03\GestionEstudiantes.java. Using fallback presentation compiler.
2026.03.22 18:04:52 INFO  no build target found for C:\Users\Dayana\OneDrive\Escritorio\POO\Semana11\Ejercicio\Fase03\GestionEstudiantes.java. Using fallback presentation compiler.
2026.03.22 18:04:52 INFO  no build target found for C:\Users\Dayana\OneDrive\Escritorio\POO\Semana11\Ejercicio\Fase03\GestionEstudiantes.java. Using fallback presentation compiler.
2026.03.22 18:04:53 INFO  no build target found for C:\Users\Dayana\OneDrive\Escritorio\POO\Semana11\Ejercicio\Fase03\GestionEstudiantes.java. Using fallback presentation compiler.
2026.03.22 18:04:54 INFO  no build target found for C:\Users\Dayana\OneDrive\Escritorio\POO\Semana11\Ejercicio\Fase03\GestionEstudiantes.java. Using fallback presentation compiler.
2026.03.22 18:04:54 INFO  no build target found for C:\Users\Dayana\OneDrive\Escritorio\POO\Semana11\Ejercicio\Fase03\GestionEstudiantes.java. Using fallback presentation compiler.
2026.03.22 18:04:54 INFO  no build target found for C:\Users\Dayana\OneDrive\Escritorio\POO\Semana11\Ejercicio\Fase03\GestionEstudiantes.java. Using fallback presentation compiler.
2026.03.22 18:04:54 INFO  no build target found for C:\Users\Dayana\OneDrive\Escritorio\POO\Semana11\Ejercicio\Fase03\GestionEstudiantes.java. Using fallback presentation compiler.
2026.03.22 18:04:54 INFO  no build target found for C:\Users\Dayana\OneDrive\Escritorio\POO\Semana11\Ejercicio\Fase03\GestionEstudiantes.java. Using fallback presentation compiler.
2026.03.22 18:04:54 INFO  no build target found for C:\Users\Dayana\OneDrive\Escritorio\POO\Semana11\Ejercicio\Fase03\GestionEstudiantes.java. Using fallback presentation compiler.
2026.03.22 18:04:55 INFO  no build target found for C:\Users\Dayana\OneDrive\Escritorio\POO\Semana11\Ejercicio\Fase03\GestionEstudiantes.java. Using fallback presentation compiler.
2026.03.22 18:04:55 INFO  no build target found for C:\Users\Dayana\OneDrive\Escritorio\POO\Semana11\Ejercicio\Fase03\GestionEstudiantes.java. Using fallback presentation compiler.
2026.03.22 18:04:55 INFO  no build target found for C:\Users\Dayana\OneDrive\Escritorio\POO\Semana11\Ejercicio\Fase03\GestionEstudiantes.java. Using fallback presentation compiler.
2026.03.22 18:04:55 INFO  no build target found for C:\Users\Dayana\OneDrive\Escritorio\POO\Semana11\Ejercicio\Fase03\GestionEstudiantes.java. Using fallback presentation compiler.
2026.03.22 18:04:56 INFO  no build target found for C:\Users\Dayana\OneDrive\Escritorio\POO\Semana11\Ejercicio\Fase03\GestionEstudiantes.java. Using fallback presentation compiler.
2026.03.22 18:04:55 INFO  no build target found for C:\Users\Dayana\OneDrive\Escritorio\POO\Semana11\Ejercicio\Fase03\GestionEstudiantes.java. Using fallback presentation compiler.
2026.03.22 18:04:56 INFO  no build target found for C:\Users\Dayana\OneDrive\Escritorio\POO\Semana11\Ejercicio\Fase03\GestionEstudiantes.java. Using fallback presentation compiler.
2026.03.22 18:04:56 INFO  no build target found for C:\Users\Dayana\OneDrive\Escritorio\POO\Semana11\Ejercicio\Fase03\GestionEstudiantes.java. Using fallback presentation compiler.
2026.03.22 18:04:56 INFO  no build target found for C:\Users\Dayana\OneDrive\Escritorio\POO\Semana11\Ejercicio\Fase03\GestionEstudiantes.java. Using fallback presentation compiler.
2026.03.22 18:04:56 INFO  no build target found for C:\Users\Dayana\OneDrive\Escritorio\POO\Semana11\Ejercicio\Fase03\GestionEstudiantes.java. Using fallback presentation compiler.
2026.03.22 18:04:57 INFO  no build target found for C:\Users\Dayana\OneDrive\Escritorio\POO\Semana11\Ejercicio\Fase03\GestionEstudiantes.java. Using fallback presentation compiler.
2026.03.22 18:04:56 INFO  no build target found for C:\Users\Dayana\OneDrive\Escritorio\POO\Semana11\Ejercicio\Fase03\GestionEstudiantes.java. Using fallback presentation compiler.
2026.03.22 18:04:56 INFO  no build target found for C:\Users\Dayana\OneDrive\Escritorio\POO\Semana11\Ejercicio\Fase03\GestionEstudiantes.java. Using fallback presentation compiler.
2026.03.22 18:04:57 INFO  no build target found for C:\Users\Dayana\OneDrive\Escritorio\POO\Semana11\Ejercicio\Fase03\GestionEstudiantes.java. Using fallback presentation compiler.
2026.03.22 18:04:58 INFO  no build target found for C:\Users\Dayana\OneDrive\Escritorio\POO\Semana11\Ejercicio\Fase03\GestionEstudiantes.java. Using fallback presentation compiler.
2026.03.22 18:04:58 INFO  no build target found for C:\Users\Dayana\OneDrive\Escritorio\POO\Semana11\Ejercicio\Fase03\GestionEstudiantes.java. Using fallback presentation compiler.
2026.03.22 18:04:58 INFO  no build target found for C:\Users\Dayana\OneDrive\Escritorio\POO\Semana11\Ejercicio\Fase03\GestionEstudiantes.java. Using fallback presentation compiler.
2026.03.22 18:04:58 INFO  no build target found for C:\Users\Dayana\OneDrive\Escritorio\POO\Semana11\Ejercicio\Fase03\GestionEstudiantes.java. Using fallback presentation compiler.
2026.03.22 18:04:58 INFO  no build target found for C:\Users\Dayana\OneDrive\Escritorio\POO\Semana11\Ejercicio\Fase03\GestionEstudiantes.java. Using fallback presentation compiler.
mar. 22, 2026 6:04:58 P. M. org.eclipse.lsp4j.jsonrpc.RemoteEndpoint handleCancellation
ADVERTENCIA: Unmatched cancel notification for request id 1423
2026.03.22 18:04:58 INFO  no build target found for C:\Users\Dayana\OneDrive\Escritorio\POO\Semana11\Ejercicio\Fase03\GestionEstudiantes.java. Using fallback presentation compiler.
2026.03.22 18:04:58 INFO  no build target found for C:\Users\Dayana\OneDrive\Escritorio\POO\Semana11\Ejercicio\Fase03\GestionEstudiantes.java. Using fallback presentation compiler.
2026.03.22 18:04:58 INFO  no build target found for C:\Users\Dayana\OneDrive\Escritorio\POO\Semana11\Ejercicio\Fase03\GestionEstudiantes.java. Using fallback presentation compiler.
2026.03.22 18:04:59 INFO  no build target found for C:\Users\Dayana\OneDrive\Escritorio\POO\Semana11\Ejercicio\Fase03\GestionEstudiantes.java. Using fallback presentation compiler.
2026.03.22 18:04:59 INFO  no build target found for C:\Users\Dayana\OneDrive\Escritorio\POO\Semana11\Ejercicio\Fase03\GestionEstudiantes.java. Using fallback presentation compiler.
2026.03.22 18:04:59 INFO  no build target found for C:\Users\Dayana\OneDrive\Escritorio\POO\Semana11\Ejercicio\Fase03\GestionEstudiantes.java. Using fallback presentation compiler.
2026.03.22 18:05:05 INFO  no build target found for C:\Users\Dayana\OneDrive\Escritorio\POO\Semana11\Ejercicio\Fase03\GestionEstudiantes.java. Using fallback presentation compiler.
2026.03.22 18:05:05 INFO  no build target found for C:\Users\Dayana\OneDrive\Escritorio\POO\Semana11\Ejercicio\Fase03\GestionEstudiantes.java. Using fallback presentation compiler.
2026.03.22 18:05:09 INFO  no build target found for C:\Users\Dayana\OneDrive\Escritorio\POO\Semana11\Ejercicio\Fase03\GestionEstudiantes.java. Using fallback presentation compiler.
2026.03.22 18:05:09 INFO  no build target found for C:\Users\Dayana\OneDrive\Escritorio\POO\Semana11\Ejercicio\Fase03\GestionEstudiantes.java. Using fallback presentation compiler.
2026.03.22 18:05:10 INFO  no build target found for C:\Users\Dayana\OneDrive\Escritorio\POO\Semana11\Ejercicio\Fase03\GestionEstudiantes.java. Using fallback presentation compiler.
2026.03.22 18:05:11 INFO  no build target found for C:\Users\Dayana\OneDrive\Escritorio\POO\Semana11\Ejercicio\Fase03\GestionEstudiantes.java. Using fallback presentation compiler.
2026.03.22 18:05:11 INFO  no build target found for C:\Users\Dayana\OneDrive\Escritorio\POO\Semana11\Ejercicio\Fase03\GestionEstudiantes.java. Using fallback presentation compiler.
2026.03.22 18:05:11 INFO  no build target found for C:\Users\Dayana\OneDrive\Escritorio\POO\Semana11\Ejercicio\Fase03\GestionEstudiantes.java. Using fallback presentation compiler.
2026.03.22 18:05:11 INFO  no build target found for C:\Users\Dayana\OneDrive\Escritorio\POO\Semana11\Ejercicio\Fase03\GestionEstudiantes.java. Using fallback presentation compiler.
2026.03.22 18:05:11 INFO  no build target found for C:\Users\Dayana\OneDrive\Escritorio\POO\Semana11\Ejercicio\Fase03\GestionEstudiantes.java. Using fallback presentation compiler.
2026.03.22 18:05:11 INFO  no build target found for C:\Users\Dayana\OneDrive\Escritorio\POO\Semana11\Ejercicio\Fase03\GestionEstudiantes.java. Using fallback presentation compiler.
2026.03.22 18:05:11 INFO  no build target found for C:\Users\Dayana\OneDrive\Escritorio\POO\Semana11\Ejercicio\Fase03\GestionEstudiantes.java. Using fallback presentation compiler.
2026.03.22 18:05:12 INFO  no build target found for C:\Users\Dayana\OneDrive\Escritorio\POO\Semana11\Ejercicio\Fase03\GestionEstudiantes.java. Using fallback presentation compiler.
2026.03.22 18:05:12 INFO  no build target found for C:\Users\Dayana\OneDrive\Escritorio\POO\Semana11\Ejercicio\Fase03\GestionEstudiantes.java. Using fallback presentation compiler.
2026.03.22 18:05:12 INFO  no build target found for C:\Users\Dayana\OneDrive\Escritorio\POO\Semana11\Ejercicio\Fase03\GestionEstudiantes.java. Using fallback presentation compiler.
2026.03.22 18:05:12 INFO  no build target found for C:\Users\Dayana\OneDrive\Escritorio\POO\Semana11\Ejercicio\Fase03\GestionEstudiantes.java. Using fallback presentation compiler.
2026.03.22 18:05:12 INFO  no build target found for C:\Users\Dayana\OneDrive\Escritorio\POO\Semana11\Ejercicio\Fase03\GestionEstudiantes.java. Using fallback presentation compiler.
2026.03.22 18:05:13 INFO  no build target found for C:\Users\Dayana\OneDrive\Escritorio\POO\Semana11\Ejercicio\Fase03\GestionEstudiantes.java. Using fallback presentation compiler.
2026.03.22 18:05:13 INFO  no build target found for C:\Users\Dayana\OneDrive\Escritorio\POO\Semana11\Ejercicio\Fase03\GestionEstudiantes.java. Using fallback presentation compiler.
2026.03.22 18:05:13 INFO  no build target found for C:\Users\Dayana\OneDrive\Escritorio\POO\Semana11\Ejercicio\Fase03\GestionEstudiantes.java. Using fallback presentation compiler.
2026.03.22 18:05:13 INFO  no build target found for C:\Users\Dayana\OneDrive\Escritorio\POO\Semana11\Ejercicio\Fase03\GestionEstudiantes.java. Using fallback presentation compiler.
2026.03.22 18:05:13 INFO  no build target found for C:\Users\Dayana\OneDrive\Escritorio\POO\Semana11\Ejercicio\Fase03\GestionEstudiantes.java. Using fallback presentation compiler.
2026.03.22 18:05:14 INFO  no build target found for C:\Users\Dayana\OneDrive\Escritorio\POO\Semana11\Ejercicio\Fase03\GestionEstudiantes.java. Using fallback presentation compiler.
mar. 22, 2026 6:05:14 P. M. org.eclipse.lsp4j.jsonrpc.RemoteEndpoint handleCancellation
ADVERTENCIA: Unmatched cancel notification for request id 1471
2026.03.22 18:05:14 INFO  no build target found for C:\Users\Dayana\OneDrive\Escritorio\POO\Semana11\Ejercicio\Fase03\GestionEstudiantes.java. Using fallback presentation compiler.
2026.03.22 18:05:14 INFO  no build target found for C:\Users\Dayana\OneDrive\Escritorio\POO\Semana11\Ejercicio\Fase03\GestionEstudiantes.java. Using fallback presentation compiler.
2026.03.22 18:05:14 INFO  no build target found for C:\Users\Dayana\OneDrive\Escritorio\POO\Semana11\Ejercicio\Fase03\GestionEstudiantes.java. Using fallback presentation compiler.
2026.03.22 18:05:14 INFO  no build target found for C:\Users\Dayana\OneDrive\Escritorio\POO\Semana11\Ejercicio\Fase03\GestionEstudiantes.java. Using fallback presentation compiler.
2026.03.22 18:05:14 INFO  no build target found for C:\Users\Dayana\OneDrive\Escritorio\POO\Semana11\Ejercicio\Fase03\GestionEstudiantes.java. Using fallback presentation compiler.
2026.03.22 18:05:15 INFO  no build target found for C:\Users\Dayana\OneDrive\Escritorio\POO\Semana11\Ejercicio\Fase03\GestionEstudiantes.java. Using fallback presentation compiler.
2026.03.22 18:05:14 INFO  no build target found for C:\Users\Dayana\OneDrive\Escritorio\POO\Semana11\Ejercicio\Fase03\GestionEstudiantes.java. Using fallback presentation compiler.
2026.03.22 18:05:15 INFO  no build target found for C:\Users\Dayana\OneDrive\Escritorio\POO\Semana11\Ejercicio\Fase03\GestionEstudiantes.java. Using fallback presentation compiler.
2026.03.22 18:05:15 INFO  no build target found for C:\Users\Dayana\OneDrive\Escritorio\POO\Semana11\Ejercicio\Fase03\GestionEstudiantes.java. Using fallback presentation compiler.
2026.03.22 18:05:15 INFO  no build target found for C:\Users\Dayana\OneDrive\Escritorio\POO\Semana11\Ejercicio\Fase03\GestionEstudiantes.java. Using fallback presentation compiler.
2026.03.22 18:05:15 INFO  no build target found for C:\Users\Dayana\OneDrive\Escritorio\POO\Semana11\Ejercicio\Fase03\GestionEstudiantes.java. Using fallback presentation compiler.
2026.03.22 18:05:15 INFO  no build target found for C:\Users\Dayana\OneDrive\Escritorio\POO\Semana11\Ejercicio\Fase03\GestionEstudiantes.java. Using fallback presentation compiler.
2026.03.22 18:05:15 INFO  no build target found for C:\Users\Dayana\OneDrive\Escritorio\POO\Semana11\Ejercicio\Fase03\GestionEstudiantes.java. Using fallback presentation compiler.
2026.03.22 18:05:15 INFO  no build target found for C:\Users\Dayana\OneDrive\Escritorio\POO\Semana11\Ejercicio\Fase03\GestionEstudiantes.java. Using fallback presentation compiler.
2026.03.22 18:05:16 INFO  no build target found for C:\Users\Dayana\OneDrive\Escritorio\POO\Semana11\Ejercicio\Fase03\GestionEstudiantes.java. Using fallback presentation compiler.
2026.03.22 18:05:16 INFO  no build target found for C:\Users\Dayana\OneDrive\Escritorio\POO\Semana11\Ejercicio\Fase03\GestionEstudiantes.java. Using fallback presentation compiler.
2026.03.22 18:05:16 INFO  no build target found for C:\Users\Dayana\OneDrive\Escritorio\POO\Semana11\Ejercicio\Fase03\GestionEstudiantes.java. Using fallback presentation compiler.
2026.03.22 18:05:16 INFO  no build target found for C:\Users\Dayana\OneDrive\Escritorio\POO\Semana11\Ejercicio\Fase03\GestionEstudiantes.java. Using fallback presentation compiler.
2026.03.22 18:05:16 INFO  no build target found for C:\Users\Dayana\OneDrive\Escritorio\POO\Semana11\Ejercicio\Fase03\GestionEstudiantes.java. Using fallback presentation compiler.
2026.03.22 18:05:16 INFO  no build target found for C:\Users\Dayana\OneDrive\Escritorio\POO\Semana11\Ejercicio\Fase03\GestionEstudiantes.java. Using fallback presentation compiler.
2026.03.22 18:05:16 INFO  no build target found for C:\Users\Dayana\OneDrive\Escritorio\POO\Semana11\Ejercicio\Fase03\GestionEstudiantes.java. Using fallback presentation compiler.
2026.03.22 18:05:17 INFO  no build target found for C:\Users\Dayana\OneDrive\Escritorio\POO\Semana11\Ejercicio\Fase03\GestionEstudiantes.java. Using fallback presentation compiler.
2026.03.22 18:05:17 INFO  no build target found for C:\Users\Dayana\OneDrive\Escritorio\POO\Semana11\Ejercicio\Fase03\GestionEstudiantes.java. Using fallback presentation compiler.
2026.03.22 18:05:17 INFO  no build target found for C:\Users\Dayana\OneDrive\Escritorio\POO\Semana11\Ejercicio\Fase03\GestionEstudiantes.java. Using fallback presentation compiler.
2026.03.22 18:05:17 INFO  no build target found for C:\Users\Dayana\OneDrive\Escritorio\POO\Semana11\Ejercicio\Fase03\GestionEstudiantes.java. Using fallback presentation compiler.
2026.03.22 18:05:17 INFO  no build target found for C:\Users\Dayana\OneDrive\Escritorio\POO\Semana11\Ejercicio\Fase03\GestionEstudiantes.java. Using fallback presentation compiler.
2026.03.22 18:05:17 INFO  no build target found for C:\Users\Dayana\OneDrive\Escritorio\POO\Semana11\Ejercicio\Fase03\GestionEstudiantes.java. Using fallback presentation compiler.
2026.03.22 18:05:18 INFO  no build target found for C:\Users\Dayana\OneDrive\Escritorio\POO\Semana11\Ejercicio\Fase03\GestionEstudiantes.java. Using fallback presentation compiler.
2026.03.22 18:05:17 INFO  no build target found for C:\Users\Dayana\OneDrive\Escritorio\POO\Semana11\Ejercicio\Fase03\GestionEstudiantes.java. Using fallback presentation compiler.
2026.03.22 18:05:17 INFO  no build target found for C:\Users\Dayana\OneDrive\Escritorio\POO\Semana11\Ejercicio\Fase03\GestionEstudiantes.java. Using fallback presentation compiler.
2026.03.22 18:05:18 INFO  no build target found for C:\Users\Dayana\OneDrive\Escritorio\POO\Semana11\Ejercicio\Fase03\GestionEstudiantes.java. Using fallback presentation compiler.
2026.03.22 18:05:18 INFO  no build target found for C:\Users\Dayana\OneDrive\Escritorio\POO\Semana11\Ejercicio\Fase03\GestionEstudiantes.java. Using fallback presentation compiler.
2026.03.22 18:05:18 INFO  no build target found for C:\Users\Dayana\OneDrive\Escritorio\POO\Semana11\Ejercicio\Fase03\GestionEstudiantes.java. Using fallback presentation compiler.
2026.03.22 18:05:18 INFO  no build target found for C:\Users\Dayana\OneDrive\Escritorio\POO\Semana11\Ejercicio\Fase03\GestionEstudiantes.java. Using fallback presentation compiler.
2026.03.22 18:05:18 INFO  no build target found for C:\Users\Dayana\OneDrive\Escritorio\POO\Semana11\Ejercicio\Fase03\GestionEstudiantes.java. Using fallback presentation compiler.
2026.03.22 18:05:19 INFO  no build target found for C:\Users\Dayana\OneDrive\Escritorio\POO\Semana11\Ejercicio\Fase03\GestionEstudiantes.java. Using fallback presentation compiler.
2026.03.22 18:05:18 INFO  no build target found for C:\Users\Dayana\OneDrive\Escritorio\POO\Semana11\Ejercicio\Fase03\GestionEstudiantes.java. Using fallback presentation compiler.
mar. 22, 2026 6:05:19 P. M. org.eclipse.lsp4j.jsonrpc.RemoteEndpoint handleCancellation
ADVERTENCIA: Unmatched cancel notification for request id 1517
2026.03.22 18:05:18 INFO  no build target found for C:\Users\Dayana\OneDrive\Escritorio\POO\Semana11\Ejercicio\Fase03\GestionEstudiantes.java. Using fallback presentation compiler.
2026.03.22 18:05:18 INFO  no build target found for C:\Users\Dayana\OneDrive\Escritorio\POO\Semana11\Ejercicio\Fase03\GestionEstudiantes.java. Using fallback presentation compiler.
2026.03.22 18:05:18 INFO  no build target found for C:\Users\Dayana\OneDrive\Escritorio\POO\Semana11\Ejercicio\Fase03\GestionEstudiantes.java. Using fallback presentation compiler.
2026.03.22 18:05:19 INFO  no build target found for C:\Users\Dayana\OneDrive\Escritorio\POO\Semana11\Ejercicio\Fase03\GestionEstudiantes.java. Using fallback presentation compiler.
2026.03.22 18:05:19 INFO  no build target found for C:\Users\Dayana\OneDrive\Escritorio\POO\Semana11\Ejercicio\Fase03\GestionEstudiantes.java. Using fallback presentation compiler.
2026.03.22 18:05:19 INFO  no build target found for C:\Users\Dayana\OneDrive\Escritorio\POO\Semana11\Ejercicio\Fase03\GestionEstudiantes.java. Using fallback presentation compiler.
2026.03.22 18:05:19 INFO  no build target found for C:\Users\Dayana\OneDrive\Escritorio\POO\Semana11\Ejercicio\Fase03\GestionEstudiantes.java. Using fallback presentation compiler.
2026.03.22 18:05:19 INFO  no build target found for C:\Users\Dayana\OneDrive\Escritorio\POO\Semana11\Ejercicio\Fase03\GestionEstudiantes.java. Using fallback presentation compiler.
2026.03.22 18:05:19 INFO  no build target found for C:\Users\Dayana\OneDrive\Escritorio\POO\Semana11\Ejercicio\Fase03\GestionEstudiantes.java. Using fallback presentation compiler.
2026.03.22 18:05:20 INFO  no build target found for C:\Users\Dayana\OneDrive\Escritorio\POO\Semana11\Ejercicio\Fase03\GestionEstudiantes.java. Using fallback presentation compiler.
2026.03.22 18:05:21 INFO  no build target found for C:\Users\Dayana\OneDrive\Escritorio\POO\Semana11\Ejercicio\Fase03\GestionEstudiantes.java. Using fallback presentation compiler.
2026.03.22 18:05:21 INFO  no build target found for C:\Users\Dayana\OneDrive\Escritorio\POO\Semana11\Ejercicio\Fase03\GestionEstudiantes.java. Using fallback presentation compiler.
2026.03.22 18:05:20 INFO  no build target found for C:\Users\Dayana\OneDrive\Escritorio\POO\Semana11\Ejercicio\Fase03\GestionEstudiantes.java. Using fallback presentation compiler.
2026.03.22 18:05:21 INFO  no build target found for C:\Users\Dayana\OneDrive\Escritorio\POO\Semana11\Ejercicio\Fase03\GestionEstudiantes.java. Using fallback presentation compiler.
2026.03.22 18:05:21 INFO  no build target found for C:\Users\Dayana\OneDrive\Escritorio\POO\Semana11\Ejercicio\Fase03\GestionEstudiantes.java. Using fallback presentation compiler.
2026.03.22 18:05:21 INFO  no build target found for C:\Users\Dayana\OneDrive\Escritorio\POO\Semana11\Ejercicio\Fase03\GestionEstudiantes.java. Using fallback presentation compiler.
2026.03.22 18:05:21 INFO  no build target found for C:\Users\Dayana\OneDrive\Escritorio\POO\Semana11\Ejercicio\Fase03\GestionEstudiantes.java. Using fallback presentation compiler.
2026.03.22 18:05:48 INFO  no build target found for C:\Users\Dayana\OneDrive\Escritorio\POO\Semana11\Ejercicio\Fase03\GestionEstudiantes.java. Using fallback presentation compiler.
2026.03.22 18:05:48 INFO  no build target found for C:\Users\Dayana\OneDrive\Escritorio\POO\Semana11\Ejercicio\Fase03\GestionEstudiantes.java. Using fallback presentation compiler.
2026.03.22 18:05:48 INFO  no build target found for C:\Users\Dayana\OneDrive\Escritorio\POO\Semana11\Ejercicio\Fase03\GestionEstudiantes.java. Using fallback presentation compiler.
2026.03.22 18:05:49 INFO  no build target found for C:\Users\Dayana\OneDrive\Escritorio\POO\Semana11\Ejercicio\Fase03\GestionEstudiantes.java. Using fallback presentation compiler.
2026.03.22 18:05:49 INFO  no build target found for C:\Users\Dayana\OneDrive\Escritorio\POO\Semana11\Ejercicio\Fase03\GestionEstudiantes.java. Using fallback presentation compiler.
2026.03.22 18:05:50 INFO  no build target found for C:\Users\Dayana\OneDrive\Escritorio\POO\Semana11\Ejercicio\Fase03\GestionEstudiantes.java. Using fallback presentation compiler.
2026.03.22 18:05:49 INFO  no build target found for C:\Users\Dayana\OneDrive\Escritorio\POO\Semana11\Ejercicio\Fase03\GestionEstudiantes.java. Using fallback presentation compiler.
2026.03.22 18:05:49 INFO  no build target found for C:\Users\Dayana\OneDrive\Escritorio\POO\Semana11\Ejercicio\Fase03\GestionEstudiantes.java. Using fallback presentation compiler.
2026.03.22 18:05:49 INFO  no build target found for C:\Users\Dayana\OneDrive\Escritorio\POO\Semana11\Ejercicio\Fase03\GestionEstudiantes.java. Using fallback presentation compiler.
mar. 22, 2026 6:05:50 P. M. org.eclipse.lsp4j.jsonrpc.RemoteEndpoint handleCancellation
ADVERTENCIA: Unmatched cancel notification for request id 1554
2026.03.22 18:05:50 INFO  no build target found for C:\Users\Dayana\OneDrive\Escritorio\POO\Semana11\Ejercicio\Fase03\GestionEstudiantes.java. Using fallback presentation compiler.
2026.03.22 18:05:49 INFO  no build target found for C:\Users\Dayana\OneDrive\Escritorio\POO\Semana11\Ejercicio\Fase03\GestionEstudiantes.java. Using fallback presentation compiler.
2026.03.22 18:05:49 INFO  no build target found for C:\Users\Dayana\OneDrive\Escritorio\POO\Semana11\Ejercicio\Fase03\GestionEstudiantes.java. Using fallback presentation compiler.
2026.03.22 18:05:51 INFO  no build target found for C:\Users\Dayana\OneDrive\Escritorio\POO\Semana11\Ejercicio\Fase03\GestionEstudiantes.java. Using fallback presentation compiler.
2026.03.22 18:05:51 INFO  no build target found for C:\Users\Dayana\OneDrive\Escritorio\POO\Semana11\Ejercicio\Fase03\GestionEstudiantes.java. Using fallback presentation compiler.
2026.03.22 18:05:51 INFO  no build target found for C:\Users\Dayana\OneDrive\Escritorio\POO\Semana11\Ejercicio\Fase03\GestionEstudiantes.java. Using fallback presentation compiler.
2026.03.22 18:05:51 INFO  no build target found for C:\Users\Dayana\OneDrive\Escritorio\POO\Semana11\Ejercicio\Fase03\GestionEstudiantes.java. Using fallback presentation compiler.
2026.03.22 18:05:51 INFO  no build target found for C:\Users\Dayana\OneDrive\Escritorio\POO\Semana11\Ejercicio\Fase03\GestionEstudiantes.java. Using fallback presentation compiler.
2026.03.22 18:05:51 INFO  no build target found for C:\Users\Dayana\OneDrive\Escritorio\POO\Semana11\Ejercicio\Fase03\GestionEstudiantes.java. Using fallback presentation compiler.
2026.03.22 18:05:52 INFO  no build target found for C:\Users\Dayana\OneDrive\Escritorio\POO\Semana11\Ejercicio\Fase03\GestionEstudiantes.java. Using fallback presentation compiler.
2026.03.22 18:05:52 INFO  no build target found for C:\Users\Dayana\OneDrive\Escritorio\POO\Semana11\Ejercicio\Fase03\GestionEstudiantes.java. Using fallback presentation compiler.
2026.03.22 18:05:52 INFO  no build target found for C:\Users\Dayana\OneDrive\Escritorio\POO\Semana11\Ejercicio\Fase03\GestionEstudiantes.java. Using fallback presentation compiler.
2026.03.22 18:05:53 INFO  no build target found for C:\Users\Dayana\OneDrive\Escritorio\POO\Semana11\Ejercicio\Fase03\GestionEstudiantes.java. Using fallback presentation compiler.
2026.03.22 18:05:53 INFO  no build target found for C:\Users\Dayana\OneDrive\Escritorio\POO\Semana11\Ejercicio\Fase03\GestionEstudiantes.java. Using fallback presentation compiler.
2026.03.22 18:05:53 INFO  no build target found for C:\Users\Dayana\OneDrive\Escritorio\POO\Semana11\Ejercicio\Fase03\GestionEstudiantes.java. Using fallback presentation compiler.
2026.03.22 18:05:54 INFO  no build target found for C:\Users\Dayana\OneDrive\Escritorio\POO\Semana11\Ejercicio\Fase03\GestionEstudiantes.java. Using fallback presentation compiler.
2026.03.22 18:05:55 INFO  no build target found for C:\Users\Dayana\OneDrive\Escritorio\POO\Semana11\Ejercicio\Fase03\GestionEstudiantes.java. Using fallback presentation compiler.
2026.03.22 18:05:55 INFO  no build target found for C:\Users\Dayana\OneDrive\Escritorio\POO\Semana11\Ejercicio\Fase03\GestionEstudiantes.java. Using fallback presentation compiler.
2026.03.22 18:05:55 INFO  no build target found for C:\Users\Dayana\OneDrive\Escritorio\POO\Semana11\Ejercicio\Fase03\GestionEstudiantes.java. Using fallback presentation compiler.
2026.03.22 18:05:55 INFO  no build target found for C:\Users\Dayana\OneDrive\Escritorio\POO\Semana11\Ejercicio\Fase03\GestionEstudiantes.java. Using fallback presentation compiler.
2026.03.22 18:05:56 INFO  no build target found for C:\Users\Dayana\OneDrive\Escritorio\POO\Semana11\Ejercicio\Fase03\GestionEstudiantes.java. Using fallback presentation compiler.
2026.03.22 18:05:56 INFO  no build target found for C:\Users\Dayana\OneDrive\Escritorio\POO\Semana11\Ejercicio\Fase03\GestionEstudiantes.java. Using fallback presentation compiler.
2026.03.22 18:05:56 INFO  no build target found for C:\Users\Dayana\OneDrive\Escritorio\POO\Semana11\Ejercicio\Fase03\GestionEstudiantes.java. Using fallback presentation compiler.
2026.03.22 18:05:56 INFO  no build target found for C:\Users\Dayana\OneDrive\Escritorio\POO\Semana11\Ejercicio\Fase03\GestionEstudiantes.java. Using fallback presentation compiler.
2026.03.22 18:05:57 INFO  no build target found for C:\Users\Dayana\OneDrive\Escritorio\POO\Semana11\Ejercicio\Fase03\GestionEstudiantes.java. Using fallback presentation compiler.
2026.03.22 18:05:57 INFO  no build target found for C:\Users\Dayana\OneDrive\Escritorio\POO\Semana11\Ejercicio\Fase03\GestionEstudiantes.java. Using fallback presentation compiler.
2026.03.22 18:05:59 INFO  no build target found for C:\Users\Dayana\OneDrive\Escritorio\POO\Semana11\Ejercicio\Fase03\GestionEstudiantes.java. Using fallback presentation compiler.
2026.03.22 18:05:59 INFO  no build target found for C:\Users\Dayana\OneDrive\Escritorio\POO\Semana11\Ejercicio\Fase03\GestionEstudiantes.java. Using fallback presentation compiler.
2026.03.22 18:05:59 INFO  no build target found for C:\Users\Dayana\OneDrive\Escritorio\POO\Semana11\Ejercicio\Fase03\GestionEstudiantes.java. Using fallback presentation compiler.
2026.03.22 18:05:59 INFO  no build target found for C:\Users\Dayana\OneDrive\Escritorio\POO\Semana11\Ejercicio\Fase03\GestionEstudiantes.java. Using fallback presentation compiler.
2026.03.22 18:06:00 INFO  no build target found for C:\Users\Dayana\OneDrive\Escritorio\POO\Semana11\Ejercicio\Fase03\GestionEstudiantes.java. Using fallback presentation compiler.
2026.03.22 18:06:00 INFO  no build target found for C:\Users\Dayana\OneDrive\Escritorio\POO\Semana11\Ejercicio\Fase03\GestionEstudiantes.java. Using fallback presentation compiler.
2026.03.22 18:06:01 INFO  no build target found for C:\Users\Dayana\OneDrive\Escritorio\POO\Semana11\Ejercicio\Fase03\GestionEstudiantes.java. Using fallback presentation compiler.
2026.03.22 18:06:00 INFO  no build target found for C:\Users\Dayana\OneDrive\Escritorio\POO\Semana11\Ejercicio\Fase03\GestionEstudiantes.java. Using fallback presentation compiler.
2026.03.22 18:06:00 INFO  no build target found for C:\Users\Dayana\OneDrive\Escritorio\POO\Semana11\Ejercicio\Fase03\GestionEstudiantes.java. Using fallback presentation compiler.
2026.03.22 18:06:01 INFO  no build target found for C:\Users\Dayana\OneDrive\Escritorio\POO\Semana11\Ejercicio\Fase03\GestionEstudiantes.java. Using fallback presentation compiler.
2026.03.22 18:06:02 INFO  no build target found for C:\Users\Dayana\OneDrive\Escritorio\POO\Semana11\Ejercicio\Fase03\GestionEstudiantes.java. Using fallback presentation compiler.
2026.03.22 18:06:02 INFO  no build target found for C:\Users\Dayana\OneDrive\Escritorio\POO\Semana11\Ejercicio\Fase03\GestionEstudiantes.java. Using fallback presentation compiler.
2026.03.22 18:06:02 INFO  no build target found for C:\Users\Dayana\OneDrive\Escritorio\POO\Semana11\Ejercicio\Fase03\GestionEstudiantes.java. Using fallback presentation compiler.
2026.03.22 18:06:02 INFO  no build target found for C:\Users\Dayana\OneDrive\Escritorio\POO\Semana11\Ejercicio\Fase03\GestionEstudiantes.java. Using fallback presentation compiler.
2026.03.22 18:06:02 INFO  no build target found for C:\Users\Dayana\OneDrive\Escritorio\POO\Semana11\Ejercicio\Fase03\GestionEstudiantes.java. Using fallback presentation compiler.
2026.03.22 18:06:02 INFO  no build target found for C:\Users\Dayana\OneDrive\Escritorio\POO\Semana11\Ejercicio\Fase03\GestionEstudiantes.java. Using fallback presentation compiler.
2026.03.22 18:06:03 INFO  no build target found for C:\Users\Dayana\OneDrive\Escritorio\POO\Semana11\Ejercicio\Fase03\GestionEstudiantes.java. Using fallback presentation compiler.
2026.03.22 18:06:02 INFO  no build target found for C:\Users\Dayana\OneDrive\Escritorio\POO\Semana11\Ejercicio\Fase03\GestionEstudiantes.java. Using fallback presentation compiler.
2026.03.22 18:06:03 INFO  no build target found for C:\Users\Dayana\OneDrive\Escritorio\POO\Semana11\Ejercicio\Fase03\GestionEstudiantes.java. Using fallback presentation compiler.
2026.03.22 18:06:03 INFO  no build target found for C:\Users\Dayana\OneDrive\Escritorio\POO\Semana11\Ejercicio\Fase03\GestionEstudiantes.java. Using fallback presentation compiler.
2026.03.22 18:06:04 INFO  no build target found for C:\Users\Dayana\OneDrive\Escritorio\POO\Semana11\Ejercicio\Fase03\GestionEstudiantes.java. Using fallback presentation compiler.
2026.03.22 18:06:06 INFO  no build target found for C:\Users\Dayana\OneDrive\Escritorio\POO\Semana11\Ejercicio\Fase03\GestionEstudiantes.java. Using fallback presentation compiler.
2026.03.22 18:06:06 INFO  no build target found for C:\Users\Dayana\OneDrive\Escritorio\POO\Semana11\Ejercicio\Fase03\GestionEstudiantes.java. Using fallback presentation compiler.
2026.03.22 18:06:12 INFO  no build target found for C:\Users\Dayana\OneDrive\Escritorio\POO\Semana11\Ejercicio\Fase03\GestionEstudiantes.java. Using fallback presentation compiler.
2026.03.22 18:06:12 INFO  no build target found for C:\Users\Dayana\OneDrive\Escritorio\POO\Semana11\Ejercicio\Fase03\GestionEstudiantes.java. Using fallback presentation compiler.
mar. 22, 2026 6:06:12 P. M. org.eclipse.lsp4j.jsonrpc.RemoteEndpoint handleCancellation
ADVERTENCIA: Unmatched cancel notification for request id 1673
2026.03.22 18:06:12 INFO  no build target found for C:\Users\Dayana\OneDrive\Escritorio\POO\Semana11\Ejercicio\Fase03\GestionEstudiantes.java. Using fallback presentation compiler.
2026.03.22 18:06:12 INFO  no build target found for C:\Users\Dayana\OneDrive\Escritorio\POO\Semana11\Ejercicio\Fase03\GestionEstudiantes.java. Using fallback presentation compiler.
2026.03.22 18:06:12 INFO  no build target found for C:\Users\Dayana\OneDrive\Escritorio\POO\Semana11\Ejercicio\Fase03\GestionEstudiantes.java. Using fallback presentation compiler.
2026.03.22 18:06:12 INFO  no build target found for C:\Users\Dayana\OneDrive\Escritorio\POO\Semana11\Ejercicio\Fase03\GestionEstudiantes.java. Using fallback presentation compiler.
2026.03.22 18:06:12 INFO  no build target found for C:\Users\Dayana\OneDrive\Escritorio\POO\Semana11\Ejercicio\Fase03\GestionEstudiantes.java. Using fallback presentation compiler.
2026.03.22 18:06:12 INFO  no build target found for C:\Users\Dayana\OneDrive\Escritorio\POO\Semana11\Ejercicio\Fase03\GestionEstudiantes.java. Using fallback presentation compiler.
2026.03.22 18:06:12 INFO  no build target found for C:\Users\Dayana\OneDrive\Escritorio\POO\Semana11\Ejercicio\Fase03\GestionEstudiantes.java. Using fallback presentation compiler.
2026.03.22 18:06:13 INFO  no build target found for C:\Users\Dayana\OneDrive\Escritorio\POO\Semana11\Ejercicio\Fase03\GestionEstudiantes.java. Using fallback presentation compiler.
2026.03.22 18:06:13 INFO  no build target found for C:\Users\Dayana\OneDrive\Escritorio\POO\Semana11\Ejercicio\Fase03\GestionEstudiantes.java. Using fallback presentation compiler.
2026.03.22 18:06:13 INFO  no build target found for C:\Users\Dayana\OneDrive\Escritorio\POO\Semana11\Ejercicio\Fase03\GestionEstudiantes.java. Using fallback presentation compiler.
2026.03.22 18:06:13 INFO  no build target found for C:\Users\Dayana\OneDrive\Escritorio\POO\Semana11\Ejercicio\Fase03\GestionEstudiantes.java. Using fallback presentation compiler.
2026.03.22 18:06:13 INFO  no build target found for C:\Users\Dayana\OneDrive\Escritorio\POO\Semana11\Ejercicio\Fase03\GestionEstudiantes.java. Using fallback presentation compiler.
2026.03.22 18:06:13 INFO  no build target found for C:\Users\Dayana\OneDrive\Escritorio\POO\Semana11\Ejercicio\Fase03\GestionEstudiantes.java. Using fallback presentation compiler.
2026.03.22 18:06:13 INFO  no build target found for C:\Users\Dayana\OneDrive\Escritorio\POO\Semana11\Ejercicio\Fase03\GestionEstudiantes.java. Using fallback presentation compiler.
2026.03.22 18:06:13 INFO  no build target found for C:\Users\Dayana\OneDrive\Escritorio\POO\Semana11\Ejercicio\Fase03\GestionEstudiantes.java. Using fallback presentation compiler.
2026.03.22 18:06:13 INFO  no build target found for C:\Users\Dayana\OneDrive\Escritorio\POO\Semana11\Ejercicio\Fase03\GestionEstudiantes.java. Using fallback presentation compiler.
2026.03.22 18:06:14 INFO  no build target found for C:\Users\Dayana\OneDrive\Escritorio\POO\Semana11\Ejercicio\Fase03\GestionEstudiantes.java. Using fallback presentation compiler.
2026.03.22 18:06:13 INFO  no build target found for C:\Users\Dayana\OneDrive\Escritorio\POO\Semana11\Ejercicio\Fase03\GestionEstudiantes.java. Using fallback presentation compiler.
2026.03.22 18:06:14 INFO  no build target found for C:\Users\Dayana\OneDrive\Escritorio\POO\Semana11\Ejercicio\Fase03\GestionEstudiantes.java. Using fallback presentation compiler.
2026.03.22 18:06:14 INFO  no build target found for C:\Users\Dayana\OneDrive\Escritorio\POO\Semana11\Ejercicio\Fase03\GestionEstudiantes.java. Using fallback presentation compiler.
2026.03.22 18:06:14 INFO  no build target found for C:\Users\Dayana\OneDrive\Escritorio\POO\Semana11\Ejercicio\Fase03\GestionEstudiantes.java. Using fallback presentation compiler.
2026.03.22 18:06:14 INFO  no build target found for C:\Users\Dayana\OneDrive\Escritorio\POO\Semana11\Ejercicio\Fase03\GestionEstudiantes.java. Using fallback presentation compiler.
2026.03.22 18:06:14 INFO  no build target found for C:\Users\Dayana\OneDrive\Escritorio\POO\Semana11\Ejercicio\Fase03\GestionEstudiantes.java. Using fallback presentation compiler.
2026.03.22 18:06:14 INFO  no build target found for C:\Users\Dayana\OneDrive\Escritorio\POO\Semana11\Ejercicio\Fase03\GestionEstudiantes.java. Using fallback presentation compiler.
2026.03.22 18:06:14 INFO  no build target found for C:\Users\Dayana\OneDrive\Escritorio\POO\Semana11\Ejercicio\Fase03\GestionEstudiantes.java. Using fallback presentation compiler.
2026.03.22 18:06:14 INFO  no build target found for C:\Users\Dayana\OneDrive\Escritorio\POO\Semana11\Ejercicio\Fase03\GestionEstudiantes.java. Using fallback presentation compiler.
2026.03.22 18:06:14 INFO  no build target found for C:\Users\Dayana\OneDrive\Escritorio\POO\Semana11\Ejercicio\Fase03\GestionEstudiantes.java. Using fallback presentation compiler.
2026.03.22 18:06:14 INFO  no build target found for C:\Users\Dayana\OneDrive\Escritorio\POO\Semana11\Ejercicio\Fase03\GestionEstudiantes.java. Using fallback presentation compiler.
2026.03.22 18:06:15 INFO  no build target found for C:\Users\Dayana\OneDrive\Escritorio\POO\Semana11\Ejercicio\Fase03\GestionEstudiantes.java. Using fallback presentation compiler.
2026.03.22 18:06:15 INFO  no build target found for C:\Users\Dayana\OneDrive\Escritorio\POO\Semana11\Ejercicio\Fase03\GestionEstudiantes.java. Using fallback presentation compiler.
2026.03.22 18:06:15 INFO  no build target found for C:\Users\Dayana\OneDrive\Escritorio\POO\Semana11\Ejercicio\Fase03\GestionEstudiantes.java. Using fallback presentation compiler.
2026.03.22 18:06:15 INFO  no build target found for C:\Users\Dayana\OneDrive\Escritorio\POO\Semana11\Ejercicio\Fase03\GestionEstudiantes.java. Using fallback presentation compiler.
2026.03.22 18:06:15 INFO  no build target found for C:\Users\Dayana\OneDrive\Escritorio\POO\Semana11\Ejercicio\Fase03\GestionEstudiantes.java. Using fallback presentation compiler.
2026.03.22 18:06:15 INFO  no build target found for C:\Users\Dayana\OneDrive\Escritorio\POO\Semana11\Ejercicio\Fase03\GestionEstudiantes.java. Using fallback presentation compiler.
2026.03.22 18:06:16 INFO  no build target found for C:\Users\Dayana\OneDrive\Escritorio\POO\Semana11\Ejercicio\Fase03\GestionEstudiantes.java. Using fallback presentation compiler.
2026.03.22 18:06:15 INFO  no build target found for C:\Users\Dayana\OneDrive\Escritorio\POO\Semana11\Ejercicio\Fase03\GestionEstudiantes.java. Using fallback presentation compiler.
2026.03.22 18:06:16 INFO  no build target found for C:\Users\Dayana\OneDrive\Escritorio\POO\Semana11\Ejercicio\Fase03\GestionEstudiantes.java. Using fallback presentation compiler.
2026.03.22 18:06:16 INFO  no build target found for C:\Users\Dayana\OneDrive\Escritorio\POO\Semana11\Ejercicio\Fase03\GestionEstudiantes.java. Using fallback presentation compiler.
2026.03.22 18:06:16 INFO  no build target found for C:\Users\Dayana\OneDrive\Escritorio\POO\Semana11\Ejercicio\Fase03\GestionEstudiantes.java. Using fallback presentation compiler.
2026.03.22 18:06:16 INFO  no build target found for C:\Users\Dayana\OneDrive\Escritorio\POO\Semana11\Ejercicio\Fase03\GestionEstudiantes.java. Using fallback presentation compiler.
2026.03.22 18:06:16 INFO  no build target found for C:\Users\Dayana\OneDrive\Escritorio\POO\Semana11\Ejercicio\Fase03\GestionEstudiantes.java. Using fallback presentation compiler.
2026.03.22 18:06:17 INFO  no build target found for C:\Users\Dayana\OneDrive\Escritorio\POO\Semana11\Ejercicio\Fase03\GestionEstudiantes.java. Using fallback presentation compiler.
2026.03.22 18:06:16 INFO  no build target found for C:\Users\Dayana\OneDrive\Escritorio\POO\Semana11\Ejercicio\Fase03\GestionEstudiantes.java. Using fallback presentation compiler.
2026.03.22 18:06:16 INFO  no build target found for C:\Users\Dayana\OneDrive\Escritorio\POO\Semana11\Ejercicio\Fase03\GestionEstudiantes.java. Using fallback presentation compiler.
2026.03.22 18:06:17 INFO  no build target found for C:\Users\Dayana\OneDrive\Escritorio\POO\Semana11\Ejercicio\Fase03\GestionEstudiantes.java. Using fallback presentation compiler.
2026.03.22 18:06:17 INFO  no build target found for C:\Users\Dayana\OneDrive\Escritorio\POO\Semana11\Ejercicio\Fase03\GestionEstudiantes.java. Using fallback presentation compiler.
mar. 22, 2026 6:06:17 P. M. org.eclipse.lsp4j.jsonrpc.RemoteEndpoint handleCancellation
ADVERTENCIA: Unmatched cancel notification for request id 1724
2026.03.22 18:06:17 INFO  no build target found for C:\Users\Dayana\OneDrive\Escritorio\POO\Semana11\Ejercicio\Fase03\GestionEstudiantes.java. Using fallback presentation compiler.
2026.03.22 18:06:17 INFO  no build target found for C:\Users\Dayana\OneDrive\Escritorio\POO\Semana11\Ejercicio\Fase03\GestionEstudiantes.java. Using fallback presentation compiler.
2026.03.22 18:06:17 INFO  no build target found for C:\Users\Dayana\OneDrive\Escritorio\POO\Semana11\Ejercicio\Fase03\GestionEstudiantes.java. Using fallback presentation compiler.
2026.03.22 18:06:17 INFO  no build target found for C:\Users\Dayana\OneDrive\Escritorio\POO\Semana11\Ejercicio\Fase03\GestionEstudiantes.java. Using fallback presentation compiler.
2026.03.22 18:06:17 INFO  no build target found for C:\Users\Dayana\OneDrive\Escritorio\POO\Semana11\Ejercicio\Fase03\GestionEstudiantes.java. Using fallback presentation compiler.
2026.03.22 18:06:17 INFO  no build target found for C:\Users\Dayana\OneDrive\Escritorio\POO\Semana11\Ejercicio\Fase03\GestionEstudiantes.java. Using fallback presentation compiler.
2026.03.22 18:06:17 INFO  no build target found for C:\Users\Dayana\OneDrive\Escritorio\POO\Semana11\Ejercicio\Fase03\GestionEstudiantes.java. Using fallback presentation compiler.
2026.03.22 18:06:19 INFO  no build target found for C:\Users\Dayana\OneDrive\Escritorio\POO\Semana11\Ejercicio\Fase03\GestionEstudiantes.java. Using fallback presentation compiler.
2026.03.22 18:06:19 INFO  no build target found for C:\Users\Dayana\OneDrive\Escritorio\POO\Semana11\Ejercicio\Fase03\GestionEstudiantes.java. Using fallback presentation compiler.
2026.03.22 18:06:19 INFO  no build target found for C:\Users\Dayana\OneDrive\Escritorio\POO\Semana11\Ejercicio\Fase03\GestionEstudiantes.java. Using fallback presentation compiler.
2026.03.22 18:06:20 INFO  no build target found for C:\Users\Dayana\OneDrive\Escritorio\POO\Semana11\Ejercicio\Fase03\GestionEstudiantes.java. Using fallback presentation compiler.
2026.03.22 18:06:20 INFO  no build target found for C:\Users\Dayana\OneDrive\Escritorio\POO\Semana11\Ejercicio\Fase03\GestionEstudiantes.java. Using fallback presentation compiler.
2026.03.22 18:06:20 INFO  no build target found for C:\Users\Dayana\OneDrive\Escritorio\POO\Semana11\Ejercicio\Fase03\GestionEstudiantes.java. Using fallback presentation compiler.
2026.03.22 18:06:20 INFO  no build target found for C:\Users\Dayana\OneDrive\Escritorio\POO\Semana11\Ejercicio\Fase03\GestionEstudiantes.java. Using fallback presentation compiler.
2026.03.22 18:06:20 INFO  no build target found for C:\Users\Dayana\OneDrive\Escritorio\POO\Semana11\Ejercicio\Fase03\GestionEstudiantes.java. Using fallback presentation compiler.
2026.03.22 18:06:20 INFO  no build target found for C:\Users\Dayana\OneDrive\Escritorio\POO\Semana11\Ejercicio\Fase03\GestionEstudiantes.java. Using fallback presentation compiler.
2026.03.22 18:06:21 INFO  no build target found for C:\Users\Dayana\OneDrive\Escritorio\POO\Semana11\Ejercicio\Fase03\GestionEstudiantes.java. Using fallback presentation compiler.
2026.03.22 18:06:21 INFO  no build target found for C:\Users\Dayana\OneDrive\Escritorio\POO\Semana11\Ejercicio\Fase03\GestionEstudiantes.java. Using fallback presentation compiler.
2026.03.22 18:06:21 INFO  no build target found for C:\Users\Dayana\OneDrive\Escritorio\POO\Semana11\Ejercicio\Fase03\GestionEstudiantes.java. Using fallback presentation compiler.
2026.03.22 18:06:21 INFO  no build target found for C:\Users\Dayana\OneDrive\Escritorio\POO\Semana11\Ejercicio\Fase03\GestionEstudiantes.java. Using fallback presentation compiler.
2026.03.22 18:06:22 INFO  no build target found for C:\Users\Dayana\OneDrive\Escritorio\POO\Semana11\Ejercicio\Fase03\GestionEstudiantes.java. Using fallback presentation compiler.
2026.03.22 18:06:21 INFO  no build target found for C:\Users\Dayana\OneDrive\Escritorio\POO\Semana11\Ejercicio\Fase03\GestionEstudiantes.java. Using fallback presentation compiler.
2026.03.22 18:06:21 INFO  no build target found for C:\Users\Dayana\OneDrive\Escritorio\POO\Semana11\Ejercicio\Fase03\GestionEstudiantes.java. Using fallback presentation compiler.
2026.03.22 18:06:21 INFO  no build target found for C:\Users\Dayana\OneDrive\Escritorio\POO\Semana11\Ejercicio\Fase03\GestionEstudiantes.java. Using fallback presentation compiler.
2026.03.22 18:06:22 INFO  no build target found for C:\Users\Dayana\OneDrive\Escritorio\POO\Semana11\Ejercicio\Fase03\GestionEstudiantes.java. Using fallback presentation compiler.
2026.03.22 18:06:22 INFO  no build target found for C:\Users\Dayana\OneDrive\Escritorio\POO\Semana11\Ejercicio\Fase03\GestionEstudiantes.java. Using fallback presentation compiler.
2026.03.22 18:06:22 INFO  no build target found for C:\Users\Dayana\OneDrive\Escritorio\POO\Semana11\Ejercicio\Fase03\GestionEstudiantes.java. Using fallback presentation compiler.
2026.03.22 18:06:22 INFO  no build target found for C:\Users\Dayana\OneDrive\Escritorio\POO\Semana11\Ejercicio\Fase03\GestionEstudiantes.java. Using fallback presentation compiler.
2026.03.22 18:06:22 INFO  no build target found for C:\Users\Dayana\OneDrive\Escritorio\POO\Semana11\Ejercicio\Fase03\GestionEstudiantes.java. Using fallback presentation compiler.
2026.03.22 18:06:22 INFO  no build target found for C:\Users\Dayana\OneDrive\Escritorio\POO\Semana11\Ejercicio\Fase03\GestionEstudiantes.java. Using fallback presentation compiler.
2026.03.22 18:06:23 INFO  no build target found for C:\Users\Dayana\OneDrive\Escritorio\POO\Semana11\Ejercicio\Fase03\GestionEstudiantes.java. Using fallback presentation compiler.
2026.03.22 18:06:22 INFO  no build target found for C:\Users\Dayana\OneDrive\Escritorio\POO\Semana11\Ejercicio\Fase03\GestionEstudiantes.java. Using fallback presentation compiler.
2026.03.22 18:06:23 INFO  no build target found for C:\Users\Dayana\OneDrive\Escritorio\POO\Semana11\Ejercicio\Fase03\GestionEstudiantes.java. Using fallback presentation compiler.
2026.03.22 18:06:27 INFO  no build target found for C:\Users\Dayana\OneDrive\Escritorio\POO\Semana11\Ejercicio\Fase03\GestionEstudiantes.java. Using fallback presentation compiler.
2026.03.22 18:06:27 INFO  no build target found for C:\Users\Dayana\OneDrive\Escritorio\POO\Semana11\Ejercicio\Fase03\GestionEstudiantes.java. Using fallback presentation compiler.
2026.03.22 18:06:27 INFO  no build target found for C:\Users\Dayana\OneDrive\Escritorio\POO\Semana11\Ejercicio\Fase03\GestionEstudiantes.java. Using fallback presentation compiler.
2026.03.22 18:06:27 INFO  no build target found for C:\Users\Dayana\OneDrive\Escritorio\POO\Semana11\Ejercicio\Fase03\GestionEstudiantes.java. Using fallback presentation compiler.
2026.03.22 18:06:27 INFO  no build target found for C:\Users\Dayana\OneDrive\Escritorio\POO\Semana11\Ejercicio\Fase03\GestionEstudiantes.java. Using fallback presentation compiler.
2026.03.22 18:06:27 INFO  no build target found for C:\Users\Dayana\OneDrive\Escritorio\POO\Semana11\Ejercicio\Fase03\GestionEstudiantes.java. Using fallback presentation compiler.
2026.03.22 18:06:27 INFO  no build target found for C:\Users\Dayana\OneDrive\Escritorio\POO\Semana11\Ejercicio\Fase03\GestionEstudiantes.java. Using fallback presentation compiler.
2026.03.22 18:06:28 INFO  no build target found for C:\Users\Dayana\OneDrive\Escritorio\POO\Semana11\Ejercicio\Fase03\GestionEstudiantes.java. Using fallback presentation compiler.
2026.03.22 18:06:28 INFO  no build target found for C:\Users\Dayana\OneDrive\Escritorio\POO\Semana11\Ejercicio\Fase03\GestionEstudiantes.java. Using fallback presentation compiler.
2026.03.22 18:06:28 INFO  no build target found for C:\Users\Dayana\OneDrive\Escritorio\POO\Semana11\Ejercicio\Fase03\GestionEstudiantes.java. Using fallback presentation compiler.
2026.03.22 18:06:28 INFO  no build target found for C:\Users\Dayana\OneDrive\Escritorio\POO\Semana11\Ejercicio\Fase03\GestionEstudiantes.java. Using fallback presentation compiler.
2026.03.22 18:06:28 INFO  no build target found for C:\Users\Dayana\OneDrive\Escritorio\POO\Semana11\Ejercicio\Fase03\GestionEstudiantes.java. Using fallback presentation compiler.
2026.03.22 18:06:28 INFO  no build target found for C:\Users\Dayana\OneDrive\Escritorio\POO\Semana11\Ejercicio\Fase03\GestionEstudiantes.java. Using fallback presentation compiler.
2026.03.22 18:06:28 INFO  no build target found for C:\Users\Dayana\OneDrive\Escritorio\POO\Semana11\Ejercicio\Fase03\GestionEstudiantes.java. Using fallback presentation compiler.
2026.03.22 18:06:28 INFO  no build target found for C:\Users\Dayana\OneDrive\Escritorio\POO\Semana11\Ejercicio\Fase03\GestionEstudiantes.java. Using fallback presentation compiler.
2026.03.22 18:06:28 INFO  no build target found for C:\Users\Dayana\OneDrive\Escritorio\POO\Semana11\Ejercicio\Fase03\GestionEstudiantes.java. Using fallback presentation compiler.
2026.03.22 18:06:29 INFO  no build target found for C:\Users\Dayana\OneDrive\Escritorio\POO\Semana11\Ejercicio\Fase03\GestionEstudiantes.java. Using fallback presentation compiler.
2026.03.22 18:06:29 INFO  no build target found for C:\Users\Dayana\OneDrive\Escritorio\POO\Semana11\Ejercicio\Fase03\GestionEstudiantes.java. Using fallback presentation compiler.
2026.03.22 18:06:29 INFO  no build target found for C:\Users\Dayana\OneDrive\Escritorio\POO\Semana11\Ejercicio\Fase03\GestionEstudiantes.java. Using fallback presentation compiler.
2026.03.22 18:06:29 INFO  no build target found for C:\Users\Dayana\OneDrive\Escritorio\POO\Semana11\Ejercicio\Fase03\GestionEstudiantes.java. Using fallback presentation compiler.
2026.03.22 18:06:34 INFO  no build target found for C:\Users\Dayana\OneDrive\Escritorio\POO\Semana11\Ejercicio\Fase03\GestionEstudiantes.java. Using fallback presentation compiler.
2026.03.22 18:06:34 INFO  no build target found for C:\Users\Dayana\OneDrive\Escritorio\POO\Semana11\Ejercicio\Fase03\GestionEstudiantes.java. Using fallback presentation compiler.
2026.03.22 18:06:34 INFO  no build target found for C:\Users\Dayana\OneDrive\Escritorio\POO\Semana11\Ejercicio\Fase03\GestionEstudiantes.java. Using fallback presentation compiler.
2026.03.22 18:06:34 INFO  no build target found for C:\Users\Dayana\OneDrive\Escritorio\POO\Semana11\Ejercicio\Fase03\GestionEstudiantes.java. Using fallback presentation compiler.
2026.03.22 18:06:34 INFO  no build target found for C:\Users\Dayana\OneDrive\Escritorio\POO\Semana11\Ejercicio\Fase03\GestionEstudiantes.java. Using fallback presentation compiler.
2026.03.22 18:06:34 INFO  no build target found for C:\Users\Dayana\OneDrive\Escritorio\POO\Semana11\Ejercicio\Fase03\GestionEstudiantes.java. Using fallback presentation compiler.
2026.03.22 18:06:34 INFO  no build target found for C:\Users\Dayana\OneDrive\Escritorio\POO\Semana11\Ejercicio\Fase03\GestionEstudiantes.java. Using fallback presentation compiler.
2026.03.22 18:06:34 INFO  no build target found for C:\Users\Dayana\OneDrive\Escritorio\POO\Semana11\Ejercicio\Fase03\GestionEstudiantes.java. Using fallback presentation compiler.
2026.03.22 18:06:35 INFO  no build target found for C:\Users\Dayana\OneDrive\Escritorio\POO\Semana11\Ejercicio\Fase03\GestionEstudiantes.java. Using fallback presentation compiler.
2026.03.22 18:06:34 INFO  no build target found for C:\Users\Dayana\OneDrive\Escritorio\POO\Semana11\Ejercicio\Fase03\GestionEstudiantes.java. Using fallback presentation compiler.
2026.03.22 18:06:35 INFO  no build target found for C:\Users\Dayana\OneDrive\Escritorio\POO\Semana11\Ejercicio\Fase03\GestionEstudiantes.java. Using fallback presentation compiler.
2026.03.22 18:06:35 INFO  no build target found for C:\Users\Dayana\OneDrive\Escritorio\POO\Semana11\Ejercicio\Fase03\GestionEstudiantes.java. Using fallback presentation compiler.
2026.03.22 18:06:34 INFO  no build target found for C:\Users\Dayana\OneDrive\Escritorio\POO\Semana11\Ejercicio\Fase03\GestionEstudiantes.java. Using fallback presentation compiler.
2026.03.22 18:06:35 INFO  no build target found for C:\Users\Dayana\OneDrive\Escritorio\POO\Semana11\Ejercicio\Fase03\GestionEstudiantes.java. Using fallback presentation compiler.
2026.03.22 18:06:35 INFO  no build target found for C:\Users\Dayana\OneDrive\Escritorio\POO\Semana11\Ejercicio\Fase03\GestionEstudiantes.java. Using fallback presentation compiler.
2026.03.22 18:06:35 INFO  no build target found for C:\Users\Dayana\OneDrive\Escritorio\POO\Semana11\Ejercicio\Fase03\GestionEstudiantes.java. Using fallback presentation compiler.
2026.03.22 18:06:36 INFO  no build target found for C:\Users\Dayana\OneDrive\Escritorio\POO\Semana11\Ejercicio\Fase03\GestionEstudiantes.java. Using fallback presentation compiler.
2026.03.22 18:06:36 INFO  no build target found for C:\Users\Dayana\OneDrive\Escritorio\POO\Semana11\Ejercicio\Fase03\GestionEstudiantes.java. Using fallback presentation compiler.
2026.03.22 18:06:36 INFO  no build target found for C:\Users\Dayana\OneDrive\Escritorio\POO\Semana11\Ejercicio\Fase03\GestionEstudiantes.java. Using fallback presentation compiler.
2026.03.22 18:06:36 INFO  no build target found for C:\Users\Dayana\OneDrive\Escritorio\POO\Semana11\Ejercicio\Fase03\GestionEstudiantes.java. Using fallback presentation compiler.
2026.03.22 18:06:36 INFO  no build target found for C:\Users\Dayana\OneDrive\Escritorio\POO\Semana11\Ejercicio\Fase03\GestionEstudiantes.java. Using fallback presentation compiler.
mar. 22, 2026 6:06:36 P. M. org.eclipse.lsp4j.jsonrpc.RemoteEndpoint handleCancellation
ADVERTENCIA: Unmatched cancel notification for request id 1829
2026.03.22 18:06:36 INFO  no build target found for C:\Users\Dayana\OneDrive\Escritorio\POO\Semana11\Ejercicio\Fase03\GestionEstudiantes.java. Using fallback presentation compiler.
2026.03.22 18:06:36 INFO  no build target found for C:\Users\Dayana\OneDrive\Escritorio\POO\Semana11\Ejercicio\Fase03\GestionEstudiantes.java. Using fallback presentation compiler.
2026.03.22 18:06:36 INFO  no build target found for C:\Users\Dayana\OneDrive\Escritorio\POO\Semana11\Ejercicio\Fase03\GestionEstudiantes.java. Using fallback presentation compiler.
2026.03.22 18:06:36 INFO  no build target found for C:\Users\Dayana\OneDrive\Escritorio\POO\Semana11\Ejercicio\Fase03\GestionEstudiantes.java. Using fallback presentation compiler.
2026.03.22 18:06:37 INFO  no build target found for C:\Users\Dayana\OneDrive\Escritorio\POO\Semana11\Ejercicio\Fase03\GestionEstudiantes.java. Using fallback presentation compiler.
2026.03.22 18:06:37 INFO  no build target found for C:\Users\Dayana\OneDrive\Escritorio\POO\Semana11\Ejercicio\Fase03\GestionEstudiantes.java. Using fallback presentation compiler.
2026.03.22 18:06:37 INFO  no build target found for C:\Users\Dayana\OneDrive\Escritorio\POO\Semana11\Ejercicio\Fase03\GestionEstudiantes.java. Using fallback presentation compiler.
2026.03.22 18:06:37 INFO  no build target found for C:\Users\Dayana\OneDrive\Escritorio\POO\Semana11\Ejercicio\Fase03\GestionEstudiantes.java. Using fallback presentation compiler.
2026.03.22 18:06:37 INFO  no build target found for C:\Users\Dayana\OneDrive\Escritorio\POO\Semana11\Ejercicio\Fase03\GestionEstudiantes.java. Using fallback presentation compiler.
2026.03.22 18:06:38 INFO  no build target found for C:\Users\Dayana\OneDrive\Escritorio\POO\Semana11\Ejercicio\Fase03\GestionEstudiantes.java. Using fallback presentation compiler.
2026.03.22 18:06:38 INFO  no build target found for C:\Users\Dayana\OneDrive\Escritorio\POO\Semana11\Ejercicio\Fase03\GestionEstudiantes.java. Using fallback presentation compiler.
2026.03.22 18:06:39 INFO  no build target found for C:\Users\Dayana\OneDrive\Escritorio\POO\Semana11\Ejercicio\Fase03\GestionEstudiantes.java. Using fallback presentation compiler.
2026.03.22 18:06:38 INFO  no build target found for C:\Users\Dayana\OneDrive\Escritorio\POO\Semana11\Ejercicio\Fase03\GestionEstudiantes.java. Using fallback presentation compiler.
2026.03.22 18:06:38 INFO  no build target found for C:\Users\Dayana\OneDrive\Escritorio\POO\Semana11\Ejercicio\Fase03\GestionEstudiantes.java. Using fallback presentation compiler.
2026.03.22 18:06:39 INFO  no build target found for C:\Users\Dayana\OneDrive\Escritorio\POO\Semana11\Ejercicio\Fase03\GestionEstudiantes.java. Using fallback presentation compiler.
2026.03.22 18:06:40 INFO  no build target found for C:\Users\Dayana\OneDrive\Escritorio\POO\Semana11\Ejercicio\Fase03\GestionEstudiantes.java. Using fallback presentation compiler.
2026.03.22 18:06:40 INFO  no build target found for C:\Users\Dayana\OneDrive\Escritorio\POO\Semana11\Ejercicio\Fase03\GestionEstudiantes.java. Using fallback presentation compiler.
2026.03.22 18:06:40 INFO  no build target found for C:\Users\Dayana\OneDrive\Escritorio\POO\Semana11\Ejercicio\Fase03\GestionEstudiantes.java. Using fallback presentation compiler.
2026.03.22 18:06:40 INFO  no build target found for C:\Users\Dayana\OneDrive\Escritorio\POO\Semana11\Ejercicio\Fase03\GestionEstudiantes.java. Using fallback presentation compiler.
2026.03.22 18:06:40 INFO  no build target found for C:\Users\Dayana\OneDrive\Escritorio\POO\Semana11\Ejercicio\Fase03\GestionEstudiantes.java. Using fallback presentation compiler.
2026.03.22 18:06:40 INFO  no build target found for C:\Users\Dayana\OneDrive\Escritorio\POO\Semana11\Ejercicio\Fase03\GestionEstudiantes.java. Using fallback presentation compiler.
2026.03.22 18:06:41 INFO  no build target found for C:\Users\Dayana\OneDrive\Escritorio\POO\Semana11\Ejercicio\Fase03\GestionEstudiantes.java. Using fallback presentation compiler.
2026.03.22 18:06:41 INFO  no build target found for C:\Users\Dayana\OneDrive\Escritorio\POO\Semana11\Ejercicio\Fase03\GestionEstudiantes.java. Using fallback presentation compiler.
2026.03.22 18:06:43 INFO  no build target found for C:\Users\Dayana\OneDrive\Escritorio\POO\Semana11\Ejercicio\Fase03\GestionEstudiantes.java. Using fallback presentation compiler.
2026.03.22 18:06:43 INFO  no build target found for C:\Users\Dayana\OneDrive\Escritorio\POO\Semana11\Ejercicio\Fase03\GestionEstudiantes.java. Using fallback presentation compiler.
2026.03.22 18:06:43 INFO  no build target found for C:\Users\Dayana\OneDrive\Escritorio\POO\Semana11\Ejercicio\Fase03\GestionEstudiantes.java. Using fallback presentation compiler.
2026.03.22 18:06:44 INFO  no build target found for C:\Users\Dayana\OneDrive\Escritorio\POO\Semana11\Ejercicio\Fase03\GestionEstudiantes.java. Using fallback presentation compiler.
2026.03.22 18:06:45 INFO  no build target found for C:\Users\Dayana\OneDrive\Escritorio\POO\Semana11\Ejercicio\Fase03\GestionEstudiantes.java. Using fallback presentation compiler.
2026.03.22 18:06:45 INFO  no build target found for C:\Users\Dayana\OneDrive\Escritorio\POO\Semana11\Ejercicio\Fase03\GestionEstudiantes.java. Using fallback presentation compiler.
2026.03.22 18:06:46 INFO  no build target found for C:\Users\Dayana\OneDrive\Escritorio\POO\Semana11\Ejercicio\Fase03\GestionEstudiantes.java. Using fallback presentation compiler.
2026.03.22 18:06:48 INFO  no build target found for C:\Users\Dayana\OneDrive\Escritorio\POO\Semana11\Ejercicio\Fase03\GestionEstudiantes.java. Using fallback presentation compiler.
2026.03.22 18:06:48 INFO  no build target found for C:\Users\Dayana\OneDrive\Escritorio\POO\Semana11\Ejercicio\Fase03\GestionEstudiantes.java. Using fallback presentation compiler.
2026.03.22 18:06:48 INFO  no build target found for C:\Users\Dayana\OneDrive\Escritorio\POO\Semana11\Ejercicio\Fase03\GestionEstudiantes.java. Using fallback presentation compiler.
2026.03.22 18:06:48 INFO  no build target found for C:\Users\Dayana\OneDrive\Escritorio\POO\Semana11\Ejercicio\Fase03\GestionEstudiantes.java. Using fallback presentation compiler.
2026.03.22 18:06:50 INFO  no build target found for C:\Users\Dayana\OneDrive\Escritorio\POO\Semana11\Ejercicio\Fase03\GestionEstudiantes.java. Using fallback presentation compiler.
2026.03.22 18:06:53 INFO  no build target found for C:\Users\Dayana\OneDrive\Escritorio\POO\Semana11\Ejercicio\Fase03\GestionEstudiantes.java. Using fallback presentation compiler.
2026.03.22 18:06:53 INFO  no build target found for C:\Users\Dayana\OneDrive\Escritorio\POO\Semana11\Ejercicio\Fase03\GestionEstudiantes.java. Using fallback presentation compiler.
2026.03.22 18:06:53 INFO  no build target found for C:\Users\Dayana\OneDrive\Escritorio\POO\Semana11\Ejercicio\Fase03\GestionEstudiantes.java. Using fallback presentation compiler.
mar. 22, 2026 6:06:53 P. M. org.eclipse.lsp4j.jsonrpc.RemoteEndpoint handleCancellation
ADVERTENCIA: Unmatched cancel notification for request id 1900
2026.03.22 18:06:53 INFO  no build target found for C:\Users\Dayana\OneDrive\Escritorio\POO\Semana11\Ejercicio\Fase03\GestionEstudiantes.java. Using fallback presentation compiler.
2026.03.22 18:06:53 INFO  no build target found for C:\Users\Dayana\OneDrive\Escritorio\POO\Semana11\Ejercicio\Fase03\GestionEstudiantes.java. Using fallback presentation compiler.
2026.03.22 18:06:53 INFO  no build target found for C:\Users\Dayana\OneDrive\Escritorio\POO\Semana11\Ejercicio\Fase03\GestionEstudiantes.java. Using fallback presentation compiler.
2026.03.22 18:06:53 INFO  no build target found for C:\Users\Dayana\OneDrive\Escritorio\POO\Semana11\Ejercicio\Fase03\GestionEstudiantes.java. Using fallback presentation compiler.
2026.03.22 18:06:53 INFO  no build target found for C:\Users\Dayana\OneDrive\Escritorio\POO\Semana11\Ejercicio\Fase03\GestionEstudiantes.java. Using fallback presentation compiler.
mar. 22, 2026 6:06:54 P. M. org.eclipse.lsp4j.jsonrpc.RemoteEndpoint handleCancellation
ADVERTENCIA: Unmatched cancel notification for request id 1907
2026.03.22 18:06:53 INFO  no build target found for C:\Users\Dayana\OneDrive\Escritorio\POO\Semana11\Ejercicio\Fase03\GestionEstudiantes.java. Using fallback presentation compiler.
2026.03.22 18:06:54 INFO  no build target found for C:\Users\Dayana\OneDrive\Escritorio\POO\Semana11\Ejercicio\Fase03\GestionEstudiantes.java. Using fallback presentation compiler.
2026.03.22 18:06:54 INFO  no build target found for C:\Users\Dayana\OneDrive\Escritorio\POO\Semana11\Ejercicio\Fase03\GestionEstudiantes.java. Using fallback presentation compiler.
2026.03.22 18:06:55 INFO  no build target found for C:\Users\Dayana\OneDrive\Escritorio\POO\Semana11\Ejercicio\Fase03\GestionEstudiantes.java. Using fallback presentation compiler.
2026.03.22 18:06:55 INFO  no build target found for C:\Users\Dayana\OneDrive\Escritorio\POO\Semana11\Ejercicio\Fase03\GestionEstudiantes.java. Using fallback presentation compiler.
2026.03.22 18:06:55 INFO  no build target found for C:\Users\Dayana\OneDrive\Escritorio\POO\Semana11\Ejercicio\Fase03\GestionEstudiantes.java. Using fallback presentation compiler.
2026.03.22 18:06:55 INFO  no build target found for C:\Users\Dayana\OneDrive\Escritorio\POO\Semana11\Ejercicio\Fase03\GestionEstudiantes.java. Using fallback presentation compiler.
mar. 22, 2026 6:06:56 P. M. org.eclipse.lsp4j.jsonrpc.RemoteEndpoint handleCancellation
ADVERTENCIA: Unmatched cancel notification for request id 1920
2026.03.22 18:06:55 INFO  no build target found for C:\Users\Dayana\OneDrive\Escritorio\POO\Semana11\Ejercicio\Fase03\GestionEstudiantes.java. Using fallback presentation compiler.
2026.03.22 18:06:55 INFO  no build target found for C:\Users\Dayana\OneDrive\Escritorio\POO\Semana11\Ejercicio\Fase03\GestionEstudiantes.java. Using fallback presentation compiler.
2026.03.22 18:06:56 INFO  no build target found for C:\Users\Dayana\OneDrive\Escritorio\POO\Semana11\Ejercicio\Fase03\GestionEstudiantes.java. Using fallback presentation compiler.
2026.03.22 18:06:55 INFO  no build target found for C:\Users\Dayana\OneDrive\Escritorio\POO\Semana11\Ejercicio\Fase03\GestionEstudiantes.java. Using fallback presentation compiler.
2026.03.22 18:06:57 INFO  no build target found for C:\Users\Dayana\OneDrive\Escritorio\POO\Semana11\Ejercicio\Fase03\GestionEstudiantes.java. Using fallback presentation compiler.
2026.03.22 18:06:57 INFO  no build target found for C:\Users\Dayana\OneDrive\Escritorio\POO\Semana11\Ejercicio\Fase03\GestionEstudiantes.java. Using fallback presentation compiler.
2026.03.22 18:06:57 INFO  no build target found for C:\Users\Dayana\OneDrive\Escritorio\POO\Semana11\Ejercicio\Fase03\GestionEstudiantes.java. Using fallback presentation compiler.
2026.03.22 18:06:57 INFO  no build target found for C:\Users\Dayana\OneDrive\Escritorio\POO\Semana11\Ejercicio\Fase03\GestionEstudiantes.java. Using fallback presentation compiler.
2026.03.22 18:06:57 INFO  no build target found for C:\Users\Dayana\OneDrive\Escritorio\POO\Semana11\Ejercicio\Fase03\GestionEstudiantes.java. Using fallback presentation compiler.
2026.03.22 18:06:58 INFO  no build target found for C:\Users\Dayana\OneDrive\Escritorio\POO\Semana11\Ejercicio\Fase03\GestionEstudiantes.java. Using fallback presentation compiler.
2026.03.22 18:06:57 INFO  no build target found for C:\Users\Dayana\OneDrive\Escritorio\POO\Semana11\Ejercicio\Fase03\GestionEstudiantes.java. Using fallback presentation compiler.
2026.03.22 18:06:58 INFO  no build target found for C:\Users\Dayana\OneDrive\Escritorio\POO\Semana11\Ejercicio\Fase03\GestionEstudiantes.java. Using fallback presentation compiler.
2026.03.22 18:06:57 INFO  no build target found for C:\Users\Dayana\OneDrive\Escritorio\POO\Semana11\Ejercicio\Fase03\GestionEstudiantes.java. Using fallback presentation compiler.
2026.03.22 18:07:06 INFO  no build target found for C:\Users\Dayana\OneDrive\Escritorio\POO\Semana11\Ejercicio\Fase03\GestionEstudiantes.java. Using fallback presentation compiler.
2026.03.22 18:07:06 INFO  no build target found for C:\Users\Dayana\OneDrive\Escritorio\POO\Semana11\Ejercicio\Fase03\GestionEstudiantes.java. Using fallback presentation compiler.
2026.03.22 18:07:07 INFO  no build target found for C:\Users\Dayana\OneDrive\Escritorio\POO\Semana11\Ejercicio\Fase03\GestionEstudiantes.java. Using fallback presentation compiler.
2026.03.22 18:07:07 INFO  no build target found for C:\Users\Dayana\OneDrive\Escritorio\POO\Semana11\Ejercicio\Fase03\GestionEstudiantes.java. Using fallback presentation compiler.
2026.03.22 18:07:07 INFO  no build target found for C:\Users\Dayana\OneDrive\Escritorio\POO\Semana11\Ejercicio\Fase03\GestionEstudiantes.java. Using fallback presentation compiler.
2026.03.22 18:07:08 INFO  no build target found for C:\Users\Dayana\OneDrive\Escritorio\POO\Semana11\Ejercicio\Fase03\GestionEstudiantes.java. Using fallback presentation compiler.
2026.03.22 18:07:08 INFO  no build target found for C:\Users\Dayana\OneDrive\Escritorio\POO\Semana11\Ejercicio\Fase03\GestionEstudiantes.java. Using fallback presentation compiler.
2026.03.22 18:07:10 INFO  no build target found for C:\Users\Dayana\OneDrive\Escritorio\POO\Semana11\Ejercicio\Fase03\GestionEstudiantes.java. Using fallback presentation compiler.
2026.03.22 18:07:12 INFO  no build target found for C:\Users\Dayana\OneDrive\Escritorio\POO\Semana11\Ejercicio\Fase03\GestionEstudiantes.java. Using fallback presentation compiler.
2026.03.22 18:07:12 INFO  no build target found for C:\Users\Dayana\OneDrive\Escritorio\POO\Semana11\Ejercicio\Fase03\GestionEstudiantes.java. Using fallback presentation compiler.
2026.03.22 18:07:14 INFO  no build target found for C:\Users\Dayana\OneDrive\Escritorio\POO\Semana11\Ejercicio\Fase03\GestionEstudiantes.java. Using fallback presentation compiler.
2026.03.22 18:07:56 INFO  no build target found for C:\Users\Dayana\OneDrive\Escritorio\POO\Semana11\Ejercicio\Fase03\GestionEstudiantes.java. Using fallback presentation compiler.
2026.03.22 18:08:02 INFO  no build target found for C:\Users\Dayana\OneDrive\Escritorio\POO\Semana11\Ejercicio\Fase03\GestionEstudiantes.java. Using fallback presentation compiler.
2026.03.22 18:08:06 INFO  no build target found for C:\Users\Dayana\OneDrive\Escritorio\POO\Semana11\Ejercicio\Fase03\GestionEstudiantes.java. Using fallback presentation compiler.
2026.03.22 18:08:07 INFO  no build target found for C:\Users\Dayana\OneDrive\Escritorio\POO\Semana11\Ejercicio\Fase03\GestionEstudiantes.java. Using fallback presentation compiler.
2026.03.22 18:08:09 INFO  no build target found for C:\Users\Dayana\OneDrive\Escritorio\POO\Semana11\Ejercicio\Fase03\GestionEstudiantes.java. Using fallback presentation compiler.
2026.03.22 18:08:09 INFO  no build target found for C:\Users\Dayana\OneDrive\Escritorio\POO\Semana11\Ejercicio\Fase03\GestionEstudiantes.java. Using fallback presentation compiler.
2026.03.22 18:08:09 INFO  no build target found for C:\Users\Dayana\OneDrive\Escritorio\POO\Semana11\Ejercicio\Fase03\GestionEstudiantes.java. Using fallback presentation compiler.
2026.03.22 18:08:10 INFO  no build target found for C:\Users\Dayana\OneDrive\Escritorio\POO\Semana11\Ejercicio\Fase03\GestionEstudiantes.java. Using fallback presentation compiler.
2026.03.22 18:08:09 INFO  no build target found for C:\Users\Dayana\OneDrive\Escritorio\POO\Semana11\Ejercicio\Fase03\GestionEstudiantes.java. Using fallback presentation compiler.
2026.03.22 18:08:10 INFO  no build target found for C:\Users\Dayana\OneDrive\Escritorio\POO\Semana11\Ejercicio\Fase03\GestionEstudiantes.java. Using fallback presentation compiler.
2026.03.22 18:08:10 INFO  no build target found for C:\Users\Dayana\OneDrive\Escritorio\POO\Semana11\Ejercicio\Fase03\GestionEstudiantes.java. Using fallback presentation compiler.
2026.03.22 18:08:10 INFO  no build target found for C:\Users\Dayana\OneDrive\Escritorio\POO\Semana11\Ejercicio\Fase03\GestionEstudiantes.java. Using fallback presentation compiler.
2026.03.22 18:08:10 INFO  no build target found for C:\Users\Dayana\OneDrive\Escritorio\POO\Semana11\Ejercicio\Fase03\GestionEstudiantes.java. Using fallback presentation compiler.
2026.03.22 18:08:10 INFO  no build target found for C:\Users\Dayana\OneDrive\Escritorio\POO\Semana11\Ejercicio\Fase03\GestionEstudiantes.java. Using fallback presentation compiler.
2026.03.22 18:08:11 INFO  no build target found for C:\Users\Dayana\OneDrive\Escritorio\POO\Semana11\Ejercicio\Fase03\GestionEstudiantes.java. Using fallback presentation compiler.
2026.03.22 18:08:10 INFO  no build target found for C:\Users\Dayana\OneDrive\Escritorio\POO\Semana11\Ejercicio\Fase03\GestionEstudiantes.java. Using fallback presentation compiler.
2026.03.22 18:08:10 INFO  no build target found for C:\Users\Dayana\OneDrive\Escritorio\POO\Semana11\Ejercicio\Fase03\GestionEstudiantes.java. Using fallback presentation compiler.
2026.03.22 18:08:11 INFO  no build target found for C:\Users\Dayana\OneDrive\Escritorio\POO\Semana11\Ejercicio\Fase03\GestionEstudiantes.java. Using fallback presentation compiler.
2026.03.22 18:08:11 INFO  no build target found for C:\Users\Dayana\OneDrive\Escritorio\POO\Semana11\Ejercicio\Fase03\GestionEstudiantes.java. Using fallback presentation compiler.
2026.03.22 18:08:11 INFO  no build target found for C:\Users\Dayana\OneDrive\Escritorio\POO\Semana11\Ejercicio\Fase03\GestionEstudiantes.java. Using fallback presentation compiler.
2026.03.22 18:08:11 INFO  no build target found for C:\Users\Dayana\OneDrive\Escritorio\POO\Semana11\Ejercicio\Fase03\GestionEstudiantes.java. Using fallback presentation compiler.
2026.03.22 18:08:12 INFO  no build target found for C:\Users\Dayana\OneDrive\Escritorio\POO\Semana11\Ejercicio\Fase03\GestionEstudiantes.java. Using fallback presentation compiler.
2026.03.22 18:08:14 INFO  no build target found for C:\Users\Dayana\OneDrive\Escritorio\POO\Semana11\Ejercicio\Fase03\GestionEstudiantes.java. Using fallback presentation compiler.
2026.03.22 18:08:14 INFO  no build target found for C:\Users\Dayana\OneDrive\Escritorio\POO\Semana11\Ejercicio\Fase03\GestionEstudiantes.java. Using fallback presentation compiler.
2026.03.22 18:08:14 INFO  no build target found for C:\Users\Dayana\OneDrive\Escritorio\POO\Semana11\Ejercicio\Fase03\GestionEstudiantes.java. Using fallback presentation compiler.
2026.03.22 18:08:15 INFO  no build target found for C:\Users\Dayana\OneDrive\Escritorio\POO\Semana11\Ejercicio\Fase03\GestionEstudiantes.java. Using fallback presentation compiler.
2026.03.22 18:08:15 INFO  no build target found for C:\Users\Dayana\OneDrive\Escritorio\POO\Semana11\Ejercicio\Fase03\GestionEstudiantes.java. Using fallback presentation compiler.
2026.03.22 18:08:15 INFO  no build target found for C:\Users\Dayana\OneDrive\Escritorio\POO\Semana11\Ejercicio\Fase03\GestionEstudiantes.java. Using fallback presentation compiler.
2026.03.22 18:08:15 INFO  no build target found for C:\Users\Dayana\OneDrive\Escritorio\POO\Semana11\Ejercicio\Fase03\GestionEstudiantes.java. Using fallback presentation compiler.
2026.03.22 18:08:16 INFO  no build target found for C:\Users\Dayana\OneDrive\Escritorio\POO\Semana11\Ejercicio\Fase03\GestionEstudiantes.java. Using fallback presentation compiler.
2026.03.22 18:08:16 INFO  no build target found for C:\Users\Dayana\OneDrive\Escritorio\POO\Semana11\Ejercicio\Fase03\GestionEstudiantes.java. Using fallback presentation compiler.
2026.03.22 18:08:17 INFO  no build target found for C:\Users\Dayana\OneDrive\Escritorio\POO\Semana11\Ejercicio\Fase03\GestionEstudiantes.java. Using fallback presentation compiler.
2026.03.22 18:08:17 INFO  no build target found for C:\Users\Dayana\OneDrive\Escritorio\POO\Semana11\Ejercicio\Fase03\GestionEstudiantes.java. Using fallback presentation compiler.
2026.03.22 18:08:19 INFO  no build target found for C:\Users\Dayana\OneDrive\Escritorio\POO\Semana11\Ejercicio\Fase03\GestionEstudiantes.java. Using fallback presentation compiler.
2026.03.22 18:08:19 INFO  no build target found for C:\Users\Dayana\OneDrive\Escritorio\POO\Semana11\Ejercicio\Fase03\GestionEstudiantes.java. Using fallback presentation compiler.
2026.03.22 18:08:20 INFO  no build target found for C:\Users\Dayana\OneDrive\Escritorio\POO\Semana11\Ejercicio\Fase03\GestionEstudiantes.java. Using fallback presentation compiler.
2026.03.22 18:08:29 INFO  no build target found for C:\Users\Dayana\OneDrive\Escritorio\POO\Semana11\Ejercicio\Fase03\GestionEstudiantes.java. Using fallback presentation compiler.
2026.03.22 18:09:06 INFO  no build target found for C:\Users\Dayana\OneDrive\Escritorio\POO\Semana11\Ejercicio\Fase03\GestionEstudiantes.java. Using fallback presentation compiler.
2026.03.22 18:09:06 INFO  no build target found for C:\Users\Dayana\OneDrive\Escritorio\POO\Semana11\Ejercicio\Fase03\GestionEstudiantes.java. Using fallback presentation compiler.
2026.03.22 18:09:07 INFO  no build target found for C:\Users\Dayana\OneDrive\Escritorio\POO\Semana11\Ejercicio\Fase03\GestionEstudiantes.java. Using fallback presentation compiler.
2026.03.22 18:09:16 INFO  no build target found for C:\Users\Dayana\OneDrive\Escritorio\POO\Semana11\Ejercicio\Fase03\GestionEstudiantes.java. Using fallback presentation compiler.
2026.03.22 18:09:16 INFO  no build target found for C:\Users\Dayana\OneDrive\Escritorio\POO\Semana11\Ejercicio\Fase03\GestionEstudiantes.java. Using fallback presentation compiler.
2026.03.22 18:09:17 INFO  no build target found for C:\Users\Dayana\OneDrive\Escritorio\POO\Semana11\Ejercicio\Fase03\GestionEstudiantes.java. Using fallback presentation compiler.
2026.03.22 18:09:18 INFO  no build target found for C:\Users\Dayana\OneDrive\Escritorio\POO\Semana11\Ejercicio\Fase03\GestionEstudiantes.java. Using fallback presentation compiler.
2026.03.22 18:09:34 INFO  no build target found for C:\Users\Dayana\OneDrive\Escritorio\POO\Semana11\Ejercicio\Fase03\GestionEstudiantes.java. Using fallback presentation compiler.
2026.03.22 18:09:36 INFO  no build target found for C:\Users\Dayana\OneDrive\Escritorio\POO\Semana11\Ejercicio\Fase03\GestionEstudiantes.java. Using fallback presentation compiler.
2026.03.22 18:09:36 INFO  no build target found for C:\Users\Dayana\OneDrive\Escritorio\POO\Semana11\Ejercicio\Fase03\GestionEstudiantes.java. Using fallback presentation compiler.
2026.03.22 18:09:36 INFO  no build target found for C:\Users\Dayana\OneDrive\Escritorio\POO\Semana11\Ejercicio\Fase03\GestionEstudiantes.java. Using fallback presentation compiler.
2026.03.22 18:09:36 INFO  no build target found for C:\Users\Dayana\OneDrive\Escritorio\POO\Semana11\Ejercicio\Fase03\GestionEstudiantes.java. Using fallback presentation compiler.
2026.03.22 18:09:36 INFO  no build target found for C:\Users\Dayana\OneDrive\Escritorio\POO\Semana11\Ejercicio\Fase03\GestionEstudiantes.java. Using fallback presentation compiler.
2026.03.22 18:09:36 INFO  no build target found for C:\Users\Dayana\OneDrive\Escritorio\POO\Semana11\Ejercicio\Fase03\GestionEstudiantes.java. Using fallback presentation compiler.
2026.03.22 18:09:37 INFO  no build target found for C:\Users\Dayana\OneDrive\Escritorio\POO\Semana11\Ejercicio\Fase03\GestionEstudiantes.java. Using fallback presentation compiler.
2026.03.22 18:09:37 INFO  no build target found for C:\Users\Dayana\OneDrive\Escritorio\POO\Semana11\Ejercicio\Fase03\GestionEstudiantes.java. Using fallback presentation compiler.
2026.03.22 18:09:37 INFO  no build target found for C:\Users\Dayana\OneDrive\Escritorio\POO\Semana11\Ejercicio\Fase03\GestionEstudiantes.java. Using fallback presentation compiler.
2026.03.22 18:09:37 INFO  no build target found for C:\Users\Dayana\OneDrive\Escritorio\POO\Semana11\Ejercicio\Fase03\GestionEstudiantes.java. Using fallback presentation compiler.
2026.03.22 18:09:37 INFO  no build target found for C:\Users\Dayana\OneDrive\Escritorio\POO\Semana11\Ejercicio\Fase03\GestionEstudiantes.java. Using fallback presentation compiler.
2026.03.22 18:09:38 INFO  no build target found for C:\Users\Dayana\OneDrive\Escritorio\POO\Semana11\Ejercicio\Fase03\GestionEstudiantes.java. Using fallback presentation compiler.
2026.03.22 18:09:38 INFO  no build target found for C:\Users\Dayana\OneDrive\Escritorio\POO\Semana11\Ejercicio\Fase03\GestionEstudiantes.java. Using fallback presentation compiler.
2026.03.22 18:09:38 INFO  no build target found for C:\Users\Dayana\OneDrive\Escritorio\POO\Semana11\Ejercicio\Fase03\GestionEstudiantes.java. Using fallback presentation compiler.
2026.03.22 18:09:38 INFO  no build target found for C:\Users\Dayana\OneDrive\Escritorio\POO\Semana11\Ejercicio\Fase03\GestionEstudiantes.java. Using fallback presentation compiler.
2026.03.22 18:09:39 INFO  no build target found for C:\Users\Dayana\OneDrive\Escritorio\POO\Semana11\Ejercicio\Fase03\GestionEstudiantes.java. Using fallback presentation compiler.
2026.03.22 18:09:40 INFO  no build target found for C:\Users\Dayana\OneDrive\Escritorio\POO\Semana11\Ejercicio\Fase03\GestionEstudiantes.java. Using fallback presentation compiler.
2026.03.22 18:09:40 INFO  no build target found for C:\Users\Dayana\OneDrive\Escritorio\POO\Semana11\Ejercicio\Fase03\GestionEstudiantes.java. Using fallback presentation compiler.
2026.03.22 18:09:40 INFO  no build target found for C:\Users\Dayana\OneDrive\Escritorio\POO\Semana11\Ejercicio\Fase03\GestionEstudiantes.java. Using fallback presentation compiler.
2026.03.22 18:09:40 INFO  no build target found for C:\Users\Dayana\OneDrive\Escritorio\POO\Semana11\Ejercicio\Fase03\GestionEstudiantes.java. Using fallback presentation compiler.
2026.03.22 18:09:40 INFO  no build target found for C:\Users\Dayana\OneDrive\Escritorio\POO\Semana11\Ejercicio\Fase03\GestionEstudiantes.java. Using fallback presentation compiler.
2026.03.22 18:09:40 INFO  no build target found for C:\Users\Dayana\OneDrive\Escritorio\POO\Semana11\Ejercicio\Fase03\GestionEstudiantes.java. Using fallback presentation compiler.
2026.03.22 18:09:40 INFO  no build target found for C:\Users\Dayana\OneDrive\Escritorio\POO\Semana11\Ejercicio\Fase03\GestionEstudiantes.java. Using fallback presentation compiler.
2026.03.22 18:09:40 INFO  no build target found for C:\Users\Dayana\OneDrive\Escritorio\POO\Semana11\Ejercicio\Fase03\GestionEstudiantes.java. Using fallback presentation compiler.
2026.03.22 18:09:41 INFO  no build target found for C:\Users\Dayana\OneDrive\Escritorio\POO\Semana11\Ejercicio\Fase03\GestionEstudiantes.java. Using fallback presentation compiler.
2026.03.22 18:09:41 INFO  no build target found for C:\Users\Dayana\OneDrive\Escritorio\POO\Semana11\Ejercicio\Fase03\GestionEstudiantes.java. Using fallback presentation compiler.
2026.03.22 18:09:41 INFO  no build target found for C:\Users\Dayana\OneDrive\Escritorio\POO\Semana11\Ejercicio\Fase03\GestionEstudiantes.java. Using fallback presentation compiler.
2026.03.22 18:09:41 INFO  no build target found for C:\Users\Dayana\OneDrive\Escritorio\POO\Semana11\Ejercicio\Fase03\GestionEstudiantes.java. Using fallback presentation compiler.
2026.03.22 18:09:41 INFO  no build target found for C:\Users\Dayana\OneDrive\Escritorio\POO\Semana11\Ejercicio\Fase03\GestionEstudiantes.java. Using fallback presentation compiler.
2026.03.22 18:09:41 INFO  no build target found for C:\Users\Dayana\OneDrive\Escritorio\POO\Semana11\Ejercicio\Fase03\GestionEstudiantes.java. Using fallback presentation compiler.
2026.03.22 18:09:41 INFO  no build target found for C:\Users\Dayana\OneDrive\Escritorio\POO\Semana11\Ejercicio\Fase03\GestionEstudiantes.java. Using fallback presentation compiler.
2026.03.22 18:09:41 INFO  no build target found for C:\Users\Dayana\OneDrive\Escritorio\POO\Semana11\Ejercicio\Fase03\GestionEstudiantes.java. Using fallback presentation compiler.
2026.03.22 18:09:42 INFO  no build target found for C:\Users\Dayana\OneDrive\Escritorio\POO\Semana11\Ejercicio\Fase03\GestionEstudiantes.java. Using fallback presentation compiler.
2026.03.22 18:09:42 INFO  no build target found for C:\Users\Dayana\OneDrive\Escritorio\POO\Semana11\Ejercicio\Fase03\GestionEstudiantes.java. Using fallback presentation compiler.
2026.03.22 18:09:42 INFO  no build target found for C:\Users\Dayana\OneDrive\Escritorio\POO\Semana11\Ejercicio\Fase03\GestionEstudiantes.java. Using fallback presentation compiler.
2026.03.22 18:09:42 INFO  no build target found for C:\Users\Dayana\OneDrive\Escritorio\POO\Semana11\Ejercicio\Fase03\GestionEstudiantes.java. Using fallback presentation compiler.
2026.03.22 18:09:42 INFO  no build target found for C:\Users\Dayana\OneDrive\Escritorio\POO\Semana11\Ejercicio\Fase03\GestionEstudiantes.java. Using fallback presentation compiler.
2026.03.22 18:09:42 INFO  no build target found for C:\Users\Dayana\OneDrive\Escritorio\POO\Semana11\Ejercicio\Fase03\GestionEstudiantes.java. Using fallback presentation compiler.
2026.03.22 18:09:42 INFO  no build target found for C:\Users\Dayana\OneDrive\Escritorio\POO\Semana11\Ejercicio\Fase03\GestionEstudiantes.java. Using fallback presentation compiler.
2026.03.22 18:09:42 INFO  no build target found for C:\Users\Dayana\OneDrive\Escritorio\POO\Semana11\Ejercicio\Fase03\GestionEstudiantes.java. Using fallback presentation compiler.
2026.03.22 18:09:42 INFO  no build target found for C:\Users\Dayana\OneDrive\Escritorio\POO\Semana11\Ejercicio\Fase03\GestionEstudiantes.java. Using fallback presentation compiler.
2026.03.22 18:09:42 INFO  no build target found for C:\Users\Dayana\OneDrive\Escritorio\POO\Semana11\Ejercicio\Fase03\GestionEstudiantes.java. Using fallback presentation compiler.
2026.03.22 18:09:42 INFO  no build target found for C:\Users\Dayana\OneDrive\Escritorio\POO\Semana11\Ejercicio\Fase03\GestionEstudiantes.java. Using fallback presentation compiler.
2026.03.22 18:09:43 INFO  no build target found for C:\Users\Dayana\OneDrive\Escritorio\POO\Semana11\Ejercicio\Fase03\GestionEstudiantes.java. Using fallback presentation compiler.
2026.03.22 18:09:43 INFO  no build target found for C:\Users\Dayana\OneDrive\Escritorio\POO\Semana11\Ejercicio\Fase03\GestionEstudiantes.java. Using fallback presentation compiler.
2026.03.22 18:09:43 INFO  no build target found for C:\Users\Dayana\OneDrive\Escritorio\POO\Semana11\Ejercicio\Fase03\GestionEstudiantes.java. Using fallback presentation compiler.
2026.03.22 18:09:44 INFO  no build target found for C:\Users\Dayana\OneDrive\Escritorio\POO\Semana11\Ejercicio\Fase03\GestionEstudiantes.java. Using fallback presentation compiler.
2026.03.22 18:09:45 INFO  no build target found for C:\Users\Dayana\OneDrive\Escritorio\POO\Semana11\Ejercicio\Fase03\GestionEstudiantes.java. Using fallback presentation compiler.
2026.03.22 18:09:45 INFO  no build target found for C:\Users\Dayana\OneDrive\Escritorio\POO\Semana11\Ejercicio\Fase03\GestionEstudiantes.java. Using fallback presentation compiler.
2026.03.22 18:09:45 INFO  no build target found for C:\Users\Dayana\OneDrive\Escritorio\POO\Semana11\Ejercicio\Fase03\GestionEstudiantes.java. Using fallback presentation compiler.
2026.03.22 18:09:46 INFO  no build target found for C:\Users\Dayana\OneDrive\Escritorio\POO\Semana11\Ejercicio\Fase03\GestionEstudiantes.java. Using fallback presentation compiler.
2026.03.22 18:09:46 INFO  no build target found for C:\Users\Dayana\OneDrive\Escritorio\POO\Semana11\Ejercicio\Fase03\GestionEstudiantes.java. Using fallback presentation compiler.
2026.03.22 18:09:46 INFO  no build target found for C:\Users\Dayana\OneDrive\Escritorio\POO\Semana11\Ejercicio\Fase03\GestionEstudiantes.java. Using fallback presentation compiler.
2026.03.22 18:09:48 INFO  no build target found for C:\Users\Dayana\OneDrive\Escritorio\POO\Semana11\Ejercicio\Fase03\GestionEstudiantes.java. Using fallback presentation compiler.
2026.03.22 18:09:49 INFO  no build target found for C:\Users\Dayana\OneDrive\Escritorio\POO\Semana11\Ejercicio\Fase03\GestionEstudiantes.java. Using fallback presentation compiler.
2026.03.22 18:09:49 INFO  no build target found for C:\Users\Dayana\OneDrive\Escritorio\POO\Semana11\Ejercicio\Fase03\GestionEstudiantes.java. Using fallback presentation compiler.
2026.03.22 18:09:49 INFO  no build target found for C:\Users\Dayana\OneDrive\Escritorio\POO\Semana11\Ejercicio\Fase03\GestionEstudiantes.java. Using fallback presentation compiler.
2026.03.22 18:09:51 INFO  no build target found for C:\Users\Dayana\OneDrive\Escritorio\POO\Semana11\Ejercicio\Fase03\GestionEstudiantes.java. Using fallback presentation compiler.
2026.03.22 18:09:51 INFO  no build target found for C:\Users\Dayana\OneDrive\Escritorio\POO\Semana11\Ejercicio\Fase03\GestionEstudiantes.java. Using fallback presentation compiler.
2026.03.22 18:09:51 INFO  no build target found for C:\Users\Dayana\OneDrive\Escritorio\POO\Semana11\Ejercicio\Fase03\GestionEstudiantes.java. Using fallback presentation compiler.
2026.03.22 18:09:51 INFO  no build target found for C:\Users\Dayana\OneDrive\Escritorio\POO\Semana11\Ejercicio\Fase03\GestionEstudiantes.java. Using fallback presentation compiler.
2026.03.22 18:09:51 INFO  no build target found for C:\Users\Dayana\OneDrive\Escritorio\POO\Semana11\Ejercicio\Fase03\GestionEstudiantes.java. Using fallback presentation compiler.
2026.03.22 18:09:51 INFO  no build target found for C:\Users\Dayana\OneDrive\Escritorio\POO\Semana11\Ejercicio\Fase03\GestionEstudiantes.java. Using fallback presentation compiler.
2026.03.22 18:09:51 INFO  no build target found for C:\Users\Dayana\OneDrive\Escritorio\POO\Semana11\Ejercicio\Fase03\GestionEstudiantes.java. Using fallback presentation compiler.
2026.03.22 18:09:52 INFO  no build target found for C:\Users\Dayana\OneDrive\Escritorio\POO\Semana11\Ejercicio\Fase03\GestionEstudiantes.java. Using fallback presentation compiler.
2026.03.22 18:09:51 INFO  no build target found for C:\Users\Dayana\OneDrive\Escritorio\POO\Semana11\Ejercicio\Fase03\GestionEstudiantes.java. Using fallback presentation compiler.
2026.03.22 18:09:52 INFO  no build target found for C:\Users\Dayana\OneDrive\Escritorio\POO\Semana11\Ejercicio\Fase03\GestionEstudiantes.java. Using fallback presentation compiler.
2026.03.22 18:09:52 INFO  no build target found for C:\Users\Dayana\OneDrive\Escritorio\POO\Semana11\Ejercicio\Fase03\GestionEstudiantes.java. Using fallback presentation compiler.
2026.03.22 18:10:06 INFO  no build target found for C:\Users\Dayana\OneDrive\Escritorio\POO\Semana11\Ejercicio\Fase03\GestionEstudiantes.java. Using fallback presentation compiler.
2026.03.22 18:10:13 INFO  no build target found for C:\Users\Dayana\OneDrive\Escritorio\POO\Semana11\Ejercicio\Fase03\GestionEstudiantes.java. Using fallback presentation compiler.
2026.03.22 18:10:13 INFO  no build target found for C:\Users\Dayana\OneDrive\Escritorio\POO\Semana11\Ejercicio\Fase03\GestionEstudiantes.java. Using fallback presentation compiler.
2026.03.22 18:10:13 INFO  no build target found for C:\Users\Dayana\OneDrive\Escritorio\POO\Semana11\Ejercicio\Fase03\GestionEstudiantes.java. Using fallback presentation compiler.
2026.03.22 18:10:14 INFO  no build target found for C:\Users\Dayana\OneDrive\Escritorio\POO\Semana11\Ejercicio\Fase03\GestionEstudiantes.java. Using fallback presentation compiler.
2026.03.22 18:10:14 INFO  no build target found for C:\Users\Dayana\OneDrive\Escritorio\POO\Semana11\Ejercicio\Fase03\GestionEstudiantes.java. Using fallback presentation compiler.
2026.03.22 18:10:14 INFO  no build target found for C:\Users\Dayana\OneDrive\Escritorio\POO\Semana11\Ejercicio\Fase03\GestionEstudiantes.java. Using fallback presentation compiler.
2026.03.22 18:10:14 INFO  no build target found for C:\Users\Dayana\OneDrive\Escritorio\POO\Semana11\Ejercicio\Fase03\GestionEstudiantes.java. Using fallback presentation compiler.
2026.03.22 18:10:14 INFO  no build target found for C:\Users\Dayana\OneDrive\Escritorio\POO\Semana11\Ejercicio\Fase03\GestionEstudiantes.java. Using fallback presentation compiler.
2026.03.22 18:10:14 INFO  no build target found for C:\Users\Dayana\OneDrive\Escritorio\POO\Semana11\Ejercicio\Fase03\GestionEstudiantes.java. Using fallback presentation compiler.
2026.03.22 18:10:14 INFO  no build target found for C:\Users\Dayana\OneDrive\Escritorio\POO\Semana11\Ejercicio\Fase03\GestionEstudiantes.java. Using fallback presentation compiler.
2026.03.22 18:10:14 INFO  no build target found for C:\Users\Dayana\OneDrive\Escritorio\POO\Semana11\Ejercicio\Fase03\GestionEstudiantes.java. Using fallback presentation compiler.
2026.03.22 18:10:14 INFO  no build target found for C:\Users\Dayana\OneDrive\Escritorio\POO\Semana11\Ejercicio\Fase03\GestionEstudiantes.java. Using fallback presentation compiler.
2026.03.22 18:10:14 INFO  no build target found for C:\Users\Dayana\OneDrive\Escritorio\POO\Semana11\Ejercicio\Fase03\GestionEstudiantes.java. Using fallback presentation compiler.
2026.03.22 18:10:15 INFO  no build target found for C:\Users\Dayana\OneDrive\Escritorio\POO\Semana11\Ejercicio\Fase03\GestionEstudiantes.java. Using fallback presentation compiler.
2026.03.22 18:10:14 INFO  no build target found for C:\Users\Dayana\OneDrive\Escritorio\POO\Semana11\Ejercicio\Fase03\GestionEstudiantes.java. Using fallback presentation compiler.
2026.03.22 18:10:15 INFO  no build target found for C:\Users\Dayana\OneDrive\Escritorio\POO\Semana11\Ejercicio\Fase03\GestionEstudiantes.java. Using fallback presentation compiler.
2026.03.22 18:10:15 INFO  no build target found for C:\Users\Dayana\OneDrive\Escritorio\POO\Semana11\Ejercicio\Fase03\GestionEstudiantes.java. Using fallback presentation compiler.
2026.03.22 18:10:15 INFO  no build target found for C:\Users\Dayana\OneDrive\Escritorio\POO\Semana11\Ejercicio\Fase03\GestionEstudiantes.java. Using fallback presentation compiler.
2026.03.22 18:10:15 INFO  no build target found for C:\Users\Dayana\OneDrive\Escritorio\POO\Semana11\Ejercicio\Fase03\GestionEstudiantes.java. Using fallback presentation compiler.
2026.03.22 18:10:16 INFO  no build target found for C:\Users\Dayana\OneDrive\Escritorio\POO\Semana11\Ejercicio\Fase03\GestionEstudiantes.java. Using fallback presentation compiler.
2026.03.22 18:10:19 INFO  no build target found for C:\Users\Dayana\OneDrive\Escritorio\POO\Semana11\Ejercicio\Fase03\GestionEstudiantes.java. Using fallback presentation compiler.
2026.03.22 18:10:19 INFO  no build target found for C:\Users\Dayana\OneDrive\Escritorio\POO\Semana11\Ejercicio\Fase03\GestionEstudiantes.java. Using fallback presentation compiler.
2026.03.22 18:10:19 INFO  no build target found for C:\Users\Dayana\OneDrive\Escritorio\POO\Semana11\Ejercicio\Fase03\GestionEstudiantes.java. Using fallback presentation compiler.
2026.03.22 18:10:19 INFO  no build target found for C:\Users\Dayana\OneDrive\Escritorio\POO\Semana11\Ejercicio\Fase03\GestionEstudiantes.java. Using fallback presentation compiler.
2026.03.22 18:10:19 INFO  no build target found for C:\Users\Dayana\OneDrive\Escritorio\POO\Semana11\Ejercicio\Fase03\GestionEstudiantes.java. Using fallback presentation compiler.
2026.03.22 18:10:19 INFO  no build target found for C:\Users\Dayana\OneDrive\Escritorio\POO\Semana11\Ejercicio\Fase03\GestionEstudiantes.java. Using fallback presentation compiler.
2026.03.22 18:10:20 INFO  no build target found for C:\Users\Dayana\OneDrive\Escritorio\POO\Semana11\Ejercicio\Fase03\GestionEstudiantes.java. Using fallback presentation compiler.
2026.03.22 18:10:21 INFO  no build target found for C:\Users\Dayana\OneDrive\Escritorio\POO\Semana11\Ejercicio\Fase03\GestionEstudiantes.java. Using fallback presentation compiler.
2026.03.22 18:10:21 INFO  no build target found for C:\Users\Dayana\OneDrive\Escritorio\POO\Semana11\Ejercicio\Fase03\GestionEstudiantes.java. Using fallback presentation compiler.
2026.03.22 18:10:21 INFO  no build target found for C:\Users\Dayana\OneDrive\Escritorio\POO\Semana11\Ejercicio\Fase03\GestionEstudiantes.java. Using fallback presentation compiler.
2026.03.22 18:10:21 INFO  no build target found for C:\Users\Dayana\OneDrive\Escritorio\POO\Semana11\Ejercicio\Fase03\GestionEstudiantes.java. Using fallback presentation compiler.
2026.03.22 18:10:21 INFO  no build target found for C:\Users\Dayana\OneDrive\Escritorio\POO\Semana11\Ejercicio\Fase03\GestionEstudiantes.java. Using fallback presentation compiler.
2026.03.22 18:10:22 INFO  no build target found for C:\Users\Dayana\OneDrive\Escritorio\POO\Semana11\Ejercicio\Fase03\GestionEstudiantes.java. Using fallback presentation compiler.
2026.03.22 18:10:22 INFO  no build target found for C:\Users\Dayana\OneDrive\Escritorio\POO\Semana11\Ejercicio\Fase03\GestionEstudiantes.java. Using fallback presentation compiler.
mar. 22, 2026 6:10:22 P. M. org.eclipse.lsp4j.jsonrpc.RemoteEndpoint handleCancellation
ADVERTENCIA: Unmatched cancel notification for request id 2330
2026.03.22 18:10:22 INFO  no build target found for C:\Users\Dayana\OneDrive\Escritorio\POO\Semana11\Ejercicio\Fase03\GestionEstudiantes.java. Using fallback presentation compiler.
2026.03.22 18:10:22 INFO  no build target found for C:\Users\Dayana\OneDrive\Escritorio\POO\Semana11\Ejercicio\Fase03\GestionEstudiantes.java. Using fallback presentation compiler.
2026.03.22 18:10:22 INFO  no build target found for C:\Users\Dayana\OneDrive\Escritorio\POO\Semana11\Ejercicio\Fase03\GestionEstudiantes.java. Using fallback presentation compiler.
2026.03.22 18:10:22 INFO  no build target found for C:\Users\Dayana\OneDrive\Escritorio\POO\Semana11\Ejercicio\Fase03\GestionEstudiantes.java. Using fallback presentation compiler.
2026.03.22 18:10:22 INFO  no build target found for C:\Users\Dayana\OneDrive\Escritorio\POO\Semana11\Ejercicio\Fase03\GestionEstudiantes.java. Using fallback presentation compiler.
2026.03.22 18:10:22 INFO  no build target found for C:\Users\Dayana\OneDrive\Escritorio\POO\Semana11\Ejercicio\Fase03\GestionEstudiantes.java. Using fallback presentation compiler.
2026.03.22 18:10:22 INFO  no build target found for C:\Users\Dayana\OneDrive\Escritorio\POO\Semana11\Ejercicio\Fase03\GestionEstudiantes.java. Using fallback presentation compiler.
2026.03.22 18:10:23 INFO  no build target found for C:\Users\Dayana\OneDrive\Escritorio\POO\Semana11\Ejercicio\Fase03\GestionEstudiantes.java. Using fallback presentation compiler.
2026.03.22 18:10:23 INFO  no build target found for C:\Users\Dayana\OneDrive\Escritorio\POO\Semana11\Ejercicio\Fase03\GestionEstudiantes.java. Using fallback presentation compiler.
2026.03.22 18:10:23 INFO  no build target found for C:\Users\Dayana\OneDrive\Escritorio\POO\Semana11\Ejercicio\Fase03\GestionEstudiantes.java. Using fallback presentation compiler.
2026.03.22 18:10:23 INFO  no build target found for C:\Users\Dayana\OneDrive\Escritorio\POO\Semana11\Ejercicio\Fase03\GestionEstudiantes.java. Using fallback presentation compiler.
2026.03.22 18:10:23 INFO  no build target found for C:\Users\Dayana\OneDrive\Escritorio\POO\Semana11\Ejercicio\Fase03\GestionEstudiantes.java. Using fallback presentation compiler.
2026.03.22 18:10:23 INFO  no build target found for C:\Users\Dayana\OneDrive\Escritorio\POO\Semana11\Ejercicio\Fase03\GestionEstudiantes.java. Using fallback presentation compiler.
2026.03.22 18:10:23 INFO  no build target found for C:\Users\Dayana\OneDrive\Escritorio\POO\Semana11\Ejercicio\Fase03\GestionEstudiantes.java. Using fallback presentation compiler.
2026.03.22 18:10:23 INFO  no build target found for C:\Users\Dayana\OneDrive\Escritorio\POO\Semana11\Ejercicio\Fase03\GestionEstudiantes.java. Using fallback presentation compiler.
2026.03.22 18:10:38 INFO  no build target found for C:\Users\Dayana\OneDrive\Escritorio\POO\Semana11\Ejercicio\Fase03\GestionEstudiantes.java. Using fallback presentation compiler.
2026.03.22 18:11:09 INFO  no build target found for C:\Users\Dayana\OneDrive\Escritorio\POO\Semana11\Ejercicio\Fase03\GestionEstudiantes.java. Using fallback presentation compiler.
2026.03.22 18:11:09 INFO  no build target found for C:\Users\Dayana\OneDrive\Escritorio\POO\Semana11\Ejercicio\Fase03\GestionEstudiantes.java. Using fallback presentation compiler.
2026.03.22 18:11:10 INFO  no build target found for C:\Users\Dayana\OneDrive\Escritorio\POO\Semana11\Ejercicio\Fase03\GestionEstudiantes.java. Using fallback presentation compiler.
2026.03.22 18:11:10 INFO  no build target found for C:\Users\Dayana\OneDrive\Escritorio\POO\Semana11\Ejercicio\Fase03\GestionEstudiantes.java. Using fallback presentation compiler.
2026.03.22 18:11:10 INFO  no build target found for C:\Users\Dayana\OneDrive\Escritorio\POO\Semana11\Ejercicio\Fase03\GestionEstudiantes.java. Using fallback presentation compiler.
2026.03.22 18:11:10 INFO  no build target found for C:\Users\Dayana\OneDrive\Escritorio\POO\Semana11\Ejercicio\Fase03\GestionEstudiantes.java. Using fallback presentation compiler.
2026.03.22 18:11:10 INFO  no build target found for C:\Users\Dayana\OneDrive\Escritorio\POO\Semana11\Ejercicio\Fase03\GestionEstudiantes.java. Using fallback presentation compiler.
2026.03.22 18:11:12 INFO  no build target found for C:\Users\Dayana\OneDrive\Escritorio\POO\Semana11\Ejercicio\Fase03\GestionEstudiantes.java. Using fallback presentation compiler.
2026.03.22 18:11:12 INFO  no build target found for C:\Users\Dayana\OneDrive\Escritorio\POO\Semana11\Ejercicio\Fase03\GestionEstudiantes.java. Using fallback presentation compiler.
2026.03.22 18:11:12 INFO  no build target found for C:\Users\Dayana\OneDrive\Escritorio\POO\Semana11\Ejercicio\Fase03\GestionEstudiantes.java. Using fallback presentation compiler.
2026.03.22 18:11:12 INFO  no build target found for C:\Users\Dayana\OneDrive\Escritorio\POO\Semana11\Ejercicio\Fase03\GestionEstudiantes.java. Using fallback presentation compiler.
2026.03.22 18:11:12 INFO  no build target found for C:\Users\Dayana\OneDrive\Escritorio\POO\Semana11\Ejercicio\Fase03\GestionEstudiantes.java. Using fallback presentation compiler.
2026.03.22 18:11:13 INFO  no build target found for C:\Users\Dayana\OneDrive\Escritorio\POO\Semana11\Ejercicio\Fase03\GestionEstudiantes.java. Using fallback presentation compiler.
2026.03.22 18:11:14 INFO  no build target found for C:\Users\Dayana\OneDrive\Escritorio\POO\Semana11\Ejercicio\Fase03\GestionEstudiantes.java. Using fallback presentation compiler.
2026.03.22 18:11:14 INFO  no build target found for C:\Users\Dayana\OneDrive\Escritorio\POO\Semana11\Ejercicio\Fase03\GestionEstudiantes.java. Using fallback presentation compiler.
2026.03.22 18:11:14 INFO  no build target found for C:\Users\Dayana\OneDrive\Escritorio\POO\Semana11\Ejercicio\Fase03\GestionEstudiantes.java. Using fallback presentation compiler.
2026.03.22 18:11:14 INFO  no build target found for C:\Users\Dayana\OneDrive\Escritorio\POO\Semana11\Ejercicio\Fase03\GestionEstudiantes.java. Using fallback presentation compiler.
2026.03.22 18:11:14 INFO  no build target found for C:\Users\Dayana\OneDrive\Escritorio\POO\Semana11\Ejercicio\Fase03\GestionEstudiantes.java. Using fallback presentation compiler.
2026.03.22 18:11:15 INFO  no build target found for C:\Users\Dayana\OneDrive\Escritorio\POO\Semana11\Ejercicio\Fase03\GestionEstudiantes.java. Using fallback presentation compiler.
2026.03.22 18:11:15 INFO  no build target found for C:\Users\Dayana\OneDrive\Escritorio\POO\Semana11\Ejercicio\Fase03\GestionEstudiantes.java. Using fallback presentation compiler.
2026.03.22 18:11:21 INFO  no build target found for C:\Users\Dayana\OneDrive\Escritorio\POO\Semana11\Ejercicio\Fase03\GestionEstudiantes.java. Using fallback presentation compiler.
mar. 22, 2026 6:11:21 P. M. org.eclipse.lsp4j.jsonrpc.RemoteEndpoint fallbackResponseError
GRAVE: Internal error: java.lang.StringIndexOutOfBoundsException: Range [-1, 2093) out of bounds for length 4263
java.util.concurrent.CompletionException: java.lang.StringIndexOutOfBoundsException: Range [-1, 2093) out of bounds for length 4263
	at java.base/java.util.concurrent.CompletableFuture.encodeThrowable(CompletableFuture.java:332)
	at java.base/java.util.concurrent.CompletableFuture.completeThrowable(CompletableFuture.java:347)
	at java.base/java.util.concurrent.CompletableFuture$UniAccept.tryFire(CompletableFuture.java:708)
	at java.base/java.util.concurrent.CompletableFuture.postComplete(CompletableFuture.java:510)
	at java.base/java.util.concurrent.CompletableFuture.completeExceptionally(CompletableFuture.java:2194)
	at scala.meta.internal.metals.CancelTokens$.$anonfun$future$1(CancelTokens.scala:40)
	at scala.meta.internal.metals.CancelTokens$.$anonfun$future$1$adapted(CancelTokens.scala:38)
	at scala.concurrent.impl.Promise$Transformation.run(Promise.scala:517)
	at java.base/java.util.concurrent.ThreadPoolExecutor.runWorker(ThreadPoolExecutor.java:1144)
	at java.base/java.util.concurrent.ThreadPoolExecutor$Worker.run(ThreadPoolExecutor.java:642)
	at java.base/java.lang.Thread.run(Thread.java:1583)
Caused by: java.lang.StringIndexOutOfBoundsException: Range [-1, 2093) out of bounds for length 4263
	at java.base/jdk.internal.util.Preconditions$1.apply(Preconditions.java:55)
	at java.base/jdk.internal.util.Preconditions$1.apply(Preconditions.java:52)
	at java.base/jdk.internal.util.Preconditions$4.apply(Preconditions.java:213)
	at java.base/jdk.internal.util.Preconditions$4.apply(Preconditions.java:210)
	at java.base/jdk.internal.util.Preconditions.outOfBounds(Preconditions.java:98)
	at java.base/jdk.internal.util.Preconditions.outOfBoundsCheckFromToIndex(Preconditions.java:112)
	at java.base/jdk.internal.util.Preconditions.checkFromToIndex(Preconditions.java:349)
	at java.base/java.lang.String.checkBoundsBeginEnd(String.java:4865)
	at java.base/java.lang.String.substring(String.java:2834)
	at scala.meta.internal.pc.JavaMetalsGlobal.findIndentifierStartAndEnd(JavaMetalsGlobal.scala:87)
	at scala.meta.internal.pc.JavaDefinitionProvider.$anonfun$definitionImpl$5(JavaDefinitionProvider.scala:122)
	at scala.Option$WithFilter.map(Option.scala:242)
	at scala.meta.internal.pc.JavaDefinitionProvider.definitionImpl(JavaDefinitionProvider.scala:70)
	at scala.meta.internal.pc.JavaDefinitionProvider.definitionOffset(JavaDefinitionProvider.scala:53)
	at scala.meta.internal.pc.JavaDefinitionProvider.definition(JavaDefinitionProvider.scala:31)
	at scala.meta.internal.pc.JavaPresentationCompiler.definition(JavaPresentationCompiler.scala:98)
	at scala.meta.internal.metals.Compilers.$anonfun$definition$1(Compilers.scala:1230)
	at scala.meta.internal.metals.Compilers.$anonfun$withPCAndAdjustLsp$4(Compilers.scala:1543)
	at scala.Option.map(Option.scala:242)
	at scala.meta.internal.metals.Compilers.$anonfun$withPCAndAdjustLsp$3(Compilers.scala:1543)
	at scala.Option.flatMap(Option.scala:283)
	at scala.meta.internal.metals.Compilers.withPCAndAdjustLsp(Compilers.scala:1535)
	at scala.meta.internal.metals.Compilers.definition(Compilers.scala:1221)
	at scala.meta.internal.metals.Compilers.definition(Compilers.scala:1182)
	at scala.meta.internal.metals.DefinitionProvider.fromCompiler$1(DefinitionProvider.scala:97)
	at scala.meta.internal.metals.DefinitionProvider.$anonfun$definition$10(DefinitionProvider.scala:146)
	at scala.meta.internal.metals.DefinitionProvider.$anonfun$definition$15(DefinitionProvider.scala:153)
	at scala.concurrent.impl.Promise$Transformation.run(Promise.scala:503)
	... 3 more

2026.03.22 18:11:22 INFO  no build target found for C:\Users\Dayana\OneDrive\Escritorio\POO\Semana11\Ejercicio\Fase03\GestionEstudiantes.java. Using fallback presentation compiler.
2026.03.22 18:11:22 INFO  no build target found for C:\Users\Dayana\OneDrive\Escritorio\POO\Semana11\Ejercicio\Fase03\GestionEstudiantes.java. Using fallback presentation compiler.
2026.03.22 18:11:23 INFO  no build target found for C:\Users\Dayana\OneDrive\Escritorio\POO\Semana11\Ejercicio\Fase03\GestionEstudiantes.java. Using fallback presentation compiler.
2026.03.22 18:11:23 INFO  no build target found for C:\Users\Dayana\OneDrive\Escritorio\POO\Semana11\Ejercicio\Fase03\GestionEstudiantes.java. Using fallback presentation compiler.
2026.03.22 18:11:23 INFO  no build target found for C:\Users\Dayana\OneDrive\Escritorio\POO\Semana11\Ejercicio\Fase03\GestionEstudiantes.java. Using fallback presentation compiler.
2026.03.22 18:11:23 INFO  no build target found for C:\Users\Dayana\OneDrive\Escritorio\POO\Semana11\Ejercicio\Fase03\GestionEstudiantes.java. Using fallback presentation compiler.
2026.03.22 18:11:23 INFO  no build target found for C:\Users\Dayana\OneDrive\Escritorio\POO\Semana11\Ejercicio\Fase03\GestionEstudiantes.java. Using fallback presentation compiler.
2026.03.22 18:11:23 INFO  no build target found for C:\Users\Dayana\OneDrive\Escritorio\POO\Semana11\Ejercicio\Fase03\GestionEstudiantes.java. Using fallback presentation compiler.
2026.03.22 18:11:24 INFO  no build target found for C:\Users\Dayana\OneDrive\Escritorio\POO\Semana11\Ejercicio\Fase03\GestionEstudiantes.java. Using fallback presentation compiler.
2026.03.22 18:11:39 INFO  no build target found for C:\Users\Dayana\OneDrive\Escritorio\POO\Semana11\Ejercicio\Fase03\GestionEstudiantes.java. Using fallback presentation compiler.
2026.03.22 18:11:40 INFO  no build target found for C:\Users\Dayana\OneDrive\Escritorio\POO\Semana11\Ejercicio\Fase03\GestionEstudiantes.java. Using fallback presentation compiler.
2026.03.22 18:11:40 INFO  no build target found for C:\Users\Dayana\OneDrive\Escritorio\POO\Semana11\Ejercicio\Fase03\GestionEstudiantes.java. Using fallback presentation compiler.
mar. 22, 2026 6:11:41 P. M. org.eclipse.lsp4j.jsonrpc.RemoteEndpoint handleCancellation
ADVERTENCIA: Unmatched cancel notification for request id 2434
2026.03.22 18:11:40 INFO  no build target found for C:\Users\Dayana\OneDrive\Escritorio\POO\Semana11\Ejercicio\Fase03\GestionEstudiantes.java. Using fallback presentation compiler.
2026.03.22 18:11:42 INFO  no build target found for C:\Users\Dayana\OneDrive\Escritorio\POO\Semana11\Ejercicio\Fase03\GestionEstudiantes.java. Using fallback presentation compiler.
2026.03.22 18:11:50 INFO  no build target found for C:\Users\Dayana\OneDrive\Escritorio\POO\Semana11\Ejercicio\Fase03\GestionEstudiantes.java. Using fallback presentation compiler.
2026.03.22 18:11:54 INFO  no build target found for C:\Users\Dayana\OneDrive\Escritorio\POO\Semana11\Ejercicio\Fase03\GestionEstudiantes.java. Using fallback presentation compiler.
2026.03.22 18:11:54 INFO  no build target found for C:\Users\Dayana\OneDrive\Escritorio\POO\Semana11\Ejercicio\Fase03\GestionEstudiantes.java. Using fallback presentation compiler.
2026.03.22 18:11:54 INFO  no build target found for C:\Users\Dayana\OneDrive\Escritorio\POO\Semana11\Ejercicio\Fase03\GestionEstudiantes.java. Using fallback presentation compiler.
2026.03.22 18:11:54 INFO  no build target found for C:\Users\Dayana\OneDrive\Escritorio\POO\Semana11\Ejercicio\Fase03\GestionEstudiantes.java. Using fallback presentation compiler.
2026.03.22 18:11:55 INFO  no build target found for C:\Users\Dayana\OneDrive\Escritorio\POO\Semana11\Ejercicio\Fase03\GestionEstudiantes.java. Using fallback presentation compiler.
2026.03.22 18:11:55 INFO  no build target found for C:\Users\Dayana\OneDrive\Escritorio\POO\Semana11\Ejercicio\Fase03\GestionEstudiantes.java. Using fallback presentation compiler.
2026.03.22 18:11:55 INFO  no build target found for C:\Users\Dayana\OneDrive\Escritorio\POO\Semana11\Ejercicio\Fase03\GestionEstudiantes.java. Using fallback presentation compiler.
2026.03.22 18:11:55 INFO  no build target found for C:\Users\Dayana\OneDrive\Escritorio\POO\Semana11\Ejercicio\Fase03\GestionEstudiantes.java. Using fallback presentation compiler.
2026.03.22 18:11:55 INFO  no build target found for C:\Users\Dayana\OneDrive\Escritorio\POO\Semana11\Ejercicio\Fase03\GestionEstudiantes.java. Using fallback presentation compiler.
2026.03.22 18:11:55 INFO  no build target found for C:\Users\Dayana\OneDrive\Escritorio\POO\Semana11\Ejercicio\Fase03\GestionEstudiantes.java. Using fallback presentation compiler.
2026.03.22 18:11:55 INFO  no build target found for C:\Users\Dayana\OneDrive\Escritorio\POO\Semana11\Ejercicio\Fase03\GestionEstudiantes.java. Using fallback presentation compiler.
2026.03.22 18:11:55 INFO  no build target found for C:\Users\Dayana\OneDrive\Escritorio\POO\Semana11\Ejercicio\Fase03\GestionEstudiantes.java. Using fallback presentation compiler.
2026.03.22 18:11:55 INFO  no build target found for C:\Users\Dayana\OneDrive\Escritorio\POO\Semana11\Ejercicio\Fase03\GestionEstudiantes.java. Using fallback presentation compiler.
2026.03.22 18:11:55 INFO  no build target found for C:\Users\Dayana\OneDrive\Escritorio\POO\Semana11\Ejercicio\Fase03\GestionEstudiantes.java. Using fallback presentation compiler.
2026.03.22 18:11:55 INFO  no build target found for C:\Users\Dayana\OneDrive\Escritorio\POO\Semana11\Ejercicio\Fase03\GestionEstudiantes.java. Using fallback presentation compiler.
2026.03.22 18:11:56 INFO  no build target found for C:\Users\Dayana\OneDrive\Escritorio\POO\Semana11\Ejercicio\Fase03\GestionEstudiantes.java. Using fallback presentation compiler.
2026.03.22 18:11:56 INFO  no build target found for C:\Users\Dayana\OneDrive\Escritorio\POO\Semana11\Ejercicio\Fase03\GestionEstudiantes.java. Using fallback presentation compiler.
2026.03.22 18:11:56 INFO  no build target found for C:\Users\Dayana\OneDrive\Escritorio\POO\Semana11\Ejercicio\Fase03\GestionEstudiantes.java. Using fallback presentation compiler.
2026.03.22 18:11:56 INFO  no build target found for C:\Users\Dayana\OneDrive\Escritorio\POO\Semana11\Ejercicio\Fase03\GestionEstudiantes.java. Using fallback presentation compiler.
2026.03.22 18:11:56 INFO  no build target found for C:\Users\Dayana\OneDrive\Escritorio\POO\Semana11\Ejercicio\Fase03\GestionEstudiantes.java. Using fallback presentation compiler.
2026.03.22 18:11:56 INFO  no build target found for C:\Users\Dayana\OneDrive\Escritorio\POO\Semana11\Ejercicio\Fase03\GestionEstudiantes.java. Using fallback presentation compiler.
2026.03.22 18:11:56 INFO  no build target found for C:\Users\Dayana\OneDrive\Escritorio\POO\Semana11\Ejercicio\Fase03\GestionEstudiantes.java. Using fallback presentation compiler.
2026.03.22 18:11:56 INFO  no build target found for C:\Users\Dayana\OneDrive\Escritorio\POO\Semana11\Ejercicio\Fase03\GestionEstudiantes.java. Using fallback presentation compiler.
2026.03.22 18:11:57 INFO  no build target found for C:\Users\Dayana\OneDrive\Escritorio\POO\Semana11\Ejercicio\Fase03\GestionEstudiantes.java. Using fallback presentation compiler.
2026.03.22 18:11:57 INFO  no build target found for C:\Users\Dayana\OneDrive\Escritorio\POO\Semana11\Ejercicio\Fase03\GestionEstudiantes.java. Using fallback presentation compiler.
2026.03.22 18:11:57 INFO  no build target found for C:\Users\Dayana\OneDrive\Escritorio\POO\Semana11\Ejercicio\Fase03\GestionEstudiantes.java. Using fallback presentation compiler.
2026.03.22 18:11:57 INFO  no build target found for C:\Users\Dayana\OneDrive\Escritorio\POO\Semana11\Ejercicio\Fase03\GestionEstudiantes.java. Using fallback presentation compiler.
2026.03.22 18:11:57 INFO  no build target found for C:\Users\Dayana\OneDrive\Escritorio\POO\Semana11\Ejercicio\Fase03\GestionEstudiantes.java. Using fallback presentation compiler.
2026.03.22 18:11:57 INFO  no build target found for C:\Users\Dayana\OneDrive\Escritorio\POO\Semana11\Ejercicio\Fase03\GestionEstudiantes.java. Using fallback presentation compiler.
2026.03.22 18:11:57 INFO  no build target found for C:\Users\Dayana\OneDrive\Escritorio\POO\Semana11\Ejercicio\Fase03\GestionEstudiantes.java. Using fallback presentation compiler.
2026.03.22 18:11:57 INFO  no build target found for C:\Users\Dayana\OneDrive\Escritorio\POO\Semana11\Ejercicio\Fase03\GestionEstudiantes.java. Using fallback presentation compiler.
2026.03.22 18:11:58 INFO  no build target found for C:\Users\Dayana\OneDrive\Escritorio\POO\Semana11\Ejercicio\Fase03\GestionEstudiantes.java. Using fallback presentation compiler.
2026.03.22 18:11:57 INFO  no build target found for C:\Users\Dayana\OneDrive\Escritorio\POO\Semana11\Ejercicio\Fase03\GestionEstudiantes.java. Using fallback presentation compiler.
2026.03.22 18:11:59 INFO  no build target found for C:\Users\Dayana\OneDrive\Escritorio\POO\Semana11\Ejercicio\Fase03\GestionEstudiantes.java. Using fallback presentation compiler.
2026.03.22 18:11:59 INFO  no build target found for C:\Users\Dayana\OneDrive\Escritorio\POO\Semana11\Ejercicio\Fase03\GestionEstudiantes.java. Using fallback presentation compiler.
2026.03.22 18:12:01 INFO  no build target found for C:\Users\Dayana\OneDrive\Escritorio\POO\Semana11\Ejercicio\Fase03\GestionEstudiantes.java. Using fallback presentation compiler.
2026.03.22 18:12:06 INFO  no build target found for C:\Users\Dayana\OneDrive\Escritorio\POO\Semana11\Ejercicio\Fase03\GestionEstudiantes.java. Using fallback presentation compiler.
2026.03.22 18:12:07 INFO  no build target found for C:\Users\Dayana\OneDrive\Escritorio\POO\Semana11\Ejercicio\Fase03\GestionEstudiantes.java. Using fallback presentation compiler.
2026.03.22 18:12:07 INFO  no build target found for C:\Users\Dayana\OneDrive\Escritorio\POO\Semana11\Ejercicio\Fase03\GestionEstudiantes.java. Using fallback presentation compiler.
2026.03.22 18:12:07 INFO  no build target found for C:\Users\Dayana\OneDrive\Escritorio\POO\Semana11\Ejercicio\Fase03\GestionEstudiantes.java. Using fallback presentation compiler.
2026.03.22 18:12:07 INFO  no build target found for C:\Users\Dayana\OneDrive\Escritorio\POO\Semana11\Ejercicio\Fase03\GestionEstudiantes.java. Using fallback presentation compiler.
2026.03.22 18:12:07 INFO  no build target found for C:\Users\Dayana\OneDrive\Escritorio\POO\Semana11\Ejercicio\Fase03\GestionEstudiantes.java. Using fallback presentation compiler.
2026.03.22 18:12:08 INFO  no build target found for C:\Users\Dayana\OneDrive\Escritorio\POO\Semana11\Ejercicio\Fase03\GestionEstudiantes.java. Using fallback presentation compiler.
2026.03.22 18:12:07 INFO  no build target found for C:\Users\Dayana\OneDrive\Escritorio\POO\Semana11\Ejercicio\Fase03\GestionEstudiantes.java. Using fallback presentation compiler.
2026.03.22 18:12:08 INFO  no build target found for C:\Users\Dayana\OneDrive\Escritorio\POO\Semana11\Ejercicio\Fase03\GestionEstudiantes.java. Using fallback presentation compiler.
2026.03.22 18:12:08 INFO  no build target found for C:\Users\Dayana\OneDrive\Escritorio\POO\Semana11\Ejercicio\Fase03\GestionEstudiantes.java. Using fallback presentation compiler.
2026.03.22 18:12:08 INFO  no build target found for C:\Users\Dayana\OneDrive\Escritorio\POO\Semana11\Ejercicio\Fase03\GestionEstudiantes.java. Using fallback presentation compiler.
2026.03.22 18:12:08 INFO  no build target found for C:\Users\Dayana\OneDrive\Escritorio\POO\Semana11\Ejercicio\Fase03\GestionEstudiantes.java. Using fallback presentation compiler.
2026.03.22 18:12:08 INFO  no build target found for C:\Users\Dayana\OneDrive\Escritorio\POO\Semana11\Ejercicio\Fase03\GestionEstudiantes.java. Using fallback presentation compiler.
2026.03.22 18:12:08 INFO  no build target found for C:\Users\Dayana\OneDrive\Escritorio\POO\Semana11\Ejercicio\Fase03\GestionEstudiantes.java. Using fallback presentation compiler.
2026.03.22 18:12:08 INFO  no build target found for C:\Users\Dayana\OneDrive\Escritorio\POO\Semana11\Ejercicio\Fase03\GestionEstudiantes.java. Using fallback presentation compiler.
2026.03.22 18:12:08 INFO  no build target found for C:\Users\Dayana\OneDrive\Escritorio\POO\Semana11\Ejercicio\Fase03\GestionEstudiantes.java. Using fallback presentation compiler.
2026.03.22 18:12:09 INFO  no build target found for C:\Users\Dayana\OneDrive\Escritorio\POO\Semana11\Ejercicio\Fase03\GestionEstudiantes.java. Using fallback presentation compiler.
2026.03.22 18:12:08 INFO  no build target found for C:\Users\Dayana\OneDrive\Escritorio\POO\Semana11\Ejercicio\Fase03\GestionEstudiantes.java. Using fallback presentation compiler.
2026.03.22 18:12:09 INFO  no build target found for C:\Users\Dayana\OneDrive\Escritorio\POO\Semana11\Ejercicio\Fase03\GestionEstudiantes.java. Using fallback presentation compiler.
2026.03.22 18:12:10 INFO  no build target found for C:\Users\Dayana\OneDrive\Escritorio\POO\Semana11\Ejercicio\Fase03\GestionEstudiantes.java. Using fallback presentation compiler.
2026.03.22 18:12:10 INFO  no build target found for C:\Users\Dayana\OneDrive\Escritorio\POO\Semana11\Ejercicio\Fase03\GestionEstudiantes.java. Using fallback presentation compiler.
2026.03.22 18:12:10 INFO  no build target found for C:\Users\Dayana\OneDrive\Escritorio\POO\Semana11\Ejercicio\Fase03\GestionEstudiantes.java. Using fallback presentation compiler.
2026.03.22 18:12:10 INFO  no build target found for C:\Users\Dayana\OneDrive\Escritorio\POO\Semana11\Ejercicio\Fase03\GestionEstudiantes.java. Using fallback presentation compiler.
2026.03.22 18:12:10 INFO  no build target found for C:\Users\Dayana\OneDrive\Escritorio\POO\Semana11\Ejercicio\Fase03\GestionEstudiantes.java. Using fallback presentation compiler.
2026.03.22 18:12:10 INFO  no build target found for C:\Users\Dayana\OneDrive\Escritorio\POO\Semana11\Ejercicio\Fase03\GestionEstudiantes.java. Using fallback presentation compiler.
2026.03.22 18:12:10 INFO  no build target found for C:\Users\Dayana\OneDrive\Escritorio\POO\Semana11\Ejercicio\Fase03\GestionEstudiantes.java. Using fallback presentation compiler.
2026.03.22 18:12:10 INFO  no build target found for C:\Users\Dayana\OneDrive\Escritorio\POO\Semana11\Ejercicio\Fase03\GestionEstudiantes.java. Using fallback presentation compiler.
2026.03.22 18:12:11 INFO  no build target found for C:\Users\Dayana\OneDrive\Escritorio\POO\Semana11\Ejercicio\Fase03\GestionEstudiantes.java. Using fallback presentation compiler.
2026.03.22 18:12:11 INFO  no build target found for C:\Users\Dayana\OneDrive\Escritorio\POO\Semana11\Ejercicio\Fase03\GestionEstudiantes.java. Using fallback presentation compiler.
2026.03.22 18:12:10 INFO  no build target found for C:\Users\Dayana\OneDrive\Escritorio\POO\Semana11\Ejercicio\Fase03\GestionEstudiantes.java. Using fallback presentation compiler.
2026.03.22 18:12:11 INFO  no build target found for C:\Users\Dayana\OneDrive\Escritorio\POO\Semana11\Ejercicio\Fase03\GestionEstudiantes.java. Using fallback presentation compiler.
2026.03.22 18:12:11 INFO  no build target found for C:\Users\Dayana\OneDrive\Escritorio\POO\Semana11\Ejercicio\Fase03\GestionEstudiantes.java. Using fallback presentation compiler.
2026.03.22 18:12:11 INFO  no build target found for C:\Users\Dayana\OneDrive\Escritorio\POO\Semana11\Ejercicio\Fase03\GestionEstudiantes.java. Using fallback presentation compiler.
2026.03.22 18:12:12 INFO  no build target found for C:\Users\Dayana\OneDrive\Escritorio\POO\Semana11\Ejercicio\Fase03\GestionEstudiantes.java. Using fallback presentation compiler.
2026.03.22 18:12:12 INFO  no build target found for C:\Users\Dayana\OneDrive\Escritorio\POO\Semana11\Ejercicio\Fase03\GestionEstudiantes.java. Using fallback presentation compiler.
2026.03.22 18:12:12 INFO  no build target found for C:\Users\Dayana\OneDrive\Escritorio\POO\Semana11\Ejercicio\Fase03\GestionEstudiantes.java. Using fallback presentation compiler.
2026.03.22 18:12:13 INFO  no build target found for C:\Users\Dayana\OneDrive\Escritorio\POO\Semana11\Ejercicio\Fase03\GestionEstudiantes.java. Using fallback presentation compiler.
2026.03.22 18:12:13 INFO  no build target found for C:\Users\Dayana\OneDrive\Escritorio\POO\Semana11\Ejercicio\Fase03\GestionEstudiantes.java. Using fallback presentation compiler.
2026.03.22 18:12:13 INFO  no build target found for C:\Users\Dayana\OneDrive\Escritorio\POO\Semana11\Ejercicio\Fase03\GestionEstudiantes.java. Using fallback presentation compiler.
2026.03.22 18:12:15 INFO  no build target found for C:\Users\Dayana\OneDrive\Escritorio\POO\Semana11\Ejercicio\Fase03\GestionEstudiantes.java. Using fallback presentation compiler.
2026.03.22 18:12:15 INFO  no build target found for C:\Users\Dayana\OneDrive\Escritorio\POO\Semana11\Ejercicio\Fase03\GestionEstudiantes.java. Using fallback presentation compiler.
2026.03.22 18:12:15 INFO  no build target found for C:\Users\Dayana\OneDrive\Escritorio\POO\Semana11\Ejercicio\Fase03\GestionEstudiantes.java. Using fallback presentation compiler.
2026.03.22 18:12:15 INFO  no build target found for C:\Users\Dayana\OneDrive\Escritorio\POO\Semana11\Ejercicio\Fase03\GestionEstudiantes.java. Using fallback presentation compiler.
2026.03.22 18:12:15 INFO  no build target found for C:\Users\Dayana\OneDrive\Escritorio\POO\Semana11\Ejercicio\Fase03\GestionEstudiantes.java. Using fallback presentation compiler.
2026.03.22 18:12:15 INFO  no build target found for C:\Users\Dayana\OneDrive\Escritorio\POO\Semana11\Ejercicio\Fase03\GestionEstudiantes.java. Using fallback presentation compiler.
2026.03.22 18:12:16 INFO  no build target found for C:\Users\Dayana\OneDrive\Escritorio\POO\Semana11\Ejercicio\Fase03\GestionEstudiantes.java. Using fallback presentation compiler.
2026.03.22 18:12:16 INFO  no build target found for C:\Users\Dayana\OneDrive\Escritorio\POO\Semana11\Ejercicio\Fase03\GestionEstudiantes.java. Using fallback presentation compiler.
2026.03.22 18:12:16 INFO  no build target found for C:\Users\Dayana\OneDrive\Escritorio\POO\Semana11\Ejercicio\Fase03\GestionEstudiantes.java. Using fallback presentation compiler.
2026.03.22 18:12:16 INFO  no build target found for C:\Users\Dayana\OneDrive\Escritorio\POO\Semana11\Ejercicio\Fase03\GestionEstudiantes.java. Using fallback presentation compiler.
2026.03.22 18:12:16 INFO  no build target found for C:\Users\Dayana\OneDrive\Escritorio\POO\Semana11\Ejercicio\Fase03\GestionEstudiantes.java. Using fallback presentation compiler.
2026.03.22 18:12:16 INFO  no build target found for C:\Users\Dayana\OneDrive\Escritorio\POO\Semana11\Ejercicio\Fase03\GestionEstudiantes.java. Using fallback presentation compiler.
2026.03.22 18:12:16 INFO  no build target found for C:\Users\Dayana\OneDrive\Escritorio\POO\Semana11\Ejercicio\Fase03\GestionEstudiantes.java. Using fallback presentation compiler.
mar. 22, 2026 6:12:16 P. M. org.eclipse.lsp4j.jsonrpc.RemoteEndpoint handleCancellation
ADVERTENCIA: Unmatched cancel notification for request id 2581
2026.03.22 18:12:16 INFO  no build target found for C:\Users\Dayana\OneDrive\Escritorio\POO\Semana11\Ejercicio\Fase03\GestionEstudiantes.java. Using fallback presentation compiler.
2026.03.22 18:12:17 INFO  no build target found for C:\Users\Dayana\OneDrive\Escritorio\POO\Semana11\Ejercicio\Fase03\GestionEstudiantes.java. Using fallback presentation compiler.
2026.03.22 18:12:16 INFO  no build target found for C:\Users\Dayana\OneDrive\Escritorio\POO\Semana11\Ejercicio\Fase03\GestionEstudiantes.java. Using fallback presentation compiler.
2026.03.22 18:12:26 INFO  no build target found for C:\Users\Dayana\OneDrive\Escritorio\POO\Semana11\Ejercicio\Fase03\GestionEstudiantes.java. Using fallback presentation compiler.
2026.03.22 18:12:27 INFO  no build target found for C:\Users\Dayana\OneDrive\Escritorio\POO\Semana11\Ejercicio\Fase03\GestionEstudiantes.java. Using fallback presentation compiler.
2026.03.22 18:12:28 INFO  no build target found for C:\Users\Dayana\OneDrive\Escritorio\POO\Semana11\Ejercicio\Fase03\GestionEstudiantes.java. Using fallback presentation compiler.
2026.03.22 18:14:41 INFO  no build target found for C:\Users\Dayana\OneDrive\Escritorio\POO\Semana11\Ejercicio\Fase03\GestionEstudiantes.java. Using fallback presentation compiler.
2026.03.22 18:14:41 INFO  no build target found for C:\Users\Dayana\OneDrive\Escritorio\POO\Semana11\Ejercicio\Fase03\GestionEstudiantes.java. Using fallback presentation compiler.
2026.03.22 18:14:43 INFO  no build target found for C:\Users\Dayana\OneDrive\Escritorio\POO\Semana11\Ejercicio\Fase03\Estudiante.java. Using fallback presentation compiler.
2026.03.22 18:14:43 WARN  no build target for: C:\Users\Dayana\OneDrive\Escritorio\POO\Semana11\Ejercicio\Fase03\Estudiante.java
2026.03.22 18:14:43 INFO  no build target found for C:\Users\Dayana\OneDrive\Escritorio\POO\Semana11\Ejercicio\Fase03\Estudiante.java. Using fallback presentation compiler.
2026.03.22 18:14:43 INFO  no build target found for C:\Users\Dayana\OneDrive\Escritorio\POO\Semana11\Ejercicio\Fase03\Estudiante.java. Using fallback presentation compiler.
2026.03.22 18:14:43 INFO  no build target found for C:\Users\Dayana\OneDrive\Escritorio\POO\Semana11\Ejercicio\Fase03\Estudiante.java. Using fallback presentation compiler.
2026.03.22 18:14:44 INFO  no build target found for C:\Users\Dayana\OneDrive\Escritorio\POO\Semana11\Ejercicio\Fase03\GestionEstudiantes.java. Using fallback presentation compiler.
2026.03.22 18:14:44 WARN  no build target for: C:\Users\Dayana\OneDrive\Escritorio\POO\Semana11\Ejercicio\Fase03\GestionEstudiantes.java
2026.03.22 18:14:44 INFO  no build target found for C:\Users\Dayana\OneDrive\Escritorio\POO\Semana11\Ejercicio\Fase03\GestionEstudiantes.java. Using fallback presentation compiler.
2026.03.22 18:14:44 INFO  no build target found for C:\Users\Dayana\OneDrive\Escritorio\POO\Semana11\Ejercicio\Fase03\GestionEstudiantes.java. Using fallback presentation compiler.
2026.03.22 18:14:44 INFO  no build target found for C:\Users\Dayana\OneDrive\Escritorio\POO\Semana11\Ejercicio\Fase03\GestionEstudiantes.java. Using fallback presentation compiler.
2026.03.22 18:14:45 WARN  no build target for: C:\Users\Dayana\OneDrive\Escritorio\POO\Semana11\Ejercicio\Fase03\GestionEstudiantes.java
2026.03.22 18:14:45 INFO  no build target found for C:\Users\Dayana\OneDrive\Escritorio\POO\Semana11\Ejercicio\Fase03\GestionEstudiantes.java. Using fallback presentation compiler.
2026.03.22 18:14:46 INFO  no build target found for C:\Users\Dayana\OneDrive\Escritorio\POO\Semana11\Ejercicio\Fase03\GestionEstudiantes.java. Using fallback presentation compiler.
2026.03.22 18:21:59 INFO  no build target found for C:\Users\Dayana\OneDrive\Escritorio\POO\Semana11\Ejercicio\Fase03\Estudiante.java. Using fallback presentation compiler.
2026.03.22 18:21:59 WARN  no build target for: C:\Users\Dayana\OneDrive\Escritorio\POO\Semana11\Ejercicio\Fase03\Estudiante.java
2026.03.22 18:21:59 INFO  no build target found for C:\Users\Dayana\OneDrive\Escritorio\POO\Semana11\Ejercicio\Fase03\Estudiante.java. Using fallback presentation compiler.
2026.03.22 18:21:59 INFO  no build target found for C:\Users\Dayana\OneDrive\Escritorio\POO\Semana11\Ejercicio\Fase03\Estudiante.java. Using fallback presentation compiler.
2026.03.22 18:21:59 INFO  no build target found for C:\Users\Dayana\OneDrive\Escritorio\POO\Semana11\Ejercicio\Fase03\Estudiante.java. Using fallback presentation compiler.
2026.03.22 18:22:01 INFO  no build target found for C:\Users\Dayana\OneDrive\Escritorio\POO\Semana11\Ejercicio\Fase03\GestionEstudiantes.java. Using fallback presentation compiler.
2026.03.22 18:22:01 WARN  no build target for: C:\Users\Dayana\OneDrive\Escritorio\POO\Semana11\Ejercicio\Fase03\GestionEstudiantes.java
2026.03.22 18:22:01 INFO  no build target found for C:\Users\Dayana\OneDrive\Escritorio\POO\Semana11\Ejercicio\Fase03\GestionEstudiantes.java. Using fallback presentation compiler.
2026.03.22 18:22:01 INFO  no build target found for C:\Users\Dayana\OneDrive\Escritorio\POO\Semana11\Ejercicio\Fase03\GestionEstudiantes.java. Using fallback presentation compiler.
mar. 22, 2026 6:22:01 P. M. org.eclipse.lsp4j.jsonrpc.RemoteEndpoint handleCancellation
ADVERTENCIA: Unmatched cancel notification for request id 2664
2026.03.22 18:22:01 INFO  no build target found for C:\Users\Dayana\OneDrive\Escritorio\POO\Semana11\Ejercicio\Fase03\GestionEstudiantes.java. Using fallback presentation compiler.
2026.03.22 18:22:08 INFO  no build target found for C:\Users\Dayana\OneDrive\Escritorio\POO\Semana11\Ejercicio\Fase02\Estudiante.java. Using fallback presentation compiler.
2026.03.22 18:22:08 WARN  no build target for: C:\Users\Dayana\OneDrive\Escritorio\POO\Semana11\Ejercicio\Fase02\Estudiante.java
2026.03.22 18:22:08 INFO  no build target found for C:\Users\Dayana\OneDrive\Escritorio\POO\Semana11\Ejercicio\Fase02\Estudiante.java. Using fallback presentation compiler.
2026.03.22 18:22:08 INFO  no build target found for C:\Users\Dayana\OneDrive\Escritorio\POO\Semana11\Ejercicio\Fase02\Estudiante.java. Using fallback presentation compiler.
2026.03.22 18:22:08 INFO  no build target found for C:\Users\Dayana\OneDrive\Escritorio\POO\Semana11\Ejercicio\Fase02\Estudiante.java. Using fallback presentation compiler.
2026.03.22 18:22:08 INFO  no build target found for C:\Users\Dayana\OneDrive\Escritorio\POO\Semana11\Ejercicio\Fase02\GestionEstudiantes.java. Using fallback presentation compiler.
2026.03.22 18:22:09 WARN  no build target for: C:\Users\Dayana\OneDrive\Escritorio\POO\Semana11\Ejercicio\Fase02\GestionEstudiantes.java
2026.03.22 18:22:08 INFO  no build target found for C:\Users\Dayana\OneDrive\Escritorio\POO\Semana11\Ejercicio\Fase02\GestionEstudiantes.java. Using fallback presentation compiler.
2026.03.22 18:22:09 INFO  no build target found for C:\Users\Dayana\OneDrive\Escritorio\POO\Semana11\Ejercicio\Fase02\GestionEstudiantes.java. Using fallback presentation compiler.
2026.03.22 18:22:08 INFO  no build target found for C:\Users\Dayana\OneDrive\Escritorio\POO\Semana11\Ejercicio\Fase02\GestionEstudiantes.java. Using fallback presentation compiler.
2026.03.22 18:22:11 INFO  no build target found for C:\Users\Dayana\OneDrive\Escritorio\POO\Semana11\Ejercicio\Fase02\GestionEstudiantes.java. Using fallback presentation compiler.
2026.03.22 18:22:11 INFO  no build target found for C:\Users\Dayana\OneDrive\Escritorio\POO\Semana11\Ejercicio\Fase02\GestionEstudiantes.java. Using fallback presentation compiler.
2026.03.22 18:22:14 INFO  no build target found for C:\Users\Dayana\OneDrive\Escritorio\POO\Semana11\Ejercicio\Fase03\Estudiante.java. Using fallback presentation compiler.
2026.03.22 18:22:14 WARN  no build target for: C:\Users\Dayana\OneDrive\Escritorio\POO\Semana11\Ejercicio\Fase03\Estudiante.java
2026.03.22 18:22:14 INFO  no build target found for C:\Users\Dayana\OneDrive\Escritorio\POO\Semana11\Ejercicio\Fase03\Estudiante.java. Using fallback presentation compiler.
2026.03.22 18:22:14 INFO  no build target found for C:\Users\Dayana\OneDrive\Escritorio\POO\Semana11\Ejercicio\Fase03\Estudiante.java. Using fallback presentation compiler.
2026.03.22 18:22:14 INFO  no build target found for C:\Users\Dayana\OneDrive\Escritorio\POO\Semana11\Ejercicio\Fase03\Estudiante.java. Using fallback presentation compiler.
2026.03.22 18:22:14 INFO  no build target found for C:\Users\Dayana\OneDrive\Escritorio\POO\Semana11\Ejercicio\Fase03\GestionEstudiantes.java. Using fallback presentation compiler.
2026.03.22 18:22:14 WARN  no build target for: C:\Users\Dayana\OneDrive\Escritorio\POO\Semana11\Ejercicio\Fase03\GestionEstudiantes.java
2026.03.22 18:22:14 INFO  no build target found for C:\Users\Dayana\OneDrive\Escritorio\POO\Semana11\Ejercicio\Fase03\GestionEstudiantes.java. Using fallback presentation compiler.
2026.03.22 18:22:15 INFO  no build target found for C:\Users\Dayana\OneDrive\Escritorio\POO\Semana11\Ejercicio\Fase03\GestionEstudiantes.java. Using fallback presentation compiler.
2026.03.22 18:22:14 INFO  no build target found for C:\Users\Dayana\OneDrive\Escritorio\POO\Semana11\Ejercicio\Fase03\GestionEstudiantes.java. Using fallback presentation compiler.
2026.03.22 18:22:21 INFO  no build target found for C:\Users\Dayana\OneDrive\Escritorio\POO\Semana11\Ejercicio\Fase02\GestionEstudiantes.java. Using fallback presentation compiler.
2026.03.22 18:22:21 WARN  no build target for: C:\Users\Dayana\OneDrive\Escritorio\POO\Semana11\Ejercicio\Fase02\GestionEstudiantes.java
2026.03.22 18:22:21 INFO  no build target found for C:\Users\Dayana\OneDrive\Escritorio\POO\Semana11\Ejercicio\Fase02\GestionEstudiantes.java. Using fallback presentation compiler.
2026.03.22 18:22:21 INFO  no build target found for C:\Users\Dayana\OneDrive\Escritorio\POO\Semana11\Ejercicio\Fase02\GestionEstudiantes.java. Using fallback presentation compiler.
2026.03.22 18:22:21 INFO  no build target found for C:\Users\Dayana\OneDrive\Escritorio\POO\Semana11\Ejercicio\Fase02\GestionEstudiantes.java. Using fallback presentation compiler.
2026.03.22 18:22:22 INFO  no build target found for C:\Users\Dayana\OneDrive\Escritorio\POO\Semana11\Ejercicio\Fase02\GestionEstudiantes.java. Using fallback presentation compiler.
2026.03.22 18:22:24 INFO  no build target found for C:\Users\Dayana\OneDrive\Escritorio\POO\Semana11\Ejercicio\Fase02\GestionEstudiantes.java. Using fallback presentation compiler.
2026.03.22 18:22:26 INFO  no build target found for C:\Users\Dayana\OneDrive\Escritorio\POO\Semana11\Ejercicio\Fase01\Cliente.java. Using fallback presentation compiler.
2026.03.22 18:22:26 WARN  no build target for: C:\Users\Dayana\OneDrive\Escritorio\POO\Semana11\Ejercicio\Fase01\Cliente.java
2026.03.22 18:22:26 INFO  no build target found for C:\Users\Dayana\OneDrive\Escritorio\POO\Semana11\Ejercicio\Fase01\Cliente.java. Using fallback presentation compiler.
2026.03.22 18:22:26 INFO  no build target found for C:\Users\Dayana\OneDrive\Escritorio\POO\Semana11\Ejercicio\Fase01\Cliente.java. Using fallback presentation compiler.
2026.03.22 18:22:26 INFO  no build target found for C:\Users\Dayana\OneDrive\Escritorio\POO\Semana11\Ejercicio\Fase01\Cliente.java. Using fallback presentation compiler.
2026.03.22 18:22:28 INFO  no build target found for C:\Users\Dayana\OneDrive\Escritorio\POO\Semana11\Ejercicio\Fase01\MainCliente.java. Using fallback presentation compiler.
2026.03.22 18:22:28 WARN  no build target for: C:\Users\Dayana\OneDrive\Escritorio\POO\Semana11\Ejercicio\Fase01\MainCliente.java
2026.03.22 18:22:28 INFO  no build target found for C:\Users\Dayana\OneDrive\Escritorio\POO\Semana11\Ejercicio\Fase01\MainCliente.java. Using fallback presentation compiler.
2026.03.22 18:22:28 INFO  no build target found for C:\Users\Dayana\OneDrive\Escritorio\POO\Semana11\Ejercicio\Fase01\MainCliente.java. Using fallback presentation compiler.
2026.03.22 18:22:36 INFO  no build target found for C:\Users\Dayana\OneDrive\Escritorio\POO\Semana11\Ejercicio\Fase01\Cliente.java. Using fallback presentation compiler.
2026.03.22 18:22:36 WARN  no build target for: C:\Users\Dayana\OneDrive\Escritorio\POO\Semana11\Ejercicio\Fase01\Cliente.java
2026.03.22 18:22:36 INFO  no build target found for C:\Users\Dayana\OneDrive\Escritorio\POO\Semana11\Ejercicio\Fase01\Cliente.java. Using fallback presentation compiler.
2026.03.22 18:22:36 INFO  no build target found for C:\Users\Dayana\OneDrive\Escritorio\POO\Semana11\Ejercicio\Fase01\Cliente.java. Using fallback presentation compiler.
2026.03.22 18:22:36 INFO  no build target found for C:\Users\Dayana\OneDrive\Escritorio\POO\Semana11\Ejercicio\Fase01\Cliente.java. Using fallback presentation compiler.
2026.03.22 18:22:36 INFO  no build target found for C:\Users\Dayana\OneDrive\Escritorio\POO\Semana11\Ejercicio\Fase01\Cliente.java. Using fallback presentation compiler.
2026.03.22 18:22:47 INFO  no build target found for c:\Users\Dayana\OneDrive\Escritorio\POO\Semana11\Ejercicio\Fase02\Estudiante.java. Using fallback presentation compiler.
2026.03.22 18:22:47 INFO  no build target found for c:\Users\Dayana\OneDrive\Escritorio\POO\Semana11\Ejercicio\Fase02\GestionEstudiantes.java. Using fallback presentation compiler.
2026.03.22 18:22:47 WARN  no build target for: C:\Users\Dayana\OneDrive\Escritorio\POO\Semana11\Ejercicio\Fase02 bottones\Estudiante.java
2026.03.22 18:22:47 WARN  no build target for: C:\Users\Dayana\OneDrive\Escritorio\POO\Semana11\Ejercicio\Fase02 bottones\GestionEstudiantes.java
2026.03.22 18:22:47 WARN  Running javac-semanticdb failed for file:///C:/Users/Dayana/OneDrive/Escritorio/POO/Semana11/Ejercicio/Fase02%20bottones/Estudiante.java. Output:

2026.03.22 18:22:47 INFO  no build target found for C:\Users\Dayana\OneDrive\Escritorio\POO\Semana11\Ejercicio\Fase01\Cliente.java. Using fallback presentation compiler.
2026.03.22 18:22:47 WARN  Running javac-semanticdb failed for file:///C:/Users/Dayana/OneDrive/Escritorio/POO/Semana11/Ejercicio/Fase02%20bottones/GestionEstudiantes.java. Output:

2026.03.22 18:22:57 INFO  no build target found for c:\Users\Dayana\OneDrive\Escritorio\POO\Semana11\Ejercicio\Fase03\Estudiante.java. Using fallback presentation compiler.
2026.03.22 18:22:57 INFO  no build target found for c:\Users\Dayana\OneDrive\Escritorio\POO\Semana11\Ejercicio\Fase03\GestionEstudiantes.java. Using fallback presentation compiler.
2026.03.22 18:22:57 INFO  no build target found for c:\Users\Dayana\OneDrive\Escritorio\POO\Semana11\Ejercicio\Fase03\Estudiante.java. Using fallback presentation compiler.
2026.03.22 18:22:57 INFO  no build target found for c:\Users\Dayana\OneDrive\Escritorio\POO\Semana11\Ejercicio\Fase03\GestionEstudiantes.java. Using fallback presentation compiler.
2026.03.22 18:22:57 WARN  no build target for: C:\Users\Dayana\OneDrive\Escritorio\POO\Semana11\Ejercicio\Fase03Botones\Estudiante.java
2026.03.22 18:22:57 WARN  no build target for: C:\Users\Dayana\OneDrive\Escritorio\POO\Semana11\Ejercicio\Fase03Botones\GestionEstudiantes.java
2026.03.22 18:22:57 INFO  no build target found for C:\Users\Dayana\OneDrive\Escritorio\POO\Semana11\Ejercicio\Fase01\Cliente.java. Using fallback presentation compiler.
2026.03.22 18:23:06 WARN  no build target for: C:\Users\Dayana\OneDrive\Escritorio\POO\Semana11\Ejercicio\Fase02Botones\GestionEstudiantes.java
2026.03.22 18:23:06 WARN  no build target for: C:\Users\Dayana\OneDrive\Escritorio\POO\Semana11\Ejercicio\Fase02Botones\Estudiante.java
2026.03.22 18:23:06 INFO  no build target found for C:\Users\Dayana\OneDrive\Escritorio\POO\Semana11\Ejercicio\Fase01\Cliente.java. Using fallback presentation compiler.
2026.03.22 18:23:07 INFO  no build target found for C:\Users\Dayana\OneDrive\Escritorio\POO\Semana11\Ejercicio\Fase02Botones\Estudiante.java. Using fallback presentation compiler.
2026.03.22 18:23:07 INFO  no build target found for C:\Users\Dayana\OneDrive\Escritorio\POO\Semana11\Ejercicio\Fase02Botones\Estudiante.java. Using fallback presentation compiler.
2026.03.22 18:23:07 INFO  no build target found for C:\Users\Dayana\OneDrive\Escritorio\POO\Semana11\Ejercicio\Fase02Botones\Estudiante.java. Using fallback presentation compiler.
2026.03.22 18:23:07 INFO  no build target found for C:\Users\Dayana\OneDrive\Escritorio\POO\Semana11\Ejercicio\Fase02Botones\Estudiante.java. Using fallback presentation compiler.
2026.03.22 18:23:09 INFO  no build target found for C:\Users\Dayana\OneDrive\Escritorio\POO\Semana11\Ejercicio\Fase02Botones\Estudiante.java. Using fallback presentation compiler.
2026.03.22 18:23:09 INFO  no build target found for C:\Users\Dayana\OneDrive\Escritorio\POO\Semana11\Ejercicio\Fase02Botones\Estudiante.java. Using fallback presentation compiler.
2026.03.22 18:23:11 INFO  no build target found for C:\Users\Dayana\OneDrive\Escritorio\POO\Semana11\Ejercicio\Fase02Botones\Estudiante.java. Using fallback presentation compiler.
2026.03.22 18:23:12 INFO  no build target found for C:\Users\Dayana\OneDrive\Escritorio\POO\Semana11\Ejercicio\Fase02Botones\Estudiante.java. Using fallback presentation compiler.
2026.03.22 18:23:12 INFO  no build target found for C:\Users\Dayana\OneDrive\Escritorio\POO\Semana11\Ejercicio\Fase02Botones\Estudiante.java. Using fallback presentation compiler.
2026.03.22 18:23:12 INFO  no build target found for C:\Users\Dayana\OneDrive\Escritorio\POO\Semana11\Ejercicio\Fase02Botones\Estudiante.java. Using fallback presentation compiler.
2026.03.22 18:23:12 INFO  no build target found for C:\Users\Dayana\OneDrive\Escritorio\POO\Semana11\Ejercicio\Fase02Botones\Estudiante.java. Using fallback presentation compiler.
2026.03.22 18:23:12 INFO  no build target found for C:\Users\Dayana\OneDrive\Escritorio\POO\Semana11\Ejercicio\Fase02Botones\Estudiante.java. Using fallback presentation compiler.
2026.03.22 18:23:12 INFO  no build target found for C:\Users\Dayana\OneDrive\Escritorio\POO\Semana11\Ejercicio\Fase02Botones\Estudiante.java. Using fallback presentation compiler.
2026.03.22 18:23:13 INFO  no build target found for C:\Users\Dayana\OneDrive\Escritorio\POO\Semana11\Ejercicio\Fase02Botones\Estudiante.java. Using fallback presentation compiler.
2026.03.22 18:23:13 INFO  no build target found for C:\Users\Dayana\OneDrive\Escritorio\POO\Semana11\Ejercicio\Fase02Botones\Estudiante.java. Using fallback presentation compiler.
2026.03.22 18:23:13 INFO  no build target found for C:\Users\Dayana\OneDrive\Escritorio\POO\Semana11\Ejercicio\Fase02Botones\Estudiante.java. Using fallback presentation compiler.
2026.03.22 18:23:14 INFO  no build target found for C:\Users\Dayana\OneDrive\Escritorio\POO\Semana11\Ejercicio\Fase02Botones\Estudiante.java. Using fallback presentation compiler.
2026.03.22 18:23:13 INFO  no build target found for C:\Users\Dayana\OneDrive\Escritorio\POO\Semana11\Ejercicio\Fase02Botones\Estudiante.java. Using fallback presentation compiler.
2026.03.22 18:23:13 INFO  no build target found for C:\Users\Dayana\OneDrive\Escritorio\POO\Semana11\Ejercicio\Fase02Botones\Estudiante.java. Using fallback presentation compiler.
2026.03.22 18:23:14 INFO  no build target found for C:\Users\Dayana\OneDrive\Escritorio\POO\Semana11\Ejercicio\Fase02Botones\Estudiante.java. Using fallback presentation compiler.
2026.03.22 18:23:13 INFO  no build target found for C:\Users\Dayana\OneDrive\Escritorio\POO\Semana11\Ejercicio\Fase02Botones\Estudiante.java. Using fallback presentation compiler.
2026.03.22 18:23:15 INFO  no build target found for C:\Users\Dayana\OneDrive\Escritorio\POO\Semana11\Ejercicio\Fase02Botones\Estudiante.java. Using fallback presentation compiler.
2026.03.22 18:23:15 INFO  no build target found for C:\Users\Dayana\OneDrive\Escritorio\POO\Semana11\Ejercicio\Fase02Botones\Estudiante.java. Using fallback presentation compiler.
2026.03.22 18:23:21 INFO  no build target found for C:\Users\Dayana\OneDrive\Escritorio\POO\Semana11\Ejercicio\Fase02Botones\Estudiante.java. Using fallback presentation compiler.
2026.03.22 18:23:21 INFO  no build target found for C:\Users\Dayana\OneDrive\Escritorio\POO\Semana11\Ejercicio\Fase02Botones\Estudiante.java. Using fallback presentation compiler.
2026.03.22 18:23:21 INFO  no build target found for C:\Users\Dayana\OneDrive\Escritorio\POO\Semana11\Ejercicio\Fase02Botones\Estudiante.java. Using fallback presentation compiler.
2026.03.22 18:23:22 INFO  no build target found for C:\Users\Dayana\OneDrive\Escritorio\POO\Semana11\Ejercicio\Fase02Botones\Estudiante.java. Using fallback presentation compiler.
2026.03.22 18:23:21 INFO  no build target found for C:\Users\Dayana\OneDrive\Escritorio\POO\Semana11\Ejercicio\Fase02Botones\Estudiante.java. Using fallback presentation compiler.
2026.03.22 18:23:23 INFO  no build target found for C:\Users\Dayana\OneDrive\Escritorio\POO\Semana11\Ejercicio\Fase02Botones\Estudiante.java. Using fallback presentation compiler.
2026.03.22 18:23:23 INFO  no build target found for C:\Users\Dayana\OneDrive\Escritorio\POO\Semana11\Ejercicio\Fase02Botones\Estudiante.java. Using fallback presentation compiler.
2026.03.22 18:23:23 INFO  no build target found for C:\Users\Dayana\OneDrive\Escritorio\POO\Semana11\Ejercicio\Fase02Botones\Estudiante.java. Using fallback presentation compiler.
2026.03.22 18:23:23 INFO  no build target found for C:\Users\Dayana\OneDrive\Escritorio\POO\Semana11\Ejercicio\Fase02Botones\Estudiante.java. Using fallback presentation compiler.
2026.03.22 18:23:25 INFO  no build target found for C:\Users\Dayana\OneDrive\Escritorio\POO\Semana11\Ejercicio\Fase02Botones\GestionEstudiantes.java. Using fallback presentation compiler.
2026.03.22 18:23:25 WARN  no build target for: C:\Users\Dayana\OneDrive\Escritorio\POO\Semana11\Ejercicio\Fase02Botones\GestionEstudiantes.java
2026.03.22 18:23:25 INFO  no build target found for C:\Users\Dayana\OneDrive\Escritorio\POO\Semana11\Ejercicio\Fase02Botones\GestionEstudiantes.java. Using fallback presentation compiler.
2026.03.22 18:23:25 INFO  no build target found for C:\Users\Dayana\OneDrive\Escritorio\POO\Semana11\Ejercicio\Fase02Botones\GestionEstudiantes.java. Using fallback presentation compiler.
2026.03.22 18:23:25 INFO  no build target found for C:\Users\Dayana\OneDrive\Escritorio\POO\Semana11\Ejercicio\Fase02Botones\GestionEstudiantes.java. Using fallback presentation compiler.
2026.03.22 18:23:25 INFO  no build target found for C:\Users\Dayana\OneDrive\Escritorio\POO\Semana11\Ejercicio\Fase02Botones\GestionEstudiantes.java. Using fallback presentation compiler.
2026.03.22 18:23:27 INFO  no build target found for C:\Users\Dayana\OneDrive\Escritorio\POO\Semana11\Ejercicio\Fase02Botones\GestionEstudiantes.java. Using fallback presentation compiler.
2026.03.22 18:23:27 INFO  no build target found for C:\Users\Dayana\OneDrive\Escritorio\POO\Semana11\Ejercicio\Fase02Botones\GestionEstudiantes.java. Using fallback presentation compiler.
2026.03.22 18:23:27 INFO  no build target found for C:\Users\Dayana\OneDrive\Escritorio\POO\Semana11\Ejercicio\Fase02Botones\GestionEstudiantes.java. Using fallback presentation compiler.
2026.03.22 18:23:27 INFO  no build target found for C:\Users\Dayana\OneDrive\Escritorio\POO\Semana11\Ejercicio\Fase02Botones\GestionEstudiantes.java. Using fallback presentation compiler.
2026.03.22 18:23:27 INFO  no build target found for C:\Users\Dayana\OneDrive\Escritorio\POO\Semana11\Ejercicio\Fase02Botones\GestionEstudiantes.java. Using fallback presentation compiler.
2026.03.22 18:23:28 INFO  no build target found for C:\Users\Dayana\OneDrive\Escritorio\POO\Semana11\Ejercicio\Fase02Botones\GestionEstudiantes.java. Using fallback presentation compiler.
2026.03.22 18:23:28 INFO  no build target found for C:\Users\Dayana\OneDrive\Escritorio\POO\Semana11\Ejercicio\Fase02Botones\GestionEstudiantes.java. Using fallback presentation compiler.
mar. 22, 2026 6:23:28 P. M. org.eclipse.lsp4j.jsonrpc.RemoteEndpoint handleCancellation
ADVERTENCIA: Unmatched cancel notification for request id 2828
2026.03.22 18:23:28 INFO  no build target found for C:\Users\Dayana\OneDrive\Escritorio\POO\Semana11\Ejercicio\Fase02Botones\GestionEstudiantes.java. Using fallback presentation compiler.
2026.03.22 18:23:28 INFO  no build target found for C:\Users\Dayana\OneDrive\Escritorio\POO\Semana11\Ejercicio\Fase02Botones\GestionEstudiantes.java. Using fallback presentation compiler.
2026.03.22 18:23:28 INFO  no build target found for C:\Users\Dayana\OneDrive\Escritorio\POO\Semana11\Ejercicio\Fase02Botones\GestionEstudiantes.java. Using fallback presentation compiler.
2026.03.22 18:23:28 INFO  no build target found for C:\Users\Dayana\OneDrive\Escritorio\POO\Semana11\Ejercicio\Fase02Botones\GestionEstudiantes.java. Using fallback presentation compiler.
2026.03.22 18:23:28 INFO  no build target found for C:\Users\Dayana\OneDrive\Escritorio\POO\Semana11\Ejercicio\Fase02Botones\GestionEstudiantes.java. Using fallback presentation compiler.
2026.03.22 18:23:28 INFO  no build target found for C:\Users\Dayana\OneDrive\Escritorio\POO\Semana11\Ejercicio\Fase02Botones\GestionEstudiantes.java. Using fallback presentation compiler.
2026.03.22 18:23:29 INFO  no build target found for C:\Users\Dayana\OneDrive\Escritorio\POO\Semana11\Ejercicio\Fase02Botones\GestionEstudiantes.java. Using fallback presentation compiler.
2026.03.22 18:23:29 INFO  no build target found for C:\Users\Dayana\OneDrive\Escritorio\POO\Semana11\Ejercicio\Fase02Botones\GestionEstudiantes.java. Using fallback presentation compiler.
2026.03.22 18:23:29 INFO  no build target found for C:\Users\Dayana\OneDrive\Escritorio\POO\Semana11\Ejercicio\Fase02Botones\GestionEstudiantes.java. Using fallback presentation compiler.
2026.03.22 18:23:29 INFO  no build target found for C:\Users\Dayana\OneDrive\Escritorio\POO\Semana11\Ejercicio\Fase02Botones\GestionEstudiantes.java. Using fallback presentation compiler.
2026.03.22 18:23:30 INFO  no build target found for C:\Users\Dayana\OneDrive\Escritorio\POO\Semana11\Ejercicio\Fase02Botones\GestionEstudiantes.java. Using fallback presentation compiler.
2026.03.22 18:23:30 INFO  no build target found for C:\Users\Dayana\OneDrive\Escritorio\POO\Semana11\Ejercicio\Fase02Botones\GestionEstudiantes.java. Using fallback presentation compiler.
2026.03.22 18:23:30 INFO  no build target found for C:\Users\Dayana\OneDrive\Escritorio\POO\Semana11\Ejercicio\Fase02Botones\GestionEstudiantes.java. Using fallback presentation compiler.
2026.03.22 18:23:30 INFO  no build target found for C:\Users\Dayana\OneDrive\Escritorio\POO\Semana11\Ejercicio\Fase02Botones\GestionEstudiantes.java. Using fallback presentation compiler.
2026.03.22 18:23:31 INFO  no build target found for C:\Users\Dayana\OneDrive\Escritorio\POO\Semana11\Ejercicio\Fase02Botones\GestionEstudiantes.java. Using fallback presentation compiler.
2026.03.22 18:23:31 INFO  no build target found for C:\Users\Dayana\OneDrive\Escritorio\POO\Semana11\Ejercicio\Fase02Botones\GestionEstudiantes.java. Using fallback presentation compiler.
2026.03.22 18:23:31 INFO  no build target found for C:\Users\Dayana\OneDrive\Escritorio\POO\Semana11\Ejercicio\Fase02Botones\GestionEstudiantes.java. Using fallback presentation compiler.
2026.03.22 18:23:35 INFO  no build target found for C:\Users\Dayana\OneDrive\Escritorio\POO\Semana11\Ejercicio\Fase03Botones\Estudiante.java. Using fallback presentation compiler.
2026.03.22 18:23:35 WARN  no build target for: C:\Users\Dayana\OneDrive\Escritorio\POO\Semana11\Ejercicio\Fase03Botones\Estudiante.java
2026.03.22 18:23:35 INFO  no build target found for C:\Users\Dayana\OneDrive\Escritorio\POO\Semana11\Ejercicio\Fase03Botones\Estudiante.java. Using fallback presentation compiler.
2026.03.22 18:23:35 INFO  no build target found for C:\Users\Dayana\OneDrive\Escritorio\POO\Semana11\Ejercicio\Fase03Botones\Estudiante.java. Using fallback presentation compiler.
2026.03.22 18:23:35 INFO  no build target found for C:\Users\Dayana\OneDrive\Escritorio\POO\Semana11\Ejercicio\Fase03Botones\Estudiante.java. Using fallback presentation compiler.
2026.03.22 18:23:35 INFO  no build target found for C:\Users\Dayana\OneDrive\Escritorio\POO\Semana11\Ejercicio\Fase03Botones\Estudiante.java. Using fallback presentation compiler.
2026.03.22 18:23:36 INFO  no build target found for C:\Users\Dayana\OneDrive\Escritorio\POO\Semana11\Ejercicio\Fase03Botones\Estudiante.java. Using fallback presentation compiler.
2026.03.22 18:23:37 INFO  no build target found for C:\Users\Dayana\OneDrive\Escritorio\POO\Semana11\Ejercicio\Fase03Botones\GestionEstudiantes.java. Using fallback presentation compiler.
2026.03.22 18:23:37 WARN  no build target for: C:\Users\Dayana\OneDrive\Escritorio\POO\Semana11\Ejercicio\Fase03Botones\GestionEstudiantes.java
2026.03.22 18:23:37 INFO  no build target found for C:\Users\Dayana\OneDrive\Escritorio\POO\Semana11\Ejercicio\Fase03Botones\GestionEstudiantes.java. Using fallback presentation compiler.
2026.03.22 18:23:37 INFO  no build target found for C:\Users\Dayana\OneDrive\Escritorio\POO\Semana11\Ejercicio\Fase03Botones\GestionEstudiantes.java. Using fallback presentation compiler.
2026.03.22 18:23:37 INFO  no build target found for C:\Users\Dayana\OneDrive\Escritorio\POO\Semana11\Ejercicio\Fase03Botones\GestionEstudiantes.java. Using fallback presentation compiler.
2026.03.22 18:23:39 INFO  no build target found for C:\Users\Dayana\OneDrive\Escritorio\POO\Semana11\Ejercicio\Fase03Botones\Estudiante.java. Using fallback presentation compiler.
2026.03.22 18:23:39 WARN  no build target for: C:\Users\Dayana\OneDrive\Escritorio\POO\Semana11\Ejercicio\Fase03Botones\Estudiante.java
2026.03.22 18:23:39 INFO  no build target found for C:\Users\Dayana\OneDrive\Escritorio\POO\Semana11\Ejercicio\Fase03Botones\Estudiante.java. Using fallback presentation compiler.
2026.03.22 18:23:39 INFO  no build target found for C:\Users\Dayana\OneDrive\Escritorio\POO\Semana11\Ejercicio\Fase03Botones\Estudiante.java. Using fallback presentation compiler.
2026.03.22 18:23:39 INFO  no build target found for C:\Users\Dayana\OneDrive\Escritorio\POO\Semana11\Ejercicio\Fase03Botones\Estudiante.java. Using fallback presentation compiler.
2026.03.22 18:23:39 INFO  no build target found for C:\Users\Dayana\OneDrive\Escritorio\POO\Semana11\Ejercicio\Fase02Botones\GestionEstudiantes.java. Using fallback presentation compiler.
2026.03.22 18:23:39 WARN  no build target for: C:\Users\Dayana\OneDrive\Escritorio\POO\Semana11\Ejercicio\Fase02Botones\GestionEstudiantes.java
2026.03.22 18:23:39 INFO  no build target found for C:\Users\Dayana\OneDrive\Escritorio\POO\Semana11\Ejercicio\Fase02Botones\GestionEstudiantes.java. Using fallback presentation compiler.
2026.03.22 18:23:39 INFO  no build target found for C:\Users\Dayana\OneDrive\Escritorio\POO\Semana11\Ejercicio\Fase02Botones\GestionEstudiantes.java. Using fallback presentation compiler.
2026.03.22 18:23:39 INFO  no build target found for C:\Users\Dayana\OneDrive\Escritorio\POO\Semana11\Ejercicio\Fase02Botones\GestionEstudiantes.java. Using fallback presentation compiler.
2026.03.22 18:23:39 INFO  no build target found for C:\Users\Dayana\OneDrive\Escritorio\POO\Semana11\Ejercicio\Fase02Botones\Estudiante.java. Using fallback presentation compiler.
2026.03.22 18:23:39 WARN  no build target for: C:\Users\Dayana\OneDrive\Escritorio\POO\Semana11\Ejercicio\Fase02Botones\Estudiante.java
2026.03.22 18:23:39 INFO  no build target found for C:\Users\Dayana\OneDrive\Escritorio\POO\Semana11\Ejercicio\Fase02Botones\Estudiante.java. Using fallback presentation compiler.
2026.03.22 18:23:40 INFO  no build target found for C:\Users\Dayana\OneDrive\Escritorio\POO\Semana11\Ejercicio\Fase02Botones\Estudiante.java. Using fallback presentation compiler.
2026.03.22 18:23:40 INFO  no build target found for C:\Users\Dayana\OneDrive\Escritorio\POO\Semana11\Ejercicio\Fase02Botones\Estudiante.java. Using fallback presentation compiler.
2026.03.22 18:30:58 WARN  no build target for: C:\Users\Dayana\OneDrive\Escritorio\POO\Semana11\Ejercicio\Fase04Botones\Cliente.java
2026.03.22 18:30:58 INFO  no build target found for C:\Users\Dayana\OneDrive\Escritorio\POO\Semana11\Ejercicio\Fase04Botones\Cliente.java. Using fallback presentation compiler.
2026.03.22 18:30:58 WARN  Running javac-semanticdb failed for file:///C:/Users/Dayana/OneDrive/Escritorio/POO/Semana11/Ejercicio/Fase04Botones/Cliente.java. Output:

2026.03.22 18:30:58 INFO  no build target found for C:\Users\Dayana\OneDrive\Escritorio\POO\Semana11\Ejercicio\Fase04Botones\Cliente.java. Using fallback presentation compiler.
2026.03.22 18:30:58 INFO  no build target found for C:\Users\Dayana\OneDrive\Escritorio\POO\Semana11\Ejercicio\Fase04Botones\Cliente.java. Using fallback presentation compiler.
2026.03.22 18:30:58 INFO  no build target found for C:\Users\Dayana\OneDrive\Escritorio\POO\Semana11\Ejercicio\Fase04Botones\Cliente.java. Using fallback presentation compiler.
2026.03.22 18:30:58 INFO  no build target found for C:\Users\Dayana\OneDrive\Escritorio\POO\Semana11\Ejercicio\Fase04Botones\Cliente.java. Using fallback presentation compiler.
2026.03.22 18:30:59 WARN  Running javac-semanticdb failed for file:///C:/Users/Dayana/OneDrive/Escritorio/POO/Semana11/Ejercicio/Fase04Botones/Cliente.java. Output:

2026.03.22 18:31:22 INFO  no build target found for C:\Users\Dayana\OneDrive\Escritorio\POO\Semana11\Ejercicio\Fase04Botones\Cliente.java. Using fallback presentation compiler.
2026.03.22 18:31:22 INFO  no build target found for C:\Users\Dayana\OneDrive\Escritorio\POO\Semana11\Ejercicio\Fase04Botones\Cliente.java. Using fallback presentation compiler.
2026.03.22 18:31:22 WARN  Running javac-semanticdb failed for file:///C:/Users/Dayana/OneDrive/Escritorio/POO/Semana11/Ejercicio/Fase04Botones/Cliente.java. Output:

2026.03.22 18:31:22 INFO  no build target found for C:\Users\Dayana\OneDrive\Escritorio\POO\Semana11\Ejercicio\Fase04Botones\Cliente.java. Using fallback presentation compiler.
2026.03.22 18:31:22 INFO  no build target found for C:\Users\Dayana\OneDrive\Escritorio\POO\Semana11\Ejercicio\Fase04Botones\Cliente.java. Using fallback presentation compiler.
2026.03.22 18:31:24 INFO  no build target found for C:\Users\Dayana\OneDrive\Escritorio\POO\Semana11\Ejercicio\Fase04Botones\Cliente.java. Using fallback presentation compiler.
2026.03.22 18:31:24 INFO  no build target found for C:\Users\Dayana\OneDrive\Escritorio\POO\Semana11\Ejercicio\Fase04Botones\Cliente.java. Using fallback presentation compiler.
2026.03.22 18:31:24 INFO  no build target found for C:\Users\Dayana\OneDrive\Escritorio\POO\Semana11\Ejercicio\Fase04Botones\Cliente.java. Using fallback presentation compiler.
2026.03.22 18:31:25 INFO  no build target found for C:\Users\Dayana\OneDrive\Escritorio\POO\Semana11\Ejercicio\Fase04Botones\Cliente.java. Using fallback presentation compiler.
2026.03.22 18:31:25 INFO  no build target found for C:\Users\Dayana\OneDrive\Escritorio\POO\Semana11\Ejercicio\Fase04Botones\Cliente.java. Using fallback presentation compiler.
2026.03.22 18:31:25 INFO  no build target found for C:\Users\Dayana\OneDrive\Escritorio\POO\Semana11\Ejercicio\Fase04Botones\Cliente.java. Using fallback presentation compiler.
2026.03.22 18:31:26 INFO  no build target found for C:\Users\Dayana\OneDrive\Escritorio\POO\Semana11\Ejercicio\Fase04Botones\Cliente.java. Using fallback presentation compiler.
2026.03.22 18:31:26 WARN  Running javac-semanticdb failed for file:///C:/Users/Dayana/OneDrive/Escritorio/POO/Semana11/Ejercicio/Fase04Botones/Cliente.java. Output:

2026.03.22 18:31:38 INFO  no build target found for C:\Users\Dayana\OneDrive\Escritorio\POO\Semana11\Ejercicio\Fase04Botones\Cliente.java. Using fallback presentation compiler.
2026.03.22 18:31:39 INFO  no build target found for C:\Users\Dayana\OneDrive\Escritorio\POO\Semana11\Ejercicio\Fase04Botones\Cliente.java. Using fallback presentation compiler.
2026.03.22 18:31:39 INFO  no build target found for C:\Users\Dayana\OneDrive\Escritorio\POO\Semana11\Ejercicio\Fase04Botones\Cliente.java. Using fallback presentation compiler.
2026.03.22 18:31:40 INFO  no build target found for C:\Users\Dayana\OneDrive\Escritorio\POO\Semana11\Ejercicio\Fase04Botones\Cliente.java. Using fallback presentation compiler.
2026.03.22 18:31:44 INFO  no build target found for C:\Users\Dayana\OneDrive\Escritorio\POO\Semana11\Ejercicio\Fase04Botones\Cliente.java. Using fallback presentation compiler.
mar. 22, 2026 6:31:44 P. M. org.eclipse.lsp4j.jsonrpc.RemoteEndpoint handleCancellation
ADVERTENCIA: Unmatched cancel notification for request id 2944
2026.03.22 18:31:44 INFO  no build target found for C:\Users\Dayana\OneDrive\Escritorio\POO\Semana11\Ejercicio\Fase04Botones\Cliente.java. Using fallback presentation compiler.
2026.03.22 18:31:59 WARN  no build target for: C:\Users\Dayana\OneDrive\Escritorio\POO\Semana11\Ejercicio\Fase04Botones\SistemaBanco.java
2026.03.22 18:31:59 WARN  Running javac-semanticdb failed for file:///C:/Users/Dayana/OneDrive/Escritorio/POO/Semana11/Ejercicio/Fase04Botones/SistemaBanco.java. Output:

2026.03.22 18:31:59 INFO  no build target found for C:\Users\Dayana\OneDrive\Escritorio\POO\Semana11\Ejercicio\Fase04Botones\SistemaBanco.java. Using fallback presentation compiler.
2026.03.22 18:32:00 INFO  no build target found for C:\Users\Dayana\OneDrive\Escritorio\POO\Semana11\Ejercicio\Fase04Botones\SistemaBanco.java. Using fallback presentation compiler.
2026.03.22 18:32:00 INFO  no build target found for C:\Users\Dayana\OneDrive\Escritorio\POO\Semana11\Ejercicio\Fase04Botones\SistemaBanco.java. Using fallback presentation compiler.
2026.03.22 18:32:00 INFO  no build target found for C:\Users\Dayana\OneDrive\Escritorio\POO\Semana11\Ejercicio\Fase04Botones\SistemaBanco.java. Using fallback presentation compiler.
2026.03.22 18:32:00 INFO  no build target found for C:\Users\Dayana\OneDrive\Escritorio\POO\Semana11\Ejercicio\Fase04Botones\SistemaBanco.java. Using fallback presentation compiler.
2026.03.22 18:32:00 WARN  Running javac-semanticdb failed for file:///C:/Users/Dayana/OneDrive/Escritorio/POO/Semana11/Ejercicio/Fase04Botones/SistemaBanco.java. Output:

2026.03.22 18:32:01 INFO  no build target found for C:\Users\Dayana\OneDrive\Escritorio\POO\Semana11\Ejercicio\Fase04Botones\SistemaBanco.java. Using fallback presentation compiler.
2026.03.22 18:32:01 INFO  no build target found for C:\Users\Dayana\OneDrive\Escritorio\POO\Semana11\Ejercicio\Fase04Botones\SistemaBanco.java. Using fallback presentation compiler.
2026.03.22 18:32:01 INFO  Created report: Optional[file:///C:/Users/Dayana/OneDrive/Escritorio/POO/Semana11/Ejercicio/Fase04Botones/SistemaBanco.java]
2026.03.22 18:32:01 INFO  QDox parse error in file:///C:/Users/Dayana/OneDrive/Escritorio/POO/Semana11/Ejercicio/Fase04Botones/SistemaBanco.java (full report at: "C:\Users\Dayana\OneDrive\Escritorio\POO\.metals\.reports\metals-full\2026-03-22\r_qdox-error_18-32-02-418.md")
2026.03.22 18:32:02 INFO  no build target found for C:\Users\Dayana\OneDrive\Escritorio\POO\Semana11\Ejercicio\Fase04Botones\SistemaBanco.java. Using fallback presentation compiler.
2026.03.22 18:32:03 INFO  no build target found for C:\Users\Dayana\OneDrive\Escritorio\POO\Semana11\Ejercicio\Fase04Botones\SistemaBanco.java. Using fallback presentation compiler.
2026.03.22 18:32:03 INFO  no build target found for C:\Users\Dayana\OneDrive\Escritorio\POO\Semana11\Ejercicio\Fase04Botones\SistemaBanco.java. Using fallback presentation compiler.
2026.03.22 18:32:03 INFO  no build target found for C:\Users\Dayana\OneDrive\Escritorio\POO\Semana11\Ejercicio\Fase04Botones\SistemaBanco.java. Using fallback presentation compiler.
2026.03.22 18:32:03 INFO  no build target found for C:\Users\Dayana\OneDrive\Escritorio\POO\Semana11\Ejercicio\Fase04Botones\SistemaBanco.java. Using fallback presentation compiler.
2026.03.22 18:32:03 WARN  Running javac-semanticdb failed for file:///C:/Users/Dayana/OneDrive/Escritorio/POO/Semana11/Ejercicio/Fase04Botones/SistemaBanco.java. Output:

2026.03.22 18:32:03 INFO  no build target found for C:\Users\Dayana\OneDrive\Escritorio\POO\Semana11\Ejercicio\Fase04Botones\SistemaBanco.java. Using fallback presentation compiler.
2026.03.22 18:32:05 INFO  no build target found for C:\Users\Dayana\OneDrive\Escritorio\POO\Semana11\Ejercicio\Fase04Botones\SistemaBanco.java. Using fallback presentation compiler.
2026.03.22 18:32:05 INFO  no build target found for C:\Users\Dayana\OneDrive\Escritorio\POO\Semana11\Ejercicio\Fase04Botones\SistemaBanco.java. Using fallback presentation compiler.
2026.03.22 18:32:07 INFO  no build target found for C:\Users\Dayana\OneDrive\Escritorio\POO\Semana11\Ejercicio\Fase04Botones\SistemaBanco.java. Using fallback presentation compiler.
2026.03.22 18:32:07 INFO  no build target found for C:\Users\Dayana\OneDrive\Escritorio\POO\Semana11\Ejercicio\Fase04Botones\SistemaBanco.java. Using fallback presentation compiler.
2026.03.22 18:32:08 INFO  no build target found for C:\Users\Dayana\OneDrive\Escritorio\POO\Semana11\Ejercicio\Fase04Botones\SistemaBanco.java. Using fallback presentation compiler.
2026.03.22 18:32:08 INFO  no build target found for C:\Users\Dayana\OneDrive\Escritorio\POO\Semana11\Ejercicio\Fase04Botones\SistemaBanco.java. Using fallback presentation compiler.
2026.03.22 18:32:09 INFO  no build target found for C:\Users\Dayana\OneDrive\Escritorio\POO\Semana11\Ejercicio\Fase04Botones\SistemaBanco.java. Using fallback presentation compiler.
2026.03.22 18:32:09 WARN  Running javac-semanticdb failed for file:///C:/Users/Dayana/OneDrive/Escritorio/POO/Semana11/Ejercicio/Fase04Botones/SistemaBanco.java. Output:

2026.03.22 18:32:09 INFO  no build target found for C:\Users\Dayana\OneDrive\Escritorio\POO\Semana11\Ejercicio\Fase04Botones\SistemaBanco.java. Using fallback presentation compiler.
2026.03.22 18:32:09 INFO  no build target found for C:\Users\Dayana\OneDrive\Escritorio\POO\Semana11\Ejercicio\Fase04Botones\SistemaBanco.java. Using fallback presentation compiler.
2026.03.22 18:32:09 INFO  no build target found for C:\Users\Dayana\OneDrive\Escritorio\POO\Semana11\Ejercicio\Fase04Botones\SistemaBanco.java. Using fallback presentation compiler.
2026.03.22 18:32:09 INFO  no build target found for C:\Users\Dayana\OneDrive\Escritorio\POO\Semana11\Ejercicio\Fase04Botones\SistemaBanco.java. Using fallback presentation compiler.
2026.03.22 18:32:09 WARN  Running javac-semanticdb failed for file:///C:/Users/Dayana/OneDrive/Escritorio/POO/Semana11/Ejercicio/Fase04Botones/SistemaBanco.java. Output:

2026.03.22 18:32:10 INFO  no build target found for C:\Users\Dayana\OneDrive\Escritorio\POO\Semana11\Ejercicio\Fase04Botones\SistemaBanco.java. Using fallback presentation compiler.
2026.03.22 18:32:10 INFO  no build target found for C:\Users\Dayana\OneDrive\Escritorio\POO\Semana11\Ejercicio\Fase04Botones\SistemaBanco.java. Using fallback presentation compiler.
2026.03.22 18:32:24 INFO  no build target found for C:\Users\Dayana\OneDrive\Escritorio\POO\Semana11\Ejercicio\Fase04Botones\SistemaBanco.java. Using fallback presentation compiler.
2026.03.22 18:32:24 INFO  no build target found for C:\Users\Dayana\OneDrive\Escritorio\POO\Semana11\Ejercicio\Fase04Botones\SistemaBanco.java. Using fallback presentation compiler.
2026.03.22 18:32:26 WARN  no build target for: C:\Users\Dayana\OneDrive\Escritorio\POO\Semana11\Ejercicio\Fase04Botones\SistemaBanco.java
2026.03.22 18:32:26 WARN  no build target for: C:\Users\Dayana\OneDrive\Escritorio\POO\Semana11\Ejercicio\Fase02Botones\GestionEstudiantes.java
2026.03.22 18:32:26 WARN  no build target for: C:\Users\Dayana\OneDrive\Escritorio\POO\Semana11\Ejercicio\Fase02Botones\Estudiante.java
2026.03.22 18:32:26 WARN  no build target for: C:\Users\Dayana\OneDrive\Escritorio\POO\Semana11\Ejercicio\Fase04Botones\Cliente.java
2026.03.22 18:32:26 WARN  no build target for: C:\Users\Dayana\OneDrive\Escritorio\POO\Semana11\Ejercicio\Fase03Botones\Estudiante.java
2026.03.22 18:32:26 WARN  no build target for: C:\Users\Dayana\OneDrive\Escritorio\POO\Semana11\Ejercicio\Fase03Botones\GestionEstudiantes.java
2026.03.22 18:32:26 INFO  no build target found for C:\Users\Dayana\OneDrive\Escritorio\POO\Semana11\Ejercicio\Fase04Botones\SistemaBanco.java. Using fallback presentation compiler.
2026.03.22 18:32:26 INFO  no build target found for C:\Users\Dayana\OneDrive\Escritorio\POO\Semana11\Ejercicio\Fase04Botones\SistemaBanco.java. Using fallback presentation compiler.
2026.03.22 18:33:42 INFO  no build target found for C:\Users\Dayana\OneDrive\Escritorio\POO\Semana11\Ejercicio\Fase04Botones\SistemaBanco.java. Using fallback presentation compiler.
2026.03.22 18:33:44 INFO  no build target found for C:\Users\Dayana\OneDrive\Escritorio\POO\Semana11\Ejercicio\Fase04Botones\SistemaBanco.java. Using fallback presentation compiler.
2026.03.22 18:35:04 INFO  no build target found for C:\Users\Dayana\OneDrive\Escritorio\POO\Semana11\Ejercicio\Fase04Botones\SistemaBanco.java. Using fallback presentation compiler.
2026.03.22 18:35:04 INFO  no build target found for C:\Users\Dayana\OneDrive\Escritorio\POO\Semana11\Ejercicio\Fase04Botones\SistemaBanco.java. Using fallback presentation compiler.
2026.03.22 18:35:04 INFO  no build target found for C:\Users\Dayana\OneDrive\Escritorio\POO\Semana11\Ejercicio\Fase04Botones\SistemaBanco.java. Using fallback presentation compiler.
2026.03.22 18:35:06 INFO  no build target found for C:\Users\Dayana\OneDrive\Escritorio\POO\Semana11\Ejercicio\Fase04Botones\SistemaBanco.java. Using fallback presentation compiler.
2026.03.22 18:35:06 INFO  no build target found for C:\Users\Dayana\OneDrive\Escritorio\POO\Semana11\Ejercicio\Fase04Botones\SistemaBanco.java. Using fallback presentation compiler.
2026.03.22 18:35:06 INFO  no build target found for C:\Users\Dayana\OneDrive\Escritorio\POO\Semana11\Ejercicio\Fase04Botones\SistemaBanco.java. Using fallback presentation compiler.
2026.03.22 18:35:07 INFO  no build target found for C:\Users\Dayana\OneDrive\Escritorio\POO\Semana11\Ejercicio\Fase04Botones\SistemaBanco.java. Using fallback presentation compiler.
2026.03.22 18:35:07 INFO  no build target found for C:\Users\Dayana\OneDrive\Escritorio\POO\Semana11\Ejercicio\Fase04Botones\SistemaBanco.java. Using fallback presentation compiler.
2026.03.22 18:35:07 INFO  no build target found for C:\Users\Dayana\OneDrive\Escritorio\POO\Semana11\Ejercicio\Fase04Botones\SistemaBanco.java. Using fallback presentation compiler.
2026.03.22 18:35:09 INFO  no build target found for C:\Users\Dayana\OneDrive\Escritorio\POO\Semana11\Ejercicio\Fase04Botones\SistemaBanco.java. Using fallback presentation compiler.
2026.03.22 18:35:09 INFO  no build target found for C:\Users\Dayana\OneDrive\Escritorio\POO\Semana11\Ejercicio\Fase04Botones\SistemaBanco.java. Using fallback presentation compiler.
2026.03.22 18:35:09 INFO  no build target found for C:\Users\Dayana\OneDrive\Escritorio\POO\Semana11\Ejercicio\Fase04Botones\SistemaBanco.java. Using fallback presentation compiler.
2026.03.22 18:35:10 INFO  no build target found for C:\Users\Dayana\OneDrive\Escritorio\POO\Semana11\Ejercicio\Fase04Botones\SistemaBanco.java. Using fallback presentation compiler.
2026.03.22 18:35:10 INFO  no build target found for C:\Users\Dayana\OneDrive\Escritorio\POO\Semana11\Ejercicio\Fase04Botones\SistemaBanco.java. Using fallback presentation compiler.
2026.03.22 18:35:10 INFO  no build target found for C:\Users\Dayana\OneDrive\Escritorio\POO\Semana11\Ejercicio\Fase04Botones\SistemaBanco.java. Using fallback presentation compiler.
2026.03.22 18:35:10 INFO  no build target found for C:\Users\Dayana\OneDrive\Escritorio\POO\Semana11\Ejercicio\Fase04Botones\SistemaBanco.java. Using fallback presentation compiler.
2026.03.22 18:35:12 INFO  no build target found for C:\Users\Dayana\OneDrive\Escritorio\POO\Semana11\Ejercicio\Fase04Botones\SistemaBanco.java. Using fallback presentation compiler.
2026.03.22 18:35:13 INFO  no build target found for C:\Users\Dayana\OneDrive\Escritorio\POO\Semana11\Ejercicio\Fase04Botones\SistemaBanco.java. Using fallback presentation compiler.
2026.03.22 18:35:15 INFO  no build target found for C:\Users\Dayana\OneDrive\Escritorio\POO\Semana11\Ejercicio\Fase04Botones\SistemaBanco.java. Using fallback presentation compiler.
2026.03.22 18:35:15 INFO  no build target found for C:\Users\Dayana\OneDrive\Escritorio\POO\Semana11\Ejercicio\Fase04Botones\SistemaBanco.java. Using fallback presentation compiler.
2026.03.22 18:35:15 INFO  no build target found for C:\Users\Dayana\OneDrive\Escritorio\POO\Semana11\Ejercicio\Fase04Botones\SistemaBanco.java. Using fallback presentation compiler.
mar. 22, 2026 6:35:15 P. M. org.eclipse.lsp4j.jsonrpc.RemoteEndpoint handleCancellation
ADVERTENCIA: Unmatched cancel notification for request id 3089
2026.03.22 18:35:15 INFO  no build target found for C:\Users\Dayana\OneDrive\Escritorio\POO\Semana11\Ejercicio\Fase04Botones\SistemaBanco.java. Using fallback presentation compiler.
2026.03.22 18:35:15 INFO  no build target found for C:\Users\Dayana\OneDrive\Escritorio\POO\Semana11\Ejercicio\Fase04Botones\SistemaBanco.java. Using fallback presentation compiler.
2026.03.22 18:35:15 INFO  no build target found for C:\Users\Dayana\OneDrive\Escritorio\POO\Semana11\Ejercicio\Fase04Botones\SistemaBanco.java. Using fallback presentation compiler.
2026.03.22 18:35:16 INFO  no build target found for C:\Users\Dayana\OneDrive\Escritorio\POO\Semana11\Ejercicio\Fase04Botones\SistemaBanco.java. Using fallback presentation compiler.
2026.03.22 18:35:18 INFO  no build target found for C:\Users\Dayana\OneDrive\Escritorio\POO\Semana11\Ejercicio\Fase04Botones\SistemaBanco.java. Using fallback presentation compiler.
2026.03.22 18:35:18 INFO  no build target found for C:\Users\Dayana\OneDrive\Escritorio\POO\Semana11\Ejercicio\Fase04Botones\SistemaBanco.java. Using fallback presentation compiler.
2026.03.22 18:35:18 INFO  no build target found for C:\Users\Dayana\OneDrive\Escritorio\POO\Semana11\Ejercicio\Fase04Botones\SistemaBanco.java. Using fallback presentation compiler.
2026.03.22 18:35:18 INFO  no build target found for C:\Users\Dayana\OneDrive\Escritorio\POO\Semana11\Ejercicio\Fase04Botones\SistemaBanco.java. Using fallback presentation compiler.
2026.03.22 18:35:19 INFO  no build target found for C:\Users\Dayana\OneDrive\Escritorio\POO\Semana11\Ejercicio\Fase04Botones\SistemaBanco.java. Using fallback presentation compiler.
2026.03.22 18:35:19 INFO  no build target found for C:\Users\Dayana\OneDrive\Escritorio\POO\Semana11\Ejercicio\Fase04Botones\SistemaBanco.java. Using fallback presentation compiler.
2026.03.22 18:35:19 INFO  no build target found for C:\Users\Dayana\OneDrive\Escritorio\POO\Semana11\Ejercicio\Fase04Botones\SistemaBanco.java. Using fallback presentation compiler.
2026.03.22 18:35:21 INFO  no build target found for C:\Users\Dayana\OneDrive\Escritorio\POO\Semana11\Ejercicio\Fase04Botones\SistemaBanco.java. Using fallback presentation compiler.
2026.03.22 18:35:26 INFO  no build target found for C:\Users\Dayana\OneDrive\Escritorio\POO\Semana11\Ejercicio\Fase04Botones\Cliente.java. Using fallback presentation compiler.
2026.03.22 18:35:26 WARN  no build target for: C:\Users\Dayana\OneDrive\Escritorio\POO\Semana11\Ejercicio\Fase04Botones\Cliente.java
2026.03.22 18:35:26 INFO  no build target found for C:\Users\Dayana\OneDrive\Escritorio\POO\Semana11\Ejercicio\Fase04Botones\Cliente.java. Using fallback presentation compiler.
2026.03.22 18:35:26 INFO  no build target found for C:\Users\Dayana\OneDrive\Escritorio\POO\Semana11\Ejercicio\Fase04Botones\Cliente.java. Using fallback presentation compiler.
2026.03.22 18:35:26 INFO  no build target found for C:\Users\Dayana\OneDrive\Escritorio\POO\Semana11\Ejercicio\Fase04Botones\Cliente.java. Using fallback presentation compiler.
2026.03.22 18:35:28 INFO  no build target found for C:\Users\Dayana\OneDrive\Escritorio\POO\Semana11\Ejercicio\Fase04Botones\Cliente.java. Using fallback presentation compiler.
2026.03.22 18:35:28 INFO  no build target found for C:\Users\Dayana\OneDrive\Escritorio\POO\Semana11\Ejercicio\Fase04Botones\Cliente.java. Using fallback presentation compiler.
2026.03.22 18:35:29 INFO  no build target found for C:\Users\Dayana\OneDrive\Escritorio\POO\Semana11\Ejercicio\Fase04Botones\Cliente.java. Using fallback presentation compiler.
2026.03.22 18:35:29 INFO  no build target found for C:\Users\Dayana\OneDrive\Escritorio\POO\Semana11\Ejercicio\Fase04Botones\Cliente.java. Using fallback presentation compiler.
2026.03.22 18:35:30 INFO  no build target found for C:\Users\Dayana\OneDrive\Escritorio\POO\Semana11\Ejercicio\Fase04Botones\SistemaBanco.java. Using fallback presentation compiler.
2026.03.22 18:35:30 WARN  no build target for: C:\Users\Dayana\OneDrive\Escritorio\POO\Semana11\Ejercicio\Fase04Botones\SistemaBanco.java
2026.03.22 18:35:30 INFO  no build target found for C:\Users\Dayana\OneDrive\Escritorio\POO\Semana11\Ejercicio\Fase04Botones\SistemaBanco.java. Using fallback presentation compiler.
2026.03.22 18:35:30 INFO  no build target found for C:\Users\Dayana\OneDrive\Escritorio\POO\Semana11\Ejercicio\Fase04Botones\SistemaBanco.java. Using fallback presentation compiler.
2026.03.22 18:35:30 INFO  no build target found for C:\Users\Dayana\OneDrive\Escritorio\POO\Semana11\Ejercicio\Fase04Botones\SistemaBanco.java. Using fallback presentation compiler.
2026.03.22 18:35:30 INFO  no build target found for C:\Users\Dayana\OneDrive\Escritorio\POO\Semana11\Ejercicio\Fase04Botones\SistemaBanco.java. Using fallback presentation compiler.
2026.03.22 18:35:32 INFO  no build target found for C:\Users\Dayana\OneDrive\Escritorio\POO\Semana11\Ejercicio\Fase04Botones\SistemaBanco.java. Using fallback presentation compiler.
2026.03.22 18:35:32 INFO  no build target found for C:\Users\Dayana\OneDrive\Escritorio\POO\Semana11\Ejercicio\Fase04Botones\SistemaBanco.java. Using fallback presentation compiler.
2026.03.22 18:35:34 INFO  no build target found for C:\Users\Dayana\OneDrive\Escritorio\POO\Semana11\Ejercicio\Fase04Botones\SistemaBanco.java. Using fallback presentation compiler.
2026.03.22 18:35:35 INFO  no build target found for C:\Users\Dayana\OneDrive\Escritorio\POO\Semana11\Ejercicio\Fase04Botones\SistemaBanco.java. Using fallback presentation compiler.
2026.03.22 18:35:35 INFO  no build target found for C:\Users\Dayana\OneDrive\Escritorio\POO\Semana11\Ejercicio\Fase04Botones\SistemaBanco.java. Using fallback presentation compiler.
2026.03.22 18:35:35 INFO  no build target found for C:\Users\Dayana\OneDrive\Escritorio\POO\Semana11\Ejercicio\Fase04Botones\SistemaBanco.java. Using fallback presentation compiler.
2026.03.22 18:35:36 INFO  no build target found for C:\Users\Dayana\OneDrive\Escritorio\POO\Semana11\Ejercicio\Fase04Botones\SistemaBanco.java. Using fallback presentation compiler.
2026.03.22 18:35:36 INFO  no build target found for C:\Users\Dayana\OneDrive\Escritorio\POO\Semana11\Ejercicio\Fase04Botones\SistemaBanco.java. Using fallback presentation compiler.
2026.03.22 18:35:36 INFO  no build target found for C:\Users\Dayana\OneDrive\Escritorio\POO\Semana11\Ejercicio\Fase04Botones\SistemaBanco.java. Using fallback presentation compiler.
2026.03.22 18:35:36 INFO  no build target found for C:\Users\Dayana\OneDrive\Escritorio\POO\Semana11\Ejercicio\Fase04Botones\SistemaBanco.java. Using fallback presentation compiler.
2026.03.22 18:35:38 INFO  no build target found for C:\Users\Dayana\OneDrive\Escritorio\POO\Semana11\Ejercicio\Fase04Botones\SistemaBanco.java. Using fallback presentation compiler.
2026.03.22 18:35:38 INFO  no build target found for C:\Users\Dayana\OneDrive\Escritorio\POO\Semana11\Ejercicio\Fase04Botones\SistemaBanco.java. Using fallback presentation compiler.
2026.03.22 18:35:38 INFO  no build target found for C:\Users\Dayana\OneDrive\Escritorio\POO\Semana11\Ejercicio\Fase04Botones\SistemaBanco.java. Using fallback presentation compiler.
2026.03.22 18:35:41 INFO  no build target found for C:\Users\Dayana\OneDrive\Escritorio\POO\Semana11\Ejercicio\Fase04Botones\SistemaBanco.java. Using fallback presentation compiler.
2026.03.22 18:35:42 INFO  no build target found for C:\Users\Dayana\OneDrive\Escritorio\POO\Semana11\Ejercicio\Fase04Botones\SistemaBanco.java. Using fallback presentation compiler.
2026.03.22 18:35:44 INFO  no build target found for C:\Users\Dayana\OneDrive\Escritorio\POO\Semana11\Ejercicio\Fase04Botones\SistemaBanco.java. Using fallback presentation compiler.
2026.03.22 18:35:44 INFO  no build target found for C:\Users\Dayana\OneDrive\Escritorio\POO\Semana11\Ejercicio\Fase04Botones\SistemaBanco.java. Using fallback presentation compiler.
2026.03.22 18:35:45 INFO  no build target found for C:\Users\Dayana\OneDrive\Escritorio\POO\Semana11\Ejercicio\Fase04Botones\SistemaBanco.java. Using fallback presentation compiler.
2026.03.22 18:35:45 INFO  no build target found for C:\Users\Dayana\OneDrive\Escritorio\POO\Semana11\Ejercicio\Fase04Botones\SistemaBanco.java. Using fallback presentation compiler.
2026.03.22 18:35:45 INFO  no build target found for C:\Users\Dayana\OneDrive\Escritorio\POO\Semana11\Ejercicio\Fase04Botones\SistemaBanco.java. Using fallback presentation compiler.
2026.03.22 18:35:45 INFO  no build target found for C:\Users\Dayana\OneDrive\Escritorio\POO\Semana11\Ejercicio\Fase04Botones\SistemaBanco.java. Using fallback presentation compiler.
2026.03.22 18:35:47 INFO  no build target found for C:\Users\Dayana\OneDrive\Escritorio\POO\Semana11\Ejercicio\Fase04Botones\SistemaBanco.java. Using fallback presentation compiler.
2026.03.22 18:35:47 INFO  no build target found for C:\Users\Dayana\OneDrive\Escritorio\POO\Semana11\Ejercicio\Fase04Botones\SistemaBanco.java. Using fallback presentation compiler.
2026.03.22 18:35:51 INFO  no build target found for C:\Users\Dayana\OneDrive\Escritorio\POO\Semana11\Ejercicio\Fase04Botones\SistemaBanco.java. Using fallback presentation compiler.
2026.03.22 18:35:53 INFO  no build target found for C:\Users\Dayana\OneDrive\Escritorio\POO\Semana11\Ejercicio\Fase04Botones\SistemaBanco.java. Using fallback presentation compiler.
2026.03.22 18:35:53 INFO  no build target found for C:\Users\Dayana\OneDrive\Escritorio\POO\Semana11\Ejercicio\Fase04Botones\SistemaBanco.java. Using fallback presentation compiler.
2026.03.22 18:35:54 INFO  no build target found for C:\Users\Dayana\OneDrive\Escritorio\POO\Semana11\Ejercicio\Fase04Botones\SistemaBanco.java. Using fallback presentation compiler.
2026.03.22 18:35:57 INFO  no build target found for C:\Users\Dayana\OneDrive\Escritorio\POO\Semana11\Ejercicio\Fase04Botones\SistemaBanco.java. Using fallback presentation compiler.
2026.03.22 18:36:00 INFO  no build target found for C:\Users\Dayana\OneDrive\Escritorio\POO\Semana11\Ejercicio\Fase04Botones\SistemaBanco.java. Using fallback presentation compiler.
2026.03.22 18:36:01 INFO  no build target found for C:\Users\Dayana\OneDrive\Escritorio\POO\Semana11\Ejercicio\Fase04Botones\SistemaBanco.java. Using fallback presentation compiler.
2026.03.22 18:36:01 INFO  no build target found for C:\Users\Dayana\OneDrive\Escritorio\POO\Semana11\Ejercicio\Fase04Botones\SistemaBanco.java. Using fallback presentation compiler.
2026.03.22 18:36:02 INFO  no build target found for C:\Users\Dayana\OneDrive\Escritorio\POO\Semana11\Ejercicio\Fase04Botones\SistemaBanco.java. Using fallback presentation compiler.
2026.03.22 18:36:04 INFO  no build target found for C:\Users\Dayana\OneDrive\Escritorio\POO\Semana11\Ejercicio\Fase04Botones\SistemaBanco.java. Using fallback presentation compiler.
2026.03.22 18:36:04 INFO  no build target found for C:\Users\Dayana\OneDrive\Escritorio\POO\Semana11\Ejercicio\Fase04Botones\SistemaBanco.java. Using fallback presentation compiler.
2026.03.22 18:36:04 INFO  no build target found for C:\Users\Dayana\OneDrive\Escritorio\POO\Semana11\Ejercicio\Fase04Botones\SistemaBanco.java. Using fallback presentation compiler.
2026.03.22 18:36:05 INFO  no build target found for C:\Users\Dayana\OneDrive\Escritorio\POO\Semana11\Ejercicio\Fase04Botones\SistemaBanco.java. Using fallback presentation compiler.
2026.03.22 18:36:05 INFO  no build target found for C:\Users\Dayana\OneDrive\Escritorio\POO\Semana11\Ejercicio\Fase04Botones\SistemaBanco.java. Using fallback presentation compiler.
2026.03.22 18:36:05 INFO  no build target found for C:\Users\Dayana\OneDrive\Escritorio\POO\Semana11\Ejercicio\Fase04Botones\SistemaBanco.java. Using fallback presentation compiler.
2026.03.22 18:36:05 INFO  no build target found for C:\Users\Dayana\OneDrive\Escritorio\POO\Semana11\Ejercicio\Fase04Botones\SistemaBanco.java. Using fallback presentation compiler.
2026.03.22 18:36:07 INFO  no build target found for C:\Users\Dayana\OneDrive\Escritorio\POO\Semana11\Ejercicio\Fase04Botones\SistemaBanco.java. Using fallback presentation compiler.
2026.03.22 18:36:08 INFO  no build target found for C:\Users\Dayana\OneDrive\Escritorio\POO\Semana11\Ejercicio\Fase04Botones\SistemaBanco.java. Using fallback presentation compiler.
2026.03.22 18:36:08 INFO  no build target found for C:\Users\Dayana\OneDrive\Escritorio\POO\Semana11\Ejercicio\Fase04Botones\SistemaBanco.java. Using fallback presentation compiler.
2026.03.22 18:36:08 INFO  no build target found for C:\Users\Dayana\OneDrive\Escritorio\POO\Semana11\Ejercicio\Fase04Botones\SistemaBanco.java. Using fallback presentation compiler.
2026.03.22 18:36:09 INFO  no build target found for C:\Users\Dayana\OneDrive\Escritorio\POO\Semana11\Ejercicio\Fase04Botones\SistemaBanco.java. Using fallback presentation compiler.
2026.03.22 18:36:09 INFO  no build target found for C:\Users\Dayana\OneDrive\Escritorio\POO\Semana11\Ejercicio\Fase04Botones\SistemaBanco.java. Using fallback presentation compiler.
2026.03.22 18:36:11 INFO  no build target found for C:\Users\Dayana\OneDrive\Escritorio\POO\Semana11\Ejercicio\Fase04Botones\SistemaBanco.java. Using fallback presentation compiler.
2026.03.22 18:36:11 INFO  no build target found for C:\Users\Dayana\OneDrive\Escritorio\POO\Semana11\Ejercicio\Fase04Botones\SistemaBanco.java. Using fallback presentation compiler.
2026.03.22 18:36:12 INFO  no build target found for C:\Users\Dayana\OneDrive\Escritorio\POO\Semana11\Ejercicio\Fase04Botones\SistemaBanco.java. Using fallback presentation compiler.
2026.03.22 18:36:14 INFO  no build target found for C:\Users\Dayana\OneDrive\Escritorio\POO\Semana11\Ejercicio\Fase04Botones\SistemaBanco.java. Using fallback presentation compiler.
2026.03.22 18:36:15 INFO  no build target found for C:\Users\Dayana\OneDrive\Escritorio\POO\Semana11\Ejercicio\Fase04Botones\SistemaBanco.java. Using fallback presentation compiler.
2026.03.22 18:36:15 INFO  no build target found for C:\Users\Dayana\OneDrive\Escritorio\POO\Semana11\Ejercicio\Fase04Botones\SistemaBanco.java. Using fallback presentation compiler.
2026.03.22 18:36:17 INFO  no build target found for C:\Users\Dayana\OneDrive\Escritorio\POO\Semana11\Ejercicio\Fase04Botones\SistemaBanco.java. Using fallback presentation compiler.
2026.03.22 18:36:17 INFO  no build target found for C:\Users\Dayana\OneDrive\Escritorio\POO\Semana11\Ejercicio\Fase04Botones\SistemaBanco.java. Using fallback presentation compiler.
2026.03.22 20:54:26 INFO  Shutting down server
2026.03.22 20:54:26 INFO  Memory monitor stopped
2026.03.22 20:54:26 INFO  shutting down Metals
2026.03.22 20:54:26 INFO  Exiting server
2026.03.23 14:21:58 INFO  Started: Metals version 1.6.6 in folders 'C:\Users\Dayana\OneDrive\Escritorio\POO' for client Visual Studio Code 1.112.0.
2026.03.23 14:21:58 INFO  Memory monitor started
2026.03.23 14:22:01 WARN  Using H2 2.4.240 which is newer than the version Flyway has been verified with. The latest verified version of H2 is 2.3.232.
2026.03.23 14:22:02 INFO  no build target found for C:\Users\Dayana\OneDrive\Escritorio\POO\Semana11\Ejercicio\Fase01\MainCliente.java. Using fallback presentation compiler.
2026.03.23 14:22:03 WARN  no build tool detected in workspace 'C:\Users\Dayana\OneDrive\Escritorio\POO'. The most common cause for this problem is that the editor was opened in the wrong working directory, for example if you use sbt then the workspace directory should contain build.sbt. 
2026.03.23 14:22:02 WARN  Build server is not auto-connectable.
2026.03.23 14:22:03 WARN  no build target for: C:\Users\Dayana\OneDrive\Escritorio\POO\Semana11\Ejercicio\Fase01\MainCliente.java
2026.03.23 14:22:07 INFO  no build target found for C:\Users\Dayana\OneDrive\Escritorio\POO\Semana11\Ejercicio\Fase01\MainCliente.java. Using fallback presentation compiler.
2026.03.23 14:22:07 INFO  time: code lens generation in 4.18s
2026.03.23 14:34:21 INFO  no build target found for C:\Users\Dayana\OneDrive\Escritorio\POO\Semana11\Ejercicio\Fase01\MainCliente.java. Using fallback presentation compiler.
2026.03.23 14:34:28 INFO  no build target found for C:\Users\Dayana\OneDrive\Escritorio\POO\Semana11\Ejercicio\Fase01\MainCliente.java. Using fallback presentation compiler.
2026.03.23 14:34:43 WARN  no build target for: C:\Users\Dayana\OneDrive\Escritorio\POO\Semana13\esc.java
2026.03.23 14:34:43 WARN  Running javac-semanticdb failed for file:///C:/Users/Dayana/OneDrive/Escritorio/POO/Semana13/esc.java. Output:

2026.03.23 14:34:43 INFO  no build target found for C:\Users\Dayana\OneDrive\Escritorio\POO\Semana13\esc.java. Using fallback presentation compiler.
2026.03.23 14:34:43 INFO  no build target found for C:\Users\Dayana\OneDrive\Escritorio\POO\Semana13\esc.java. Using fallback presentation compiler.
2026.03.23 14:34:43 INFO  no build target found for C:\Users\Dayana\OneDrive\Escritorio\POO\Semana13\esc.java. Using fallback presentation compiler.
2026.03.23 14:34:43 INFO  no build target found for C:\Users\Dayana\OneDrive\Escritorio\POO\Semana13\esc.java. Using fallback presentation compiler.
2026.03.23 14:34:43 INFO  no build target found for C:\Users\Dayana\OneDrive\Escritorio\POO\Semana13\esc.java. Using fallback presentation compiler.
2026.03.23 14:34:43 WARN  no build target for: C:\Users\Dayana\OneDrive\Escritorio\POO\Semana13\esc.java
2026.03.23 14:34:43 INFO  no build target found for C:\Users\Dayana\OneDrive\Escritorio\POO\Semana13\esc.java. Using fallback presentation compiler.
2026.03.23 14:34:47 INFO  no build target found for c:\Users\Dayana\OneDrive\Escritorio\POO\Semana13\esc.java. Using fallback presentation compiler.
2026.03.23 14:34:47 INFO  no build target found for C:\Users\Dayana\OneDrive\Escritorio\POO\Semana11\Ejercicio\Fase01\MainCliente.java. Using fallback presentation compiler.
2026.03.23 14:34:47 INFO  no build target found for C:\Users\Dayana\OneDrive\Escritorio\POO\Semana11\Ejercicio\Fase01\MainCliente.java. Using fallback presentation compiler.
2026.03.23 14:34:47 INFO  no build target found for C:\Users\Dayana\OneDrive\Escritorio\POO\Semana11\Ejercicio\Fase01\MainCliente.java. Using fallback presentation compiler.
2026.03.23 14:34:48 INFO  no build target found for C:\Users\Dayana\OneDrive\Escritorio\POO\Semana11\Ejercicio\Fase01\MainCliente.java. Using fallback presentation compiler.
2026.03.23 14:35:08 INFO  no build target found for C:\Users\Dayana\OneDrive\Escritorio\POO\Semana11\Ejercicio\Fase01\MainCliente.java. Using fallback presentation compiler.
2026.03.23 14:35:56 INFO  no build target found for C:\Users\Dayana\OneDrive\Escritorio\POO\Semana11\Ejercicio\Fase01\MainCliente.java. Using fallback presentation compiler.
2026.03.23 15:44:20 INFO  Shutting down server
2026.03.23 15:44:20 INFO  Memory monitor stopped
2026.03.23 15:44:20 INFO  shutting down Metals
2026.03.23 15:44:20 INFO  Exiting server
2026.03.23 16:08:24 INFO  Started: Metals version 1.6.6 in folders 'C:\Users\Dayana\OneDrive\Escritorio\POO' for client Visual Studio Code 1.112.0.
2026.03.23 16:08:24 INFO  Memory monitor started
2026.03.23 16:08:26 WARN  Using H2 2.4.240 which is newer than the version Flyway has been verified with. The latest verified version of H2 is 2.3.232.
2026.03.23 16:08:27 WARN  no build tool detected in workspace 'C:\Users\Dayana\OneDrive\Escritorio\POO'. The most common cause for this problem is that the editor was opened in the wrong working directory, for example if you use sbt then the workspace directory should contain build.sbt. 
2026.03.23 16:08:28 WARN  Build server is not auto-connectable.
2026.03.23 16:08:31 INFO  no build target found for C:\Users\Dayana\OneDrive\Escritorio\POO\Semana08Practica\Practica02\MainVehiculo.java. Using fallback presentation compiler.
2026.03.23 16:08:32 WARN  no build target for: C:\Users\Dayana\OneDrive\Escritorio\POO\Semana08Practica\Practica02\MainVehiculo.java
2026.03.23 16:08:33 INFO  no build target found for C:\Users\Dayana\OneDrive\Escritorio\POO\Semana08Practica\Practica02\MainVehiculo.java. Using fallback presentation compiler.
2026.03.23 16:08:34 INFO  no build target found for C:\Users\Dayana\OneDrive\Escritorio\POO\Semana08Practica\Practica02\MainVehiculo.java. Using fallback presentation compiler.
2026.03.23 16:08:34 INFO  no build target found for C:\Users\Dayana\OneDrive\Escritorio\POO\Semana08Practica\Practica02\MainVehiculo.java. Using fallback presentation compiler.
mar. 23, 2026 4:08:34 P. M. org.eclipse.lsp4j.jsonrpc.RemoteEndpoint handleCancellation
ADVERTENCIA: Unmatched cancel notification for request id 8
mar. 23, 2026 4:08:34 P. M. org.eclipse.lsp4j.jsonrpc.RemoteEndpoint handleCancellation
ADVERTENCIA: Unmatched cancel notification for request id 7
mar. 23, 2026 4:08:34 P. M. org.eclipse.lsp4j.jsonrpc.RemoteEndpoint handleCancellation
ADVERTENCIA: Unmatched cancel notification for request id 4
mar. 23, 2026 4:08:34 P. M. org.eclipse.lsp4j.jsonrpc.RemoteEndpoint handleCancellation
ADVERTENCIA: Unmatched cancel notification for request id 2
mar. 23, 2026 4:08:34 P. M. org.eclipse.lsp4j.jsonrpc.RemoteEndpoint handleCancellation
ADVERTENCIA: Unmatched cancel notification for request id 3
2026.03.23 16:08:34 INFO  no build target found for C:\Users\Dayana\OneDrive\Escritorio\POO\Semana08Practica\Practica02\MainVehiculo.java. Using fallback presentation compiler.
2026.03.23 16:08:36 INFO  no build target found for C:\Users\Dayana\OneDrive\Escritorio\POO\Semana11\Ejercicio\Fase04Botones\SistemaBanco.java. Using fallback presentation compiler.
2026.03.23 16:08:36 WARN  no build target for: C:\Users\Dayana\OneDrive\Escritorio\POO\Semana11\Ejercicio\Fase04Botones\SistemaBanco.java
2026.03.23 16:08:36 INFO  time: code lens generation in 1.64s
2026.03.23 16:08:36 INFO  no build target found for C:\Users\Dayana\OneDrive\Escritorio\POO\Semana11\Ejercicio\Fase04Botones\SistemaBanco.java. Using fallback presentation compiler.
mar. 23, 2026 4:08:36 P. M. org.eclipse.lsp4j.jsonrpc.RemoteEndpoint handleCancellation
ADVERTENCIA: Unmatched cancel notification for request id 10
2026.03.23 16:08:36 INFO  no build target found for C:\Users\Dayana\OneDrive\Escritorio\POO\Semana11\Ejercicio\Fase04Botones\SistemaBanco.java. Using fallback presentation compiler.
2026.03.23 16:08:37 INFO  no build target found for C:\Users\Dayana\OneDrive\Escritorio\POO\Semana11\Ejercicio\Fase04Botones\SistemaBanco.java. Using fallback presentation compiler.
mar. 23, 2026 4:08:37 P. M. org.eclipse.lsp4j.jsonrpc.RemoteEndpoint handleCancellation
ADVERTENCIA: Unmatched cancel notification for request id 15
mar. 23, 2026 4:08:37 P. M. org.eclipse.lsp4j.jsonrpc.RemoteEndpoint handleCancellation
ADVERTENCIA: Unmatched cancel notification for request id 11
mar. 23, 2026 4:08:37 P. M. org.eclipse.lsp4j.jsonrpc.RemoteEndpoint handleCancellation
ADVERTENCIA: Unmatched cancel notification for request id 12
2026.03.23 16:08:37 INFO  no build target found for C:\Users\Dayana\OneDrive\Escritorio\POO\Semana11\Ejercicio\Fase04Botones\SistemaBanco.java. Using fallback presentation compiler.
2026.03.23 16:08:37 INFO  no build target found for C:\Users\Dayana\OneDrive\Escritorio\POO\Semana11\Ejercicio\Fase04Botones\Cliente.java. Using fallback presentation compiler.
2026.03.23 16:08:37 WARN  no build target for: C:\Users\Dayana\OneDrive\Escritorio\POO\Semana11\Ejercicio\Fase04Botones\Cliente.java
2026.03.23 16:08:37 INFO  no build target found for C:\Users\Dayana\OneDrive\Escritorio\POO\Semana11\Ejercicio\Fase04Botones\Cliente.java. Using fallback presentation compiler.
2026.03.23 16:08:37 INFO  no build target found for C:\Users\Dayana\OneDrive\Escritorio\POO\Semana11\Ejercicio\Fase04Botones\Cliente.java. Using fallback presentation compiler.
2026.03.23 16:08:37 INFO  no build target found for C:\Users\Dayana\OneDrive\Escritorio\POO\Semana11\Ejercicio\Fase04Botones\Cliente.java. Using fallback presentation compiler.
2026.03.23 16:08:39 INFO  time: code lens generation in 1.42s
2026.03.23 16:08:40 WARN  no build target for: C:\Users\Dayana\OneDrive\Escritorio\POO\Semana08Practica\Practica01\EmpleadoGerente.java
2026.03.23 16:08:40 INFO  no build target found for C:\Users\Dayana\OneDrive\Escritorio\POO\Semana08Practica\Practica01\EmpleadoGerente.java. Using fallback presentation compiler.
mar. 23, 2026 4:08:40 P. M. org.eclipse.lsp4j.jsonrpc.RemoteEndpoint handleCancellation
ADVERTENCIA: Unmatched cancel notification for request id 28
2026.03.23 16:08:40 INFO  no build target found for C:\Users\Dayana\OneDrive\Escritorio\POO\Semana08Practica\Practica01\EmpleadoGerente.java. Using fallback presentation compiler.
2026.03.23 16:08:40 INFO  no build target found for C:\Users\Dayana\OneDrive\Escritorio\POO\Semana08Practica\Practica01\EmpleadoGerente.java. Using fallback presentation compiler.
2026.03.23 16:08:40 INFO  no build target found for C:\Users\Dayana\OneDrive\Escritorio\POO\Semana08Practica\Practica01\EmpleadoGerente.java. Using fallback presentation compiler.
mar. 23, 2026 4:08:40 P. M. org.eclipse.lsp4j.jsonrpc.RemoteEndpoint handleCancellation
ADVERTENCIA: Unmatched cancel notification for request id 34
2026.03.23 16:08:40 INFO  no build target found for C:\Users\Dayana\OneDrive\Escritorio\POO\Semana08Practica\Practica01\EmpleadoGerente.java. Using fallback presentation compiler.
2026.03.23 16:08:40 INFO  no build target found for C:\Users\Dayana\OneDrive\Escritorio\POO\Semana11\Ejercicio\Fase04Botones\Cliente.java. Using fallback presentation compiler.
mar. 23, 2026 4:08:41 P. M. org.eclipse.lsp4j.jsonrpc.RemoteEndpoint handleCancellation
ADVERTENCIA: Unmatched cancel notification for request id 37
2026.03.23 16:08:41 INFO  no build target found for C:\Users\Dayana\OneDrive\Escritorio\POO\Semana11\Ejercicio\Fase04Botones\Cliente.java. Using fallback presentation compiler.
2026.03.23 16:08:41 WARN  no build target for: C:\Users\Dayana\OneDrive\Escritorio\POO\Semana11\Ejercicio\Fase04Botones\Cliente.java
2026.03.23 16:08:41 INFO  no build target found for C:\Users\Dayana\OneDrive\Escritorio\POO\Semana11\Ejercicio\Fase04Botones\Cliente.java. Using fallback presentation compiler.
2026.03.23 16:08:41 INFO  no build target found for C:\Users\Dayana\OneDrive\Escritorio\POO\Semana08Practica\Practica01\EmpleadoOperario.java. Using fallback presentation compiler.
2026.03.23 16:08:41 WARN  no build target for: C:\Users\Dayana\OneDrive\Escritorio\POO\Semana08Practica\Practica01\EmpleadoOperario.java
2026.03.23 16:08:41 INFO  no build target found for C:\Users\Dayana\OneDrive\Escritorio\POO\Semana08Practica\Practica01\EmpleadoOperario.java. Using fallback presentation compiler.
2026.03.23 16:08:41 INFO  no build target found for C:\Users\Dayana\OneDrive\Escritorio\POO\Semana08Practica\Practica01\EmpleadoOperario.java. Using fallback presentation compiler.
2026.03.23 16:08:41 INFO  no build target found for C:\Users\Dayana\OneDrive\Escritorio\POO\Semana08Practica\Practica01\EmpleadoOperario.java. Using fallback presentation compiler.
2026.03.23 16:08:42 INFO  no build target found for C:\Users\Dayana\OneDrive\Escritorio\POO\Semana08Practica\Practica01\EmpleadoOperario.java. Using fallback presentation compiler.
2026.03.23 16:08:42 INFO  no build target found for C:\Users\Dayana\OneDrive\Escritorio\POO\Semana11\Ejercicio\Fase04Botones\Cliente.java. Using fallback presentation compiler.
2026.03.23 16:08:42 WARN  no build target for: C:\Users\Dayana\OneDrive\Escritorio\POO\Semana11\Ejercicio\Fase04Botones\Cliente.java
2026.03.23 16:08:42 INFO  no build target found for C:\Users\Dayana\OneDrive\Escritorio\POO\Semana11\Ejercicio\Fase04Botones\Cliente.java. Using fallback presentation compiler.
2026.03.23 16:08:44 WARN  no build target for: C:\Users\Dayana\OneDrive\Escritorio\POO\Semana08Practica\Practica01\EmpleadoAdministrativo.java
2026.03.23 16:08:45 INFO  no build target found for C:\Users\Dayana\OneDrive\Escritorio\POO\Semana08Practica\Practica01\EmpleadoAdministrativo.java. Using fallback presentation compiler.
2026.03.23 16:08:45 INFO  no build target found for C:\Users\Dayana\OneDrive\Escritorio\POO\Semana08Practica\Practica01\EmpleadoAdministrativo.java. Using fallback presentation compiler.
2026.03.23 16:08:45 INFO  no build target found for C:\Users\Dayana\OneDrive\Escritorio\POO\Semana08Practica\Practica01\EmpleadoAdministrativo.java. Using fallback presentation compiler.
2026.03.23 16:08:45 INFO  no build target found for C:\Users\Dayana\OneDrive\Escritorio\POO\Semana08Practica\Practica01\EmpleadoAdministrativo.java. Using fallback presentation compiler.
2026.03.23 16:08:52 INFO  no build target found for C:\Users\Dayana\OneDrive\Escritorio\POO\Semana08Practica\Practica01\EmpleadoAdministrativo.java. Using fallback presentation compiler.
2026.03.23 16:09:01 INFO  no build target found for C:\Users\Dayana\OneDrive\Escritorio\POO\Semana11\Ejercicio\Fase04Botones\Cliente.java. Using fallback presentation compiler.
2026.03.23 16:09:01 WARN  no build target for: C:\Users\Dayana\OneDrive\Escritorio\POO\Semana11\Ejercicio\Fase04Botones\Cliente.java
2026.03.23 16:09:01 INFO  no build target found for C:\Users\Dayana\OneDrive\Escritorio\POO\Semana11\Ejercicio\Fase04Botones\Cliente.java. Using fallback presentation compiler.
2026.03.23 16:09:01 INFO  no build target found for C:\Users\Dayana\OneDrive\Escritorio\POO\Semana11\Ejercicio\Fase04Botones\Cliente.java. Using fallback presentation compiler.
2026.03.23 16:09:01 INFO  no build target found for C:\Users\Dayana\OneDrive\Escritorio\POO\Semana11\Ejercicio\Fase04Botones\Cliente.java. Using fallback presentation compiler.
2026.03.23 16:09:01 INFO  no build target found for C:\Users\Dayana\OneDrive\Escritorio\POO\Semana11\Ejercicio\Fase04Botones\Cliente.java. Using fallback presentation compiler.
2026.03.23 16:09:01 INFO  no build target found for C:\Users\Dayana\OneDrive\Escritorio\POO\Semana11\Ejercicio\Fase04Botones\Cliente.java. Using fallback presentation compiler.
2026.03.23 16:09:01 WARN  no build target for: C:\Users\Dayana\OneDrive\Escritorio\POO\Semana11\Ejercicio\Fase04Botones\SistemaBanco.java
2026.03.23 16:09:01 INFO  no build target found for C:\Users\Dayana\OneDrive\Escritorio\POO\Semana11\Ejercicio\Fase04Botones\SistemaBanco.java. Using fallback presentation compiler.
2026.03.23 16:09:01 INFO  no build target found for C:\Users\Dayana\OneDrive\Escritorio\POO\Semana11\Ejercicio\Fase04Botones\SistemaBanco.java. Using fallback presentation compiler.
2026.03.23 16:09:01 INFO  no build target found for C:\Users\Dayana\OneDrive\Escritorio\POO\Semana11\Ejercicio\Fase04Botones\SistemaBanco.java. Using fallback presentation compiler.
2026.03.23 16:09:01 INFO  no build target found for C:\Users\Dayana\OneDrive\Escritorio\POO\Semana11\Ejercicio\Fase04Botones\SistemaBanco.java. Using fallback presentation compiler.
2026.03.23 16:09:02 INFO  no build target found for C:\Users\Dayana\OneDrive\Escritorio\POO\Semana11\Ejercicio\Fase04Botones\SistemaBanco.java. Using fallback presentation compiler.
2026.03.23 16:09:02 INFO  no build target found for C:\Users\Dayana\OneDrive\Escritorio\POO\Semana11\Ejercicio\Fase04Botones\SistemaBanco.java. Using fallback presentation compiler.
2026.03.23 16:09:02 WARN  no build target for: C:\Users\Dayana\OneDrive\Escritorio\POO\Semana11\Ejercicio\Fase04Botones\Cliente.java
2026.03.23 16:09:02 INFO  no build target found for C:\Users\Dayana\OneDrive\Escritorio\POO\Semana11\Ejercicio\Fase04Botones\Cliente.java. Using fallback presentation compiler.
2026.03.23 16:09:02 INFO  no build target found for C:\Users\Dayana\OneDrive\Escritorio\POO\Semana11\Ejercicio\Fase04Botones\Cliente.java. Using fallback presentation compiler.
2026.03.23 16:09:02 INFO  no build target found for C:\Users\Dayana\OneDrive\Escritorio\POO\Semana11\Ejercicio\Fase04Botones\Cliente.java. Using fallback presentation compiler.
2026.03.23 16:09:02 INFO  no build target found for C:\Users\Dayana\OneDrive\Escritorio\POO\Semana11\Ejercicio\Fase04Botones\Cliente.java. Using fallback presentation compiler.
2026.03.23 16:09:03 INFO  no build target found for C:\Users\Dayana\OneDrive\Escritorio\POO\Semana11\Ejercicio\Fase04Botones\Cliente.java. Using fallback presentation compiler.
2026.03.23 16:09:02 INFO  no build target found for C:\Users\Dayana\OneDrive\Escritorio\POO\Semana11\Ejercicio\Fase04Botones\Cliente.java. Using fallback presentation compiler.
2026.03.23 16:09:02 INFO  no build target found for C:\Users\Dayana\OneDrive\Escritorio\POO\Semana11\Ejercicio\Fase04Botones\SistemaBanco.java. Using fallback presentation compiler.
2026.03.23 16:09:03 WARN  no build target for: C:\Users\Dayana\OneDrive\Escritorio\POO\Semana11\Ejercicio\Fase04Botones\SistemaBanco.java
2026.03.23 16:09:03 INFO  no build target found for C:\Users\Dayana\OneDrive\Escritorio\POO\Semana11\Ejercicio\Fase04Botones\SistemaBanco.java. Using fallback presentation compiler.
2026.03.23 16:09:02 INFO  no build target found for C:\Users\Dayana\OneDrive\Escritorio\POO\Semana11\Ejercicio\Fase04Botones\SistemaBanco.java. Using fallback presentation compiler.
2026.03.23 16:09:03 INFO  no build target found for C:\Users\Dayana\OneDrive\Escritorio\POO\Semana11\Ejercicio\Fase04Botones\SistemaBanco.java. Using fallback presentation compiler.
2026.03.23 16:09:04 INFO  no build target found for C:\Users\Dayana\OneDrive\Escritorio\POO\Semana11\Ejercicio\Fase04Botones\SistemaBanco.java. Using fallback presentation compiler.
mar. 23, 2026 4:09:07 P. M. org.eclipse.lsp4j.jsonrpc.services.GenericEndpoint notify
INFORMACIÓN: Unsupported notification method: $/setTrace
2026.03.23 16:09:07 INFO  no build target found for C:\Users\Dayana\OneDrive\Escritorio\POO\Semana11\Ejercicio\Fase04Botones\SistemaBanco.java. Using fallback presentation compiler.
mar. 23, 2026 4:09:09 P. M. org.eclipse.lsp4j.jsonrpc.services.GenericEndpoint notify
INFORMACIÓN: Unsupported notification method: $/setTrace
2026.03.23 16:09:09 INFO  no build target found for C:\Users\Dayana\OneDrive\Escritorio\POO\Semana11\Ejercicio\Fase04Botones\SistemaBanco.java. Using fallback presentation compiler.
2026.03.23 16:09:21 INFO  no build target found for C:\Users\Dayana\OneDrive\Escritorio\POO\Semana11\Ejercicio\Fase04Botones\SistemaBanco.java. Using fallback presentation compiler.
2026.03.23 16:23:28 INFO  Shutting down server
2026.03.23 16:23:28 INFO  Memory monitor stopped
2026.03.23 16:23:28 INFO  shutting down Metals
2026.03.23 16:23:28 INFO  Exiting server
2026.03.23 16:35:15 INFO  Started: Metals version 1.6.6 in folders 'C:\Users\Dayana\OneDrive\Escritorio\POO' for client Visual Studio Code 1.112.0.
2026.03.23 16:35:15 INFO  Memory monitor started
2026.03.23 16:35:15 WARN  Using H2 2.4.240 which is newer than the version Flyway has been verified with. The latest verified version of H2 is 2.3.232.
2026.03.23 16:35:16 INFO  no build target found for C:\Users\Dayana\OneDrive\Escritorio\POO\Semana11\Ejercicio\Fase02Botones\GestionEstudiantes.java. Using fallback presentation compiler.
2026.03.23 16:35:16 INFO  no build target found for C:\Users\Dayana\OneDrive\Escritorio\POO\Semana11\Ejercicio\Fase02Botones\GestionEstudiantes.java. Using fallback presentation compiler.
2026.03.23 16:35:16 INFO  no build target found for C:\Users\Dayana\OneDrive\Escritorio\POO\Semana11\Ejercicio\Fase02Botones\GestionEstudiantes.java. Using fallback presentation compiler.
2026.03.23 16:35:17 WARN  no build tool detected in workspace 'C:\Users\Dayana\OneDrive\Escritorio\POO'. The most common cause for this problem is that the editor was opened in the wrong working directory, for example if you use sbt then the workspace directory should contain build.sbt. 
2026.03.23 16:35:16 WARN  Build server is not auto-connectable.
2026.03.23 16:35:17 WARN  no build target for: C:\Users\Dayana\OneDrive\Escritorio\POO\Semana11\Ejercicio\Fase02Botones\GestionEstudiantes.java
2026.03.23 16:35:17 INFO  no build target found for C:\Users\Dayana\OneDrive\Escritorio\POO\Semana11\Ejercicio\Fase02Botones\GestionEstudiantes.java. Using fallback presentation compiler.
2026.03.23 16:35:22 INFO  no build target found for C:\Users\Dayana\OneDrive\Escritorio\POO\Semana11\Ejercicio\Fase02Botones\GestionEstudiantes.java. Using fallback presentation compiler.
2026.03.23 16:35:22 WARN  no build target for: C:\Users\Dayana\OneDrive\Escritorio\POO\Semana11\Ejercicio\Fase02Botones\Estudiante.java
2026.03.23 16:35:22 INFO  no build target found for C:\Users\Dayana\OneDrive\Escritorio\POO\Semana11\Ejercicio\Fase02Botones\Estudiante.java. Using fallback presentation compiler.
2026.03.23 16:35:22 INFO  no build target found for C:\Users\Dayana\OneDrive\Escritorio\POO\Semana11\Ejercicio\Fase02Botones\Estudiante.java. Using fallback presentation compiler.
mar. 23, 2026 4:35:22 P. M. org.eclipse.lsp4j.jsonrpc.RemoteEndpoint handleCancellation
ADVERTENCIA: Unmatched cancel notification for request id 12
2026.03.23 16:35:22 INFO  no build target found for C:\Users\Dayana\OneDrive\Escritorio\POO\Semana11\Ejercicio\Fase02Botones\Estudiante.java. Using fallback presentation compiler.
2026.03.23 16:35:22 INFO  no build target found for C:\Users\Dayana\OneDrive\Escritorio\POO\Semana11\Ejercicio\Fase02Botones\Estudiante.java. Using fallback presentation compiler.
2026.03.23 16:35:23 INFO  no build target found for C:\Users\Dayana\OneDrive\Escritorio\POO\Semana11\Ejercicio\Fase02Botones\Estudiante.java. Using fallback presentation compiler.
2026.03.23 16:35:24 INFO  no build target found for C:\Users\Dayana\OneDrive\Escritorio\POO\Semana11\Ejercicio\Fase02Botones\Estudiante.java. Using fallback presentation compiler.
2026.03.23 16:35:24 WARN  no build target for: C:\Users\Dayana\OneDrive\Escritorio\POO\Semana11\Ejercicio\Fase02Botones\GestionEstudiantes.java
2026.03.23 16:35:24 INFO  no build target found for C:\Users\Dayana\OneDrive\Escritorio\POO\Semana11\Ejercicio\Fase02Botones\GestionEstudiantes.java. Using fallback presentation compiler.
2026.03.23 16:35:24 INFO  no build target found for C:\Users\Dayana\OneDrive\Escritorio\POO\Semana11\Ejercicio\Fase02Botones\GestionEstudiantes.java. Using fallback presentation compiler.
2026.03.23 16:35:24 INFO  no build target found for C:\Users\Dayana\OneDrive\Escritorio\POO\Semana11\Ejercicio\Fase02Botones\GestionEstudiantes.java. Using fallback presentation compiler.
2026.03.23 16:35:24 INFO  no build target found for C:\Users\Dayana\OneDrive\Escritorio\POO\Semana11\Ejercicio\Fase02Botones\GestionEstudiantes.java. Using fallback presentation compiler.
2026.03.23 16:35:24 INFO  no build target found for C:\Users\Dayana\OneDrive\Escritorio\POO\Semana11\Ejercicio\Fase02Botones\GestionEstudiantes.java. Using fallback presentation compiler.
2026.03.23 16:35:27 INFO  Shutting down server
2026.03.23 16:35:27 INFO  Memory monitor stopped
2026.03.23 16:35:27 INFO  shutting down Metals
2026.03.23 16:35:27 INFO  Exiting server
2026.03.23 16:35:52 INFO  Started: Metals version 1.6.6 in folders 'C:\Users\Dayana\OneDrive\Escritorio\POO' for client Visual Studio Code 1.112.0.
2026.03.23 16:35:52 INFO  Memory monitor started
2026.03.23 16:35:53 WARN  Using H2 2.4.240 which is newer than the version Flyway has been verified with. The latest verified version of H2 is 2.3.232.
2026.03.23 16:35:53 WARN  no build tool detected in workspace 'C:\Users\Dayana\OneDrive\Escritorio\POO'. The most common cause for this problem is that the editor was opened in the wrong working directory, for example if you use sbt then the workspace directory should contain build.sbt. 
2026.03.23 16:35:54 WARN  Build server is not auto-connectable.
mar. 23, 2026 4:42:02 P. M. org.eclipse.lsp4j.jsonrpc.services.GenericEndpoint notify
INFORMACIÓN: Unsupported notification method: $/setTrace
2026.03.23 16:42:03 INFO  Shutting down server
2026.03.23 16:42:03 INFO  Memory monitor stopped
2026.03.23 16:42:03 INFO  shutting down Metals
2026.03.23 16:42:03 INFO  Exiting server
2026.03.23 16:42:25 INFO  Started: Metals version 1.6.6 in folders 'C:\Users\Dayana\OneDrive\Escritorio\POO' for client Visual Studio Code 1.112.0.
2026.03.23 16:42:25 INFO  Memory monitor started
2026.03.23 16:42:26 WARN  Using H2 2.4.240 which is newer than the version Flyway has been verified with. The latest verified version of H2 is 2.3.232.
2026.03.23 16:42:26 INFO  no build target found for C:\Users\Dayana\OneDrive\Escritorio\POO\Semana11\Ejercicio\Fase02Botones\GestionEstudiantes.java. Using fallback presentation compiler.
2026.03.23 16:42:27 INFO  no build target found for C:\Users\Dayana\OneDrive\Escritorio\POO\Semana11\Ejercicio\Fase02Botones\GestionEstudiantes.java. Using fallback presentation compiler.
2026.03.23 16:42:28 WARN  no build tool detected in workspace 'C:\Users\Dayana\OneDrive\Escritorio\POO'. The most common cause for this problem is that the editor was opened in the wrong working directory, for example if you use sbt then the workspace directory should contain build.sbt. 
2026.03.23 16:42:28 WARN  Build server is not auto-connectable.
2026.03.23 16:42:28 WARN  no build target for: C:\Users\Dayana\OneDrive\Escritorio\POO\Semana11\Ejercicio\Fase02Botones\GestionEstudiantes.java
2026.03.23 16:42:28 INFO  no build target found for C:\Users\Dayana\OneDrive\Escritorio\POO\Semana11\Ejercicio\Fase02Botones\GestionEstudiantes.java. Using fallback presentation compiler.
2026.03.23 16:42:31 INFO  time: code lens generation in 2.63s
2026.03.23 16:42:36 INFO  no build target found for C:\Users\Dayana\OneDrive\Escritorio\POO\Semana11\Ejercicio\Fase02Botones\GestionEstudiantes.java. Using fallback presentation compiler.
2026.03.23 16:42:36 INFO  no build target found for C:\Users\Dayana\OneDrive\Escritorio\POO\Semana11\Ejercicio\Fase02Botones\GestionEstudiantes.java. Using fallback presentation compiler.
2026.03.23 16:42:36 INFO  no build target found for C:\Users\Dayana\OneDrive\Escritorio\POO\Semana11\Ejercicio\Fase02Botones\GestionEstudiantes.java. Using fallback presentation compiler.
2026.03.23 16:42:36 INFO  no build target found for C:\Users\Dayana\OneDrive\Escritorio\POO\Semana11\Ejercicio\Fase02Botones\GestionEstudiantes.java. Using fallback presentation compiler.
mar. 23, 2026 4:42:37 P. M. org.eclipse.lsp4j.jsonrpc.RemoteEndpoint handleCancellation
ADVERTENCIA: Unmatched cancel notification for request id 12
mar. 23, 2026 4:42:37 P. M. org.eclipse.lsp4j.jsonrpc.RemoteEndpoint handleCancellation
ADVERTENCIA: Unmatched cancel notification for request id 13
mar. 23, 2026 4:42:37 P. M. org.eclipse.lsp4j.jsonrpc.RemoteEndpoint handleCancellation
ADVERTENCIA: Unmatched cancel notification for request id 14
2026.03.23 16:42:38 INFO  no build target found for C:\Users\Dayana\OneDrive\Escritorio\POO\Semana11\Ejercicio\Fase02Botones\GestionEstudiantes.java. Using fallback presentation compiler.
2026.03.23 16:42:38 INFO  no build target found for C:\Users\Dayana\OneDrive\Escritorio\POO\Semana11\Ejercicio\Fase02Botones\GestionEstudiantes.java. Using fallback presentation compiler.
2026.03.23 16:42:40 INFO  no build target found for C:\Users\Dayana\OneDrive\Escritorio\POO\Semana11\Ejercicio\Fase02Botones\GestionEstudiantes.java. Using fallback presentation compiler.
2026.03.23 16:42:42 INFO  no build target found for C:\Users\Dayana\OneDrive\Escritorio\POO\Semana11\Ejercicio\Fase02Botones\GestionEstudiantes.java. Using fallback presentation compiler.
mar. 23, 2026 4:42:52 P. M. org.eclipse.lsp4j.jsonrpc.services.GenericEndpoint notify
INFORMACIÓN: Unsupported notification method: $/setTrace
2026.03.23 16:42:52 INFO  no build target found for C:\Users\Dayana\OneDrive\Escritorio\POO\Semana11\Ejercicio\Fase02Botones\GestionEstudiantes.java. Using fallback presentation compiler.
mar. 23, 2026 4:42:55 P. M. org.eclipse.lsp4j.jsonrpc.services.GenericEndpoint notify
INFORMACIÓN: Unsupported notification method: $/setTrace
2026.03.23 16:42:55 INFO  no build target found for C:\Users\Dayana\OneDrive\Escritorio\POO\Semana11\Ejercicio\Fase02Botones\GestionEstudiantes.java. Using fallback presentation compiler.
2026.03.23 16:42:55 INFO  no build target found for C:\Users\Dayana\OneDrive\Escritorio\POO\Semana11\Ejercicio\Fase02Botones\GestionEstudiantes.java. Using fallback presentation compiler.
2026.03.23 16:43:45 INFO  no build target found for C:\Users\Dayana\OneDrive\Escritorio\POO\Semana11\Ejercicio\Fase02Botones\GestionEstudiantes.java. Using fallback presentation compiler.
mar. 23, 2026 4:50:31 P. M. org.eclipse.lsp4j.jsonrpc.services.GenericEndpoint notify
INFORMACIÓN: Unsupported notification method: $/setTrace
mar. 23, 2026 4:50:31 P. M. org.eclipse.lsp4j.jsonrpc.services.GenericEndpoint notify
INFORMACIÓN: Unsupported notification method: $/setTrace
mar. 23, 2026 4:50:57 P. M. org.eclipse.lsp4j.jsonrpc.services.GenericEndpoint notify
INFORMACIÓN: Unsupported notification method: $/setTrace
2026.03.23 16:51:33 INFO  Shutting down server
2026.03.23 16:51:33 INFO  Memory monitor stopped
2026.03.23 16:51:33 INFO  shutting down Metals
2026.03.23 16:51:33 INFO  Exiting server
2026.03.31 12:34:24 INFO  Started: Metals version 1.6.6 in folders 'C:\Users\Dayana\OneDrive\Escritorio\POO' for client Visual Studio Code 1.113.0.
2026.03.31 12:34:24 INFO  Memory monitor started
2026.03.31 12:34:25 WARN  Using H2 2.4.240 which is newer than the version Flyway has been verified with. The latest verified version of H2 is 2.3.232.
2026.03.31 12:34:25 INFO  no build target found for C:\Users\Dayana\OneDrive\Escritorio\POO\Semana11\Ejercicio\Fase02Botones\GestionEstudiantes.java. Using fallback presentation compiler.
2026.03.31 12:34:26 INFO  no build target found for C:\Users\Dayana\OneDrive\Escritorio\POO\Semana11\Ejercicio\Fase02Botones\GestionEstudiantes.java. Using fallback presentation compiler.
2026.03.31 12:34:26 WARN  no build tool detected in workspace 'C:\Users\Dayana\OneDrive\Escritorio\POO'. The most common cause for this problem is that the editor was opened in the wrong working directory, for example if you use sbt then the workspace directory should contain build.sbt. 
2026.03.31 12:34:26 WARN  Build server is not auto-connectable.
2026.03.31 12:34:26 WARN  no build target for: C:\Users\Dayana\OneDrive\Escritorio\POO\Semana11\Ejercicio\Fase02Botones\GestionEstudiantes.java
2026.03.31 12:34:26 INFO  no build target found for C:\Users\Dayana\OneDrive\Escritorio\POO\Semana11\Ejercicio\Fase02Botones\GestionEstudiantes.java. Using fallback presentation compiler.
mar. 31, 2026 12:34:29 P. M. org.eclipse.lsp4j.jsonrpc.services.GenericEndpoint notify
INFORMACIÓN: Unsupported notification method: $/setTrace
2026.03.31 12:34:30 WARN  no build target for: C:\Users\Dayana\OneDrive\Escritorio\POO\Semana11\Ejercicio\Fase02Botones\GestionEstudiantes.java
2026.03.31 12:34:30 INFO  no build target found for C:\Users\Dayana\OneDrive\Escritorio\POO\Semana11\Ejercicio\Fase02Botones\GestionEstudiantes.java. Using fallback presentation compiler.
2026.03.31 12:34:30 INFO  no build target found for C:\Users\Dayana\OneDrive\Escritorio\POO\Semana11\Ejercicio\Fase02Botones\GestionEstudiantes.java. Using fallback presentation compiler.
mar. 31, 2026 12:34:30 P. M. org.eclipse.lsp4j.jsonrpc.RemoteEndpoint handleCancellation
ADVERTENCIA: Unmatched cancel notification for request id 12
2026.03.31 12:34:30 INFO  no build target found for C:\Users\Dayana\OneDrive\Escritorio\POO\Semana11\Ejercicio\Fase02Botones\GestionEstudiantes.java. Using fallback presentation compiler.
2026.03.31 12:34:30 INFO  no build target found for C:\Users\Dayana\OneDrive\Escritorio\POO\Semana11\Ejercicio\Fase02Botones\GestionEstudiantes.java. Using fallback presentation compiler.
2026.03.31 12:34:31 INFO  no build target found for C:\Users\Dayana\OneDrive\Escritorio\POO\Semana11\Ejercicio\Fase02Botones\GestionEstudiantes.java. Using fallback presentation compiler.
2026.03.31 12:34:31 WARN  no build target for: C:\Users\Dayana\OneDrive\Escritorio\POO\Semana11\Ejercicio\Fase02Botones\Estudiante.java
2026.03.31 12:34:31 INFO  no build target found for C:\Users\Dayana\OneDrive\Escritorio\POO\Semana11\Ejercicio\Fase02Botones\Estudiante.java. Using fallback presentation compiler.
2026.03.31 12:34:32 INFO  no build target found for C:\Users\Dayana\OneDrive\Escritorio\POO\Semana11\Ejercicio\Fase02Botones\Estudiante.java. Using fallback presentation compiler.
2026.03.31 12:34:31 INFO  no build target found for C:\Users\Dayana\OneDrive\Escritorio\POO\Semana11\Ejercicio\Fase02Botones\Estudiante.java. Using fallback presentation compiler.
2026.03.31 12:34:31 INFO  no build target found for C:\Users\Dayana\OneDrive\Escritorio\POO\Semana11\Ejercicio\Fase02Botones\Estudiante.java. Using fallback presentation compiler.
2026.03.31 12:34:32 INFO  no build target found for C:\Users\Dayana\OneDrive\Escritorio\POO\Semana11\Ejercicio\Fase02Botones\Estudiante.java. Using fallback presentation compiler.
2026.03.31 12:34:31 INFO  no build target found for C:\Users\Dayana\OneDrive\Escritorio\POO\Semana11\Ejercicio\Fase02Botones\Estudiante.java. Using fallback presentation compiler.
2026.03.31 12:34:33 INFO  no build target found for C:\Users\Dayana\OneDrive\Escritorio\POO\Semana11\Ejercicio\Fase02Botones\Estudiante.java. Using fallback presentation compiler.
2026.03.31 12:34:33 INFO  no build target found for C:\Users\Dayana\OneDrive\Escritorio\POO\Semana11\Ejercicio\Fase02Botones\Estudiante.java. Using fallback presentation compiler.
2026.03.31 12:34:35 INFO  no build target found for C:\Users\Dayana\OneDrive\Escritorio\POO\Semana11\Ejercicio\Fase02Botones\Estudiante.java. Using fallback presentation compiler.
2026.03.31 12:34:35 WARN  no build target for: C:\Users\Dayana\OneDrive\Escritorio\POO\Semana11\Ejercicio\Fase02Botones\GestionEstudiantes.java
2026.03.31 12:34:35 INFO  no build target found for C:\Users\Dayana\OneDrive\Escritorio\POO\Semana11\Ejercicio\Fase02Botones\GestionEstudiantes.java. Using fallback presentation compiler.
2026.03.31 12:34:35 INFO  no build target found for C:\Users\Dayana\OneDrive\Escritorio\POO\Semana11\Ejercicio\Fase02Botones\GestionEstudiantes.java. Using fallback presentation compiler.
2026.03.31 12:34:35 INFO  no build target found for C:\Users\Dayana\OneDrive\Escritorio\POO\Semana11\Ejercicio\Fase02Botones\GestionEstudiantes.java. Using fallback presentation compiler.
2026.03.31 12:34:35 INFO  no build target found for C:\Users\Dayana\OneDrive\Escritorio\POO\Semana11\Ejercicio\Fase02Botones\GestionEstudiantes.java. Using fallback presentation compiler.
2026.03.31 12:34:35 INFO  no build target found for C:\Users\Dayana\OneDrive\Escritorio\POO\Semana11\Ejercicio\Fase02Botones\GestionEstudiantes.java. Using fallback presentation compiler.
2026.03.31 12:34:40 INFO  no build target found for C:\Users\Dayana\OneDrive\Escritorio\POO\Semana11\Ejercicio\Fase02Botones\GestionEstudiantes.java. Using fallback presentation compiler.
2026.03.31 12:34:43 INFO  Shutting down server
2026.03.31 12:34:43 INFO  Memory monitor stopped
2026.03.31 12:34:43 INFO  shutting down Metals
2026.03.31 12:34:43 INFO  Exiting server
2026.03.31 12:35:11 INFO  Started: Metals version 1.6.6 in folders 'C:\Users\Dayana\OneDrive\Escritorio\POO' for client Visual Studio Code 1.113.0.
2026.03.31 12:35:11 INFO  Memory monitor started
2026.03.31 12:35:13 WARN  Using H2 2.4.240 which is newer than the version Flyway has been verified with. The latest verified version of H2 is 2.3.232.
2026.03.31 12:35:14 INFO  no build target found for C:\Users\Dayana\OneDrive\Escritorio\POO\Semana11\Ejercicio\Fase02Botones\GestionEstudiantes.java. Using fallback presentation compiler.
2026.03.31 12:35:16 INFO  no build target found for C:\Users\Dayana\OneDrive\Escritorio\POO\Semana11\Ejercicio\Fase02Botones\GestionEstudiantes.java. Using fallback presentation compiler.
mar. 31, 2026 12:35:17 P. M. org.eclipse.lsp4j.jsonrpc.RemoteEndpoint handleCancellation
ADVERTENCIA: Unmatched cancel notification for request id 7
2026.03.31 12:35:16 INFO  no build target found for C:\Users\Dayana\OneDrive\Escritorio\POO\Semana11\Ejercicio\Fase02Botones\GestionEstudiantes.java. Using fallback presentation compiler.
2026.03.31 12:35:17 INFO  no build target found for C:\Users\Dayana\OneDrive\Escritorio\POO\Semana11\Ejercicio\Fase02Botones\GestionEstudiantes.java. Using fallback presentation compiler.
2026.03.31 12:35:18 WARN  no build tool detected in workspace 'C:\Users\Dayana\OneDrive\Escritorio\POO'. The most common cause for this problem is that the editor was opened in the wrong working directory, for example if you use sbt then the workspace directory should contain build.sbt. 
2026.03.31 12:35:19 WARN  Build server is not auto-connectable.
2026.03.31 12:35:19 WARN  no build target for: C:\Users\Dayana\OneDrive\Escritorio\POO\Semana11\Ejercicio\Fase02Botones\GestionEstudiantes.java
2026.03.31 12:35:23 INFO  time: code lens generation in 4.01s
2026.03.31 12:35:23 INFO  time: code lens generation in 4.03s
2026.03.31 12:35:27 INFO  no build target found for C:\Users\Dayana\OneDrive\Escritorio\POO\Semana11\Ejercicio\Fase02Botones\GestionEstudiantes.java. Using fallback presentation compiler.
2026.03.31 12:35:29 INFO  no build target found for C:\Users\Dayana\OneDrive\Escritorio\POO\Semana11\Ejercicio\Fase02Botones\GestionEstudiantes.java. Using fallback presentation compiler.
